conf_1,conf_2,conf_3,conf_4,conf_5,conf_6,conf_7,conf_8,case_type,conformer_entropy_norm
0.3489409586867008,0.0027009487485741158,0.05627434909344384,0.028308731261298157,0.3309563134539842,0.1681083323510538,0.06471036640494508,0.0,TP,0.7652386655780291
0.14285714285714285,0.14285714285714285,0.14285714285714285,0.14285714285714285,0.14285714285714285,0.14285714285714285,0.14285714285714285,0.0,TP,0.9999999999964029
0.14285714285714285,0.14285714285714285,0.14285714285714285,0.14285714285714285,0.14285714285714285,0.14285714285714285,0.14285714285714285,0.0,TP,0.9999999999964029
0.14285714285714285,0.14285714285714285,0.14285714285714285,0.14285714285714285,0.14285714285714285,0.14285714285714285,0.14285714285714285,0.0,TP,0.9999999999964029
0.14285714285714285,0.14285714285714285,0.14285714285714285,0.14285714285714285,0.14285714285714285,0.14285714285714285,0.14285714285714285,0.0,TP,0.9999999999964029
0.14285714285714285,0.14285714285714285,0.14285714285714285,0.14285714285714285,0.14285714285714285,0.14285714285714285,0.14285714285714285,0.0,TP,0.9999999999964029
0.14285714285714285,0.14285714285714285,0.14285714285714285,0.14285714285714285,0.14285714285714285,0.14285714285714285,0.14285714285714285,0.0,TP,0.9999999999964029
0.14285714285714285,0.14285714285714285,0.14285714285714285,0.14285714285714285,0.14285714285714285,0.14285714285714285,0.14285714285714285,0.0,TP,0.9999999999964029
0.14285714285714285,0.14285714285714285,0.14285714285714285,0.14285714285714285,0.14285714285714285,0.14285714285714285,0.14285714285714285,0.0,TP,0.9999999999964029
0.14285714285714285,0.14285714285714285,0.14285714285714285,0.14285714285714285,0.14285714285714285,0.14285714285714285,0.14285714285714285,0.0,TP,0.9999999999964029
0.14285714285714285,0.14285714285714285,0.14285714285714285,0.14285714285714285,0.14285714285714285,0.14285714285714285,0.14285714285714285,0.0,TP,0.9999999999964029
0.14285714285714285,0.14285714285714285,0.14285714285714285,0.14285714285714285,0.14285714285714285,0.14285714285714285,0.14285714285714285,0.0,TP,0.9999999999964029
0.14379205305553117,0.028881937617572226,0.042186010626045094,0.4610142954838937,0.0493055777477763,0.2518416555599405,0.02297846990924102,0.0,TP,0.7472803147758391
0.21634700987657818,0.293219296969848,0.057836958460098384,0.019588260906669566,0.1018157999290216,0.30761902114252665,0.003573652715257474,0.0,TP,0.7956188669439903
0.14285714285714285,0.14285714285714285,0.14285714285714285,0.14285714285714285,0.14285714285714285,0.14285714285714285,0.14285714285714285,0.0,TP,0.9999999999964029
0.434322959418454,0.02246073344228673,0.0034161727318574604,0.1942338012226546,0.01456123535821781,0.009262994906933105,0.27348402717778275,0.04825807574181361,TP,0.6689147878838566
0.14285714285714285,0.14285714285714285,0.14285714285714285,0.14285714285714285,0.14285714285714285,0.14285714285714285,0.14285714285714285,0.0,TP,0.9999999999964029
0.14285714285714285,0.14285714285714285,0.14285714285714285,0.14285714285714285,0.14285714285714285,0.14285714285714285,0.14285714285714285,0.0,TP,0.9999999999964029
0.14285714285714285,0.14285714285714285,0.14285714285714285,0.14285714285714285,0.14285714285714285,0.14285714285714285,0.14285714285714285,0.0,TP,0.9999999999964029
0.14285714285714285,0.14285714285714285,0.14285714285714285,0.14285714285714285,0.14285714285714285,0.14285714285714285,0.14285714285714285,0.0,TP,0.9999999999964029
0.14285714285714285,0.14285714285714285,0.14285714285714285,0.14285714285714285,0.14285714285714285,0.14285714285714285,0.14285714285714285,0.0,TP,0.9999999999964029
0.20358493640587025,0.05566969250178497,0.0216500536868581,0.03745634696336434,0.03473978398913648,0.052001390830649995,0.3504354730037185,0.2444623226186173,TP,0.8046074132772271
0.14285714285714285,0.14285714285714285,0.14285714285714285,0.14285714285714285,0.14285714285714285,0.14285714285714285,0.14285714285714285,0.0,TP,0.9999999999964029
0.14285714285714285,0.14285714285714285,0.14285714285714285,0.14285714285714285,0.14285714285714285,0.14285714285714285,0.14285714285714285,0.0,TP,0.9999999999964029
0.023337951283066986,0.0014918432131339463,0.10432276747370622,0.1474896368042379,0.00028074511433902387,0.6775252495781139,0.04555180653340203,0.0,TP,0.5253399618683142
0.061596498644819135,0.24888752667182676,0.014273310125647117,0.1108675034716616,0.14673259926348559,0.1679292468326147,0.24971331498994506,0.0,TP,0.8993229969278684
0.38042762851973155,0.016735725790755412,0.2247329780083703,0.07301049028776789,0.07947453701372291,2.210596734942526e-05,0.2255965344123025,0.0,TP,0.7708976616235372
0.14285714285714285,0.14285714285714285,0.14285714285714285,0.14285714285714285,0.14285714285714285,0.14285714285714285,0.14285714285714285,0.0,TP,0.9999999999964029
0.14285714285714285,0.14285714285714285,0.14285714285714285,0.14285714285714285,0.14285714285714285,0.14285714285714285,0.14285714285714285,0.0,TP,0.9999999999964029
0.14285714285714285,0.14285714285714285,0.14285714285714285,0.14285714285714285,0.14285714285714285,0.14285714285714285,0.14285714285714285,0.0,TP,0.9999999999964029
0.14285714285714285,0.14285714285714285,0.14285714285714285,0.14285714285714285,0.14285714285714285,0.14285714285714285,0.14285714285714285,0.0,TP,0.9999999999964029
0.14285714285714285,0.14285714285714285,0.14285714285714285,0.14285714285714285,0.14285714285714285,0.14285714285714285,0.14285714285714285,0.0,TP,0.9999999999964029
0.28181694144213065,0.2825125667862766,0.11059770317449949,0.032865967363430365,0.04469645216087447,0.23399612017288518,0.013514248899903263,0.0,TP,0.8256995163839059
0.14285714285714285,0.14285714285714285,0.14285714285714285,0.14285714285714285,0.14285714285714285,0.14285714285714285,0.14285714285714285,0.0,TP,0.9999999999964029
0.14285714285714285,0.14285714285714285,0.14285714285714285,0.14285714285714285,0.14285714285714285,0.14285714285714285,0.14285714285714285,0.0,TP,0.9999999999964029
0.14285714285714285,0.14285714285714285,0.14285714285714285,0.14285714285714285,0.14285714285714285,0.14285714285714285,0.14285714285714285,0.0,TP,0.9999999999964029
0.14285714285714285,0.14285714285714285,0.14285714285714285,0.14285714285714285,0.14285714285714285,0.14285714285714285,0.14285714285714285,0.0,TP,0.9999999999964029
0.14285714285714285,0.14285714285714285,0.14285714285714285,0.14285714285714285,0.14285714285714285,0.14285714285714285,0.14285714285714285,0.0,TP,0.9999999999964029
0.14285714285714285,0.14285714285714285,0.14285714285714285,0.14285714285714285,0.14285714285714285,0.14285714285714285,0.14285714285714285,0.0,TP,0.9999999999964029
0.14285714285714285,0.14285714285714285,0.14285714285714285,0.14285714285714285,0.14285714285714285,0.14285714285714285,0.14285714285714285,0.0,TP,0.9999999999964029
0.14285714285714285,0.14285714285714285,0.14285714285714285,0.14285714285714285,0.14285714285714285,0.14285714285714285,0.14285714285714285,0.0,TP,0.9999999999964029
0.14285714285714285,0.14285714285714285,0.14285714285714285,0.14285714285714285,0.14285714285714285,0.14285714285714285,0.14285714285714285,0.0,TP,0.9999999999964029
0.14285714285714285,0.14285714285714285,0.14285714285714285,0.14285714285714285,0.14285714285714285,0.14285714285714285,0.14285714285714285,0.0,TP,0.9999999999964029
0.14285714285714285,0.14285714285714285,0.14285714285714285,0.14285714285714285,0.14285714285714285,0.14285714285714285,0.14285714285714285,0.0,TP,0.9999999999964029
0.34652683678839913,0.02036523140750934,0.03886116129711641,0.3949784000524572,0.08014797188491918,0.07337364746635133,2.3300732974329903e-05,0.04572345037027322,TP,0.7092897998119788
0.14285714285714285,0.14285714285714285,0.14285714285714285,0.14285714285714285,0.14285714285714285,0.14285714285714285,0.14285714285714285,0.0,TP,0.9999999999964029
0.09157638567861293,0.1665439566207133,0.023237582151388967,0.08111855409594364,0.19924822770051515,0.17434912473903313,0.1622671403022545,0.10165902871153842,TP,0.9435610673679563
0.14285714285714285,0.14285714285714285,0.14285714285714285,0.14285714285714285,0.14285714285714285,0.14285714285714285,0.14285714285714285,0.0,TP,0.9999999999964029
0.14285714285714285,0.14285714285714285,0.14285714285714285,0.14285714285714285,0.14285714285714285,0.14285714285714285,0.14285714285714285,0.0,TP,0.9999999999964029
0.14285714285714285,0.14285714285714285,0.14285714285714285,0.14285714285714285,0.14285714285714285,0.14285714285714285,0.14285714285714285,0.0,TP,0.9999999999964029
0.14285714285714285,0.14285714285714285,0.14285714285714285,0.14285714285714285,0.14285714285714285,0.14285714285714285,0.14285714285714285,0.0,TP,0.9999999999964029
0.14285714285714285,0.14285714285714285,0.14285714285714285,0.14285714285714285,0.14285714285714285,0.14285714285714285,0.14285714285714285,0.0,TP,0.9999999999964029
0.03020749509464846,0.033442403280296816,0.08033025510474526,0.1140742655145062,0.05010672348375779,0.15687857511250955,0.5349602824095361,0.0,TP,0.7424758604003368
0.14285714285714285,0.14285714285714285,0.14285714285714285,0.14285714285714285,0.14285714285714285,0.14285714285714285,0.14285714285714285,0.0,TP,0.9999999999964029
0.14285714285714285,0.14285714285714285,0.14285714285714285,0.14285714285714285,0.14285714285714285,0.14285714285714285,0.14285714285714285,0.0,TP,0.9999999999964029
0.10105568029194935,0.1989775695839087,0.09840780636839848,0.17696709776952513,0.31753651679581746,0.09800772969743536,0.009047599492965524,0.0,TP,0.8849393697679337
0.14285714285714285,0.14285714285714285,0.14285714285714285,0.14285714285714285,0.14285714285714285,0.14285714285714285,0.14285714285714285,0.0,TP,0.9999999999964029
0.14285714285714285,0.14285714285714285,0.14285714285714285,0.14285714285714285,0.14285714285714285,0.14285714285714285,0.14285714285714285,0.0,TP,0.9999999999964029
0.14285714285714285,0.14285714285714285,0.14285714285714285,0.14285714285714285,0.14285714285714285,0.14285714285714285,0.14285714285714285,0.0,TP,0.9999999999964029
0.14285714285714285,0.14285714285714285,0.14285714285714285,0.14285714285714285,0.14285714285714285,0.14285714285714285,0.14285714285714285,0.0,TP,0.9999999999964029
0.14285714285714285,0.14285714285714285,0.14285714285714285,0.14285714285714285,0.14285714285714285,0.14285714285714285,0.14285714285714285,0.0,TP,0.9999999999964029
0.14285714285714285,0.14285714285714285,0.14285714285714285,0.14285714285714285,0.14285714285714285,0.14285714285714285,0.14285714285714285,0.0,TP,0.9999999999964029
0.14285714285714285,0.14285714285714285,0.14285714285714285,0.14285714285714285,0.14285714285714285,0.14285714285714285,0.14285714285714285,0.0,TP,0.9999999999964029
0.14285714285714285,0.14285714285714285,0.14285714285714285,0.14285714285714285,0.14285714285714285,0.14285714285714285,0.14285714285714285,0.0,TP,0.9999999999964029
0.14285714285714285,0.14285714285714285,0.14285714285714285,0.14285714285714285,0.14285714285714285,0.14285714285714285,0.14285714285714285,0.0,TP,0.9999999999964029
0.14285714285714285,0.14285714285714285,0.14285714285714285,0.14285714285714285,0.14285714285714285,0.14285714285714285,0.14285714285714285,0.0,TP,0.9999999999964029
0.14285714285714285,0.14285714285714285,0.14285714285714285,0.14285714285714285,0.14285714285714285,0.14285714285714285,0.14285714285714285,0.0,TP,0.9999999999964029
0.11238291461164229,0.04182184388492846,0.4086223822837693,0.04982108273532838,0.16284666504361914,0.09521342893359541,0.02339875894482074,0.10589292356229608,TP,0.8361056796419998
0.025008406026251123,0.05827427606481662,0.03943844795653409,0.29891494856311207,0.06908299050343875,0.08634453159223943,0.4133498112391051,0.009586588054503022,TP,0.746456745517125
0.14285714285714285,0.14285714285714285,0.14285714285714285,0.14285714285714285,0.14285714285714285,0.14285714285714285,0.14285714285714285,0.0,TP,0.9999999999964029
0.06529265673240042,0.03639752324939834,0.007573978038029154,0.26789057637611324,0.20884203396380255,0.2768685278625126,0.09364257464887248,0.04349212912887103,TP,0.8316564862164961
0.12555030891100788,0.030641825320031988,0.15149995285297915,0.0018842840287108629,0.0333722981285974,0.43857655500035625,0.21847477575831634,0.0,TP,0.7566226226437401
0.14285714285714285,0.14285714285714285,0.14285714285714285,0.14285714285714285,0.14285714285714285,0.14285714285714285,0.14285714285714285,0.0,TP,0.9999999999964029
0.14285714285714285,0.14285714285714285,0.14285714285714285,0.14285714285714285,0.14285714285714285,0.14285714285714285,0.14285714285714285,0.0,TP,0.9999999999964029
0.05061096403092382,0.05738126171083361,0.03396047594811615,0.01344574817002235,0.04428502911740057,0.31676090350933434,0.15717238729997696,0.3263832302133922,TP,0.7916951743428803
0.14285714285714285,0.14285714285714285,0.14285714285714285,0.14285714285714285,0.14285714285714285,0.14285714285714285,0.14285714285714285,0.0,TP,0.9999999999964029
0.035168078653320646,0.513411551284999,0.04963593525006152,0.20017856545319782,0.12261883712727766,0.024305617436356876,0.05468141479478665,0.0,TP,0.7388127549771375
0.14285714285714285,0.14285714285714285,0.14285714285714285,0.14285714285714285,0.14285714285714285,0.14285714285714285,0.14285714285714285,0.0,TP,0.9999999999964029
0.14285714285714285,0.14285714285714285,0.14285714285714285,0.14285714285714285,0.14285714285714285,0.14285714285714285,0.14285714285714285,0.0,TP,0.9999999999964029
0.14285714285714285,0.14285714285714285,0.14285714285714285,0.14285714285714285,0.14285714285714285,0.14285714285714285,0.14285714285714285,0.0,TP,0.9999999999964029
0.1072835692316013,0.2327851287081761,0.024338203978798052,0.0051687950175138345,0.32909910986036556,0.012879959222572825,0.1311488165764782,0.15729641740449418,TP,0.8058046478976308
0.06809975373215604,0.08213730315682191,0.27240475339570686,0.056819076516574286,0.023791795757449188,0.4765555263130746,0.020191791128217153,0.0,TP,0.7330320771428459
0.10960712890570307,0.13627284138004303,0.006905727935739693,0.04219707252903353,0.08759223193865145,0.473538011613424,0.1146670893824528,0.02921989631495268,TP,0.76977451225917
0.14285714285714285,0.14285714285714285,0.14285714285714285,0.14285714285714285,0.14285714285714285,0.14285714285714285,0.14285714285714285,0.0,TP,0.9999999999964029
0.14285714285714285,0.14285714285714285,0.14285714285714285,0.14285714285714285,0.14285714285714285,0.14285714285714285,0.14285714285714285,0.0,TP,0.9999999999964029
0.14285714285714285,0.14285714285714285,0.14285714285714285,0.14285714285714285,0.14285714285714285,0.14285714285714285,0.14285714285714285,0.0,TP,0.9999999999964029
0.14285714285714285,0.14285714285714285,0.14285714285714285,0.14285714285714285,0.14285714285714285,0.14285714285714285,0.14285714285714285,0.0,TP,0.9999999999964029
0.024201156526015323,0.19186326970184797,0.13818428677288722,0.14038026324117062,0.37955348442235537,0.021121825497688228,0.022720410478021803,0.08197530336001338,TP,0.815670952522812
0.14285714285714285,0.14285714285714285,0.14285714285714285,0.14285714285714285,0.14285714285714285,0.14285714285714285,0.14285714285714285,0.0,TP,0.9999999999964029
0.14285714285714285,0.14285714285714285,0.14285714285714285,0.14285714285714285,0.14285714285714285,0.14285714285714285,0.14285714285714285,0.0,TP,0.9999999999964029
0.14285714285714285,0.14285714285714285,0.14285714285714285,0.14285714285714285,0.14285714285714285,0.14285714285714285,0.14285714285714285,0.0,TP,0.9999999999964029
0.14285714285714285,0.14285714285714285,0.14285714285714285,0.14285714285714285,0.14285714285714285,0.14285714285714285,0.14285714285714285,0.0,TP,0.9999999999964029
0.14285714285714285,0.14285714285714285,0.14285714285714285,0.14285714285714285,0.14285714285714285,0.14285714285714285,0.14285714285714285,0.0,TP,0.9999999999964029
0.14285714285714285,0.14285714285714285,0.14285714285714285,0.14285714285714285,0.14285714285714285,0.14285714285714285,0.14285714285714285,0.0,TP,0.9999999999964029
0.14285714285714285,0.14285714285714285,0.14285714285714285,0.14285714285714285,0.14285714285714285,0.14285714285714285,0.14285714285714285,0.0,TP,0.9999999999964029
0.03129508151138962,0.3989017482976341,0.1530680429562144,0.2829994911433521,0.078997200057574,0.05112478855557874,0.0036136474782570323,0.0,TP,0.7669444317109857
0.14285714285714285,0.14285714285714285,0.14285714285714285,0.14285714285714285,0.14285714285714285,0.14285714285714285,0.14285714285714285,0.0,TP,0.9999999999964029
0.14285714285714285,0.14285714285714285,0.14285714285714285,0.14285714285714285,0.14285714285714285,0.14285714285714285,0.14285714285714285,0.0,TP,0.9999999999964029
0.14285714285714285,0.14285714285714285,0.14285714285714285,0.14285714285714285,0.14285714285714285,0.14285714285714285,0.14285714285714285,0.0,TP,0.9999999999964029
0.14285714285714285,0.14285714285714285,0.14285714285714285,0.14285714285714285,0.14285714285714285,0.14285714285714285,0.14285714285714285,0.0,TP,0.9999999999964029
0.14285714285714285,0.14285714285714285,0.14285714285714285,0.14285714285714285,0.14285714285714285,0.14285714285714285,0.14285714285714285,0.0,TP,0.9999999999964029
0.14285714285714285,0.14285714285714285,0.14285714285714285,0.14285714285714285,0.14285714285714285,0.14285714285714285,0.14285714285714285,0.0,TP,0.9999999999964029
0.08465205156536522,0.05108475307142675,0.44893874105574755,0.04988860252971245,0.15306224791307946,0.10830948209057022,0.058299518871153706,0.04576460290294463,TP,0.8199050648047707
0.1628754649750015,0.3689503039923027,0.0035376059628233246,0.03281308071634271,0.18346141545834274,0.02753472695024345,0.22082740194494344,0.0,TP,0.7909391675260621
0.14285714285714285,0.14285714285714285,0.14285714285714285,0.14285714285714285,0.14285714285714285,0.14285714285714285,0.14285714285714285,0.0,TP,0.9999999999964029
0.14285714285714285,0.14285714285714285,0.14285714285714285,0.14285714285714285,0.14285714285714285,0.14285714285714285,0.14285714285714285,0.0,TP,0.9999999999964029
0.14285714285714285,0.14285714285714285,0.14285714285714285,0.14285714285714285,0.14285714285714285,0.14285714285714285,0.14285714285714285,0.0,TP,0.9999999999964029
0.14285714285714285,0.14285714285714285,0.14285714285714285,0.14285714285714285,0.14285714285714285,0.14285714285714285,0.14285714285714285,0.0,TP,0.9999999999964029
0.2180692576756381,0.2299126309767933,0.05672740355798081,0.034682232920720715,0.0003439788652407045,0.1183600131621604,0.3419044828414659,0.0,TP,0.807705453057511
0.14285714285714285,0.14285714285714285,0.14285714285714285,0.14285714285714285,0.14285714285714285,0.14285714285714285,0.14285714285714285,0.0,TP,0.9999999999964029
0.14285714285714285,0.14285714285714285,0.14285714285714285,0.14285714285714285,0.14285714285714285,0.14285714285714285,0.14285714285714285,0.0,TP,0.9999999999964029
0.0636319252719445,0.04707543789260322,0.07411037980207268,0.18457037849143798,0.3423660867817467,0.14274777162905336,0.1454980201311416,0.0,TP,0.8989042973948216
0.14285714285714285,0.14285714285714285,0.14285714285714285,0.14285714285714285,0.14285714285714285,0.14285714285714285,0.14285714285714285,0.0,TP,0.9999999999964029
0.14285714285714285,0.14285714285714285,0.14285714285714285,0.14285714285714285,0.14285714285714285,0.14285714285714285,0.14285714285714285,0.0,TP,0.9999999999964029
0.14285714285714285,0.14285714285714285,0.14285714285714285,0.14285714285714285,0.14285714285714285,0.14285714285714285,0.14285714285714285,0.0,TP,0.9999999999964029
0.021557892746831734,0.16776199358058239,0.018800651032082293,0.0443013167866374,0.1939615112793478,0.3559868808867844,0.08516417671051653,0.11246557697721755,TP,0.8349930677840502
0.14285714285714285,0.14285714285714285,0.14285714285714285,0.14285714285714285,0.14285714285714285,0.14285714285714285,0.14285714285714285,0.0,TP,0.9999999999964029
0.0027516621306337857,0.17438736146906106,0.16821368934773792,0.02147515617452089,0.019270900871819433,0.17228229102389359,0.180649081386686,0.26096985759564734,TP,0.837675306433415
0.14285714285714285,0.14285714285714285,0.14285714285714285,0.14285714285714285,0.14285714285714285,0.14285714285714285,0.14285714285714285,0.0,TP,0.9999999999964029
0.19027531036738196,0.02116040908044266,0.10348245420885441,0.344736114208005,0.20728783554621938,0.11884724899302061,0.014210627596075982,0.0,TP,0.8422582557409692
0.14285714285714285,0.14285714285714285,0.14285714285714285,0.14285714285714285,0.14285714285714285,0.14285714285714285,0.14285714285714285,0.0,TP,0.9999999999964029
0.14285714285714285,0.14285714285714285,0.14285714285714285,0.14285714285714285,0.14285714285714285,0.14285714285714285,0.14285714285714285,0.0,TP,0.9999999999964029
0.14285714285714285,0.14285714285714285,0.14285714285714285,0.14285714285714285,0.14285714285714285,0.14285714285714285,0.14285714285714285,0.0,TP,0.9999999999964029
0.14285714285714285,0.14285714285714285,0.14285714285714285,0.14285714285714285,0.14285714285714285,0.14285714285714285,0.14285714285714285,0.0,TP,0.9999999999964029
0.14285714285714285,0.14285714285714285,0.14285714285714285,0.14285714285714285,0.14285714285714285,0.14285714285714285,0.14285714285714285,0.0,TP,0.9999999999964029
0.14285714285714285,0.14285714285714285,0.14285714285714285,0.14285714285714285,0.14285714285714285,0.14285714285714285,0.14285714285714285,0.0,TP,0.9999999999964029
0.14285714285714285,0.14285714285714285,0.14285714285714285,0.14285714285714285,0.14285714285714285,0.14285714285714285,0.14285714285714285,0.0,TP,0.9999999999964029
0.14285714285714285,0.14285714285714285,0.14285714285714285,0.14285714285714285,0.14285714285714285,0.14285714285714285,0.14285714285714285,0.0,TP,0.9999999999964029
0.14285714285714285,0.14285714285714285,0.14285714285714285,0.14285714285714285,0.14285714285714285,0.14285714285714285,0.14285714285714285,0.0,TP,0.9999999999964029
0.14285714285714285,0.14285714285714285,0.14285714285714285,0.14285714285714285,0.14285714285714285,0.14285714285714285,0.14285714285714285,0.0,TP,0.9999999999964029
0.14285714285714285,0.14285714285714285,0.14285714285714285,0.14285714285714285,0.14285714285714285,0.14285714285714285,0.14285714285714285,0.0,TP,0.9999999999964029
0.14285714285714285,0.14285714285714285,0.14285714285714285,0.14285714285714285,0.14285714285714285,0.14285714285714285,0.14285714285714285,0.0,TP,0.9999999999964029
0.14285714285714285,0.14285714285714285,0.14285714285714285,0.14285714285714285,0.14285714285714285,0.14285714285714285,0.14285714285714285,0.0,TP,0.9999999999964029
0.14285714285714285,0.14285714285714285,0.14285714285714285,0.14285714285714285,0.14285714285714285,0.14285714285714285,0.14285714285714285,0.0,TP,0.9999999999964029
0.14285714285714285,0.14285714285714285,0.14285714285714285,0.14285714285714285,0.14285714285714285,0.14285714285714285,0.14285714285714285,0.0,TP,0.9999999999964029
0.14285714285714285,0.14285714285714285,0.14285714285714285,0.14285714285714285,0.14285714285714285,0.14285714285714285,0.14285714285714285,0.0,TP,0.9999999999964029
0.14285714285714285,0.14285714285714285,0.14285714285714285,0.14285714285714285,0.14285714285714285,0.14285714285714285,0.14285714285714285,0.0,TP,0.9999999999964029
0.12591645622939077,0.1312455061922707,0.009054864315805572,0.22657284648378795,0.1998255196346598,0.017365044205533236,0.14553490613541625,0.14448485680313572,TP,0.8937988167687735
0.18202291222599146,0.003828509343679252,0.04333769464380707,0.5159124942831833,0.008494509070064448,0.06570374809290057,0.18070013234037394,0.0,TP,0.6872995719112007
0.06830019924827337,0.024315315413434416,0.06273480638782625,0.5500926269635497,0.09136014756160385,0.16713548367176473,0.03606142075354764,0.0,TP,0.7264396814453964
0.14285714285714285,0.14285714285714285,0.14285714285714285,0.14285714285714285,0.14285714285714285,0.14285714285714285,0.14285714285714285,0.0,TP,0.9999999999964029
0.14285714285714285,0.14285714285714285,0.14285714285714285,0.14285714285714285,0.14285714285714285,0.14285714285714285,0.14285714285714285,0.0,TP,0.9999999999964029
0.14285714285714285,0.14285714285714285,0.14285714285714285,0.14285714285714285,0.14285714285714285,0.14285714285714285,0.14285714285714285,0.0,TP,0.9999999999964029
0.14285714285714285,0.14285714285714285,0.14285714285714285,0.14285714285714285,0.14285714285714285,0.14285714285714285,0.14285714285714285,0.0,TP,0.9999999999964029
0.14285714285714285,0.14285714285714285,0.14285714285714285,0.14285714285714285,0.14285714285714285,0.14285714285714285,0.14285714285714285,0.0,TP,0.9999999999964029
0.14285714285714285,0.14285714285714285,0.14285714285714285,0.14285714285714285,0.14285714285714285,0.14285714285714285,0.14285714285714285,0.0,TP,0.9999999999964029
0.14285714285714285,0.14285714285714285,0.14285714285714285,0.14285714285714285,0.14285714285714285,0.14285714285714285,0.14285714285714285,0.0,TP,0.9999999999964029
0.14285714285714285,0.14285714285714285,0.14285714285714285,0.14285714285714285,0.14285714285714285,0.14285714285714285,0.14285714285714285,0.0,TP,0.9999999999964029
0.14285714285714285,0.14285714285714285,0.14285714285714285,0.14285714285714285,0.14285714285714285,0.14285714285714285,0.14285714285714285,0.0,TP,0.9999999999964029
0.14285714285714285,0.14285714285714285,0.14285714285714285,0.14285714285714285,0.14285714285714285,0.14285714285714285,0.14285714285714285,0.0,TP,0.9999999999964029
0.14285714285714285,0.14285714285714285,0.14285714285714285,0.14285714285714285,0.14285714285714285,0.14285714285714285,0.14285714285714285,0.0,TP,0.9999999999964029
0.042230217697790604,0.24314729061447685,0.17742874946412585,0.00801614303371822,0.08167793435394337,0.23637443599909658,0.2111252288368485,0.0,TP,0.8720168602538707
0.14285714285714285,0.14285714285714285,0.14285714285714285,0.14285714285714285,0.14285714285714285,0.14285714285714285,0.14285714285714285,0.0,TP,0.9999999999964029
0.14285714285714285,0.14285714285714285,0.14285714285714285,0.14285714285714285,0.14285714285714285,0.14285714285714285,0.14285714285714285,0.0,TP,0.9999999999964029
0.14285714285714285,0.14285714285714285,0.14285714285714285,0.14285714285714285,0.14285714285714285,0.14285714285714285,0.14285714285714285,0.0,TP,0.9999999999964029
0.14285714285714285,0.14285714285714285,0.14285714285714285,0.14285714285714285,0.14285714285714285,0.14285714285714285,0.14285714285714285,0.0,TP,0.9999999999964029
0.14285714285714285,0.14285714285714285,0.14285714285714285,0.14285714285714285,0.14285714285714285,0.14285714285714285,0.14285714285714285,0.0,TP,0.9999999999964029
0.14285714285714285,0.14285714285714285,0.14285714285714285,0.14285714285714285,0.14285714285714285,0.14285714285714285,0.14285714285714285,0.0,TP,0.9999999999964029
0.33121554780979806,0.19537730300966255,0.18563647805012076,0.09533013807680109,0.004679692113854436,0.17899853794391554,0.008762302995847564,0.0,TP,0.8203021078511097
0.14285714285714285,0.14285714285714285,0.14285714285714285,0.14285714285714285,0.14285714285714285,0.14285714285714285,0.14285714285714285,0.0,TP,0.9999999999964029
0.04726421267634111,0.014113417323950661,0.12094329171524676,0.2153696454054751,0.1042187615817057,0.0012245836775815662,0.30145951654884506,0.19540657107085413,TP,0.8247135804633037
0.14285714285714285,0.14285714285714285,0.14285714285714285,0.14285714285714285,0.14285714285714285,0.14285714285714285,0.14285714285714285,0.0,TP,0.9999999999964029
0.14285714285714285,0.14285714285714285,0.14285714285714285,0.14285714285714285,0.14285714285714285,0.14285714285714285,0.14285714285714285,0.0,TP,0.9999999999964029
0.14285714285714285,0.14285714285714285,0.14285714285714285,0.14285714285714285,0.14285714285714285,0.14285714285714285,0.14285714285714285,0.0,TP,0.9999999999964029
0.14285714285714285,0.14285714285714285,0.14285714285714285,0.14285714285714285,0.14285714285714285,0.14285714285714285,0.14285714285714285,0.0,TP,0.9999999999964029
0.14285714285714285,0.14285714285714285,0.14285714285714285,0.14285714285714285,0.14285714285714285,0.14285714285714285,0.14285714285714285,0.0,TP,0.9999999999964029
0.14285714285714285,0.14285714285714285,0.14285714285714285,0.14285714285714285,0.14285714285714285,0.14285714285714285,0.14285714285714285,0.0,TP,0.9999999999964029
0.14285714285714285,0.14285714285714285,0.14285714285714285,0.14285714285714285,0.14285714285714285,0.14285714285714285,0.14285714285714285,0.0,TP,0.9999999999964029
0.14285714285714285,0.14285714285714285,0.14285714285714285,0.14285714285714285,0.14285714285714285,0.14285714285714285,0.14285714285714285,0.0,TP,0.9999999999964029
0.14285714285714285,0.14285714285714285,0.14285714285714285,0.14285714285714285,0.14285714285714285,0.14285714285714285,0.14285714285714285,0.0,TP,0.9999999999964029
0.14285714285714285,0.14285714285714285,0.14285714285714285,0.14285714285714285,0.14285714285714285,0.14285714285714285,0.14285714285714285,0.0,TP,0.9999999999964029
0.14285714285714285,0.14285714285714285,0.14285714285714285,0.14285714285714285,0.14285714285714285,0.14285714285714285,0.14285714285714285,0.0,TP,0.9999999999964029
0.14285714285714285,0.14285714285714285,0.14285714285714285,0.14285714285714285,0.14285714285714285,0.14285714285714285,0.14285714285714285,0.0,TP,0.9999999999964029
0.14285714285714285,0.14285714285714285,0.14285714285714285,0.14285714285714285,0.14285714285714285,0.14285714285714285,0.14285714285714285,0.0,TP,0.9999999999964029
0.14285714285714285,0.14285714285714285,0.14285714285714285,0.14285714285714285,0.14285714285714285,0.14285714285714285,0.14285714285714285,0.0,TP,0.9999999999964029
0.14285714285714285,0.14285714285714285,0.14285714285714285,0.14285714285714285,0.14285714285714285,0.14285714285714285,0.14285714285714285,0.0,TP,0.9999999999964029
0.14285714285714285,0.14285714285714285,0.14285714285714285,0.14285714285714285,0.14285714285714285,0.14285714285714285,0.14285714285714285,0.0,TP,0.9999999999964029
0.14285714285714285,0.14285714285714285,0.14285714285714285,0.14285714285714285,0.14285714285714285,0.14285714285714285,0.14285714285714285,0.0,TP,0.9999999999964029
0.14285714285714285,0.14285714285714285,0.14285714285714285,0.14285714285714285,0.14285714285714285,0.14285714285714285,0.14285714285714285,0.0,TP,0.9999999999964029
0.14285714285714285,0.14285714285714285,0.14285714285714285,0.14285714285714285,0.14285714285714285,0.14285714285714285,0.14285714285714285,0.0,TP,0.9999999999964029
0.14285714285714285,0.14285714285714285,0.14285714285714285,0.14285714285714285,0.14285714285714285,0.14285714285714285,0.14285714285714285,0.0,TP,0.9999999999964029
0.14285714285714285,0.14285714285714285,0.14285714285714285,0.14285714285714285,0.14285714285714285,0.14285714285714285,0.14285714285714285,0.0,TP,0.9999999999964029
0.14285714285714285,0.14285714285714285,0.14285714285714285,0.14285714285714285,0.14285714285714285,0.14285714285714285,0.14285714285714285,0.0,TP,0.9999999999964029
0.14285714285714285,0.14285714285714285,0.14285714285714285,0.14285714285714285,0.14285714285714285,0.14285714285714285,0.14285714285714285,0.0,TP,0.9999999999964029
0.06818381235632683,0.24216839432691595,0.2910374934880729,0.2934232222148353,0.026422815312961503,0.02948497652669806,0.04927928577418948,0.0,TP,0.8190480334931166
0.14285714285714285,0.14285714285714285,0.14285714285714285,0.14285714285714285,0.14285714285714285,0.14285714285714285,0.14285714285714285,0.0,TP,0.9999999999964029
0.14285714285714285,0.14285714285714285,0.14285714285714285,0.14285714285714285,0.14285714285714285,0.14285714285714285,0.14285714285714285,0.0,TP,0.9999999999964029
0.14285714285714285,0.14285714285714285,0.14285714285714285,0.14285714285714285,0.14285714285714285,0.14285714285714285,0.14285714285714285,0.0,TP,0.9999999999964029
0.14285714285714285,0.14285714285714285,0.14285714285714285,0.14285714285714285,0.14285714285714285,0.14285714285714285,0.14285714285714285,0.0,TP,0.9999999999964029
0.14285714285714285,0.14285714285714285,0.14285714285714285,0.14285714285714285,0.14285714285714285,0.14285714285714285,0.14285714285714285,0.0,TP,0.9999999999964029
0.11047318713773827,0.1683611312295273,0.22643337611611528,0.18560115430029614,0.2352401795744121,0.014635370560373664,0.05925560108153727,0.0,TP,0.9054558287983413
0.14285714285714285,0.14285714285714285,0.14285714285714285,0.14285714285714285,0.14285714285714285,0.14285714285714285,0.14285714285714285,0.0,TP,0.9999999999964029
0.14285714285714285,0.14285714285714285,0.14285714285714285,0.14285714285714285,0.14285714285714285,0.14285714285714285,0.14285714285714285,0.0,TP,0.9999999999964029
0.02489840014751935,0.04182028973046713,0.13711338878730056,0.22351073789967962,0.26500120792839377,0.03217551828584859,0.1510174905402185,0.12446296668057237,TP,0.8845406964638971
0.14285714285714285,0.14285714285714285,0.14285714285714285,0.14285714285714285,0.14285714285714285,0.14285714285714285,0.14285714285714285,0.0,TP,0.9999999999964029
0.14285714285714285,0.14285714285714285,0.14285714285714285,0.14285714285714285,0.14285714285714285,0.14285714285714285,0.14285714285714285,0.0,TP,0.9999999999964029
0.19641458087684036,0.14259412235446015,0.002115123029066758,0.10518738096973697,0.1354460095438634,0.07425341859503166,0.3439893646310006,0.0,TP,0.8624573327313304
0.14285714285714285,0.14285714285714285,0.14285714285714285,0.14285714285714285,0.14285714285714285,0.14285714285714285,0.14285714285714285,0.0,TP,0.9999999999964029
0.14285714285714285,0.14285714285714285,0.14285714285714285,0.14285714285714285,0.14285714285714285,0.14285714285714285,0.14285714285714285,0.0,TP,0.9999999999964029
0.14285714285714285,0.14285714285714285,0.14285714285714285,0.14285714285714285,0.14285714285714285,0.14285714285714285,0.14285714285714285,0.0,TP,0.9999999999964029
0.14285714285714285,0.14285714285714285,0.14285714285714285,0.14285714285714285,0.14285714285714285,0.14285714285714285,0.14285714285714285,0.0,TP,0.9999999999964029
0.14285714285714285,0.14285714285714285,0.14285714285714285,0.14285714285714285,0.14285714285714285,0.14285714285714285,0.14285714285714285,0.0,TP,0.9999999999964029
0.14285714285714285,0.14285714285714285,0.14285714285714285,0.14285714285714285,0.14285714285714285,0.14285714285714285,0.14285714285714285,0.0,TP,0.9999999999964029
0.14285714285714285,0.14285714285714285,0.14285714285714285,0.14285714285714285,0.14285714285714285,0.14285714285714285,0.14285714285714285,0.0,TP,0.9999999999964029
0.14285714285714285,0.14285714285714285,0.14285714285714285,0.14285714285714285,0.14285714285714285,0.14285714285714285,0.14285714285714285,0.0,TP,0.9999999999964029
0.23685823573136214,0.23388691352943156,0.43516657971517614,0.009517225784067345,0.06802755811697095,0.013433064872118415,0.003110422250873501,0.0,TP,0.6917246557322764
0.5032061086783536,0.07062627321449828,0.13307705196247208,0.13926212225767282,0.0058917375091042555,0.017803516496663528,0.13013318988123546,0.0,TP,0.7415727745671583
0.14285714285714285,0.14285714285714285,0.14285714285714285,0.14285714285714285,0.14285714285714285,0.14285714285714285,0.14285714285714285,0.0,TP,0.9999999999964029
0.14285714285714285,0.14285714285714285,0.14285714285714285,0.14285714285714285,0.14285714285714285,0.14285714285714285,0.14285714285714285,0.0,TP,0.9999999999964029
0.14285714285714285,0.14285714285714285,0.14285714285714285,0.14285714285714285,0.14285714285714285,0.14285714285714285,0.14285714285714285,0.0,TP,0.9999999999964029
0.14285714285714285,0.14285714285714285,0.14285714285714285,0.14285714285714285,0.14285714285714285,0.14285714285714285,0.14285714285714285,0.0,TP,0.9999999999964029
0.2261348804384725,0.007056480709310284,0.06760546555179027,0.11756666368397926,0.2710964702344428,0.09530012744268809,0.21523991193931674,0.0,TP,0.8805332213335983
0.14285714285714285,0.14285714285714285,0.14285714285714285,0.14285714285714285,0.14285714285714285,0.14285714285714285,0.14285714285714285,0.0,TP,0.9999999999964029
0.14285714285714285,0.14285714285714285,0.14285714285714285,0.14285714285714285,0.14285714285714285,0.14285714285714285,0.14285714285714285,0.0,TP,0.9999999999964029
0.14285714285714285,0.14285714285714285,0.14285714285714285,0.14285714285714285,0.14285714285714285,0.14285714285714285,0.14285714285714285,0.0,TP,0.9999999999964029
0.14285714285714285,0.14285714285714285,0.14285714285714285,0.14285714285714285,0.14285714285714285,0.14285714285714285,0.14285714285714285,0.0,TP,0.9999999999964029
0.008118363398846536,0.11137072108948387,0.19286279791202648,0.3679029470730918,0.21694394773430684,0.044889247916754006,0.057761486856486355,0.00015048801900421384,TP,0.7721656157174227
0.14285714285714285,0.14285714285714285,0.14285714285714285,0.14285714285714285,0.14285714285714285,0.14285714285714285,0.14285714285714285,0.0,TP,0.9999999999964029
0.14285714285714285,0.14285714285714285,0.14285714285714285,0.14285714285714285,0.14285714285714285,0.14285714285714285,0.14285714285714285,0.0,TP,0.9999999999964029
0.14285714285714285,0.14285714285714285,0.14285714285714285,0.14285714285714285,0.14285714285714285,0.14285714285714285,0.14285714285714285,0.0,TP,0.9999999999964029
0.14285714285714285,0.14285714285714285,0.14285714285714285,0.14285714285714285,0.14285714285714285,0.14285714285714285,0.14285714285714285,0.0,TP,0.9999999999964029
0.2511881393074389,0.0912341387264355,0.23890020904675535,0.07426956850534285,0.032305772568573,0.08733865587971082,0.00935567313299573,0.21540784283274783,TP,0.8650588137326493
0.14285714285714285,0.14285714285714285,0.14285714285714285,0.14285714285714285,0.14285714285714285,0.14285714285714285,0.14285714285714285,0.0,TP,0.9999999999964029
0.31746733364350915,0.06904004087562571,0.02070730974059889,0.11295485562271963,0.1191622885681001,0.29696995206273435,0.004132533325977066,0.059565686160735036,TP,0.8079898438201002
0.14285714285714285,0.14285714285714285,0.14285714285714285,0.14285714285714285,0.14285714285714285,0.14285714285714285,0.14285714285714285,0.0,TP,0.9999999999964029
0.14285714285714285,0.14285714285714285,0.14285714285714285,0.14285714285714285,0.14285714285714285,0.14285714285714285,0.14285714285714285,0.0,TP,0.9999999999964029
0.14285714285714285,0.14285714285714285,0.14285714285714285,0.14285714285714285,0.14285714285714285,0.14285714285714285,0.14285714285714285,0.0,TP,0.9999999999964029
0.14285714285714285,0.14285714285714285,0.14285714285714285,0.14285714285714285,0.14285714285714285,0.14285714285714285,0.14285714285714285,0.0,TP,0.9999999999964029
0.14285714285714285,0.14285714285714285,0.14285714285714285,0.14285714285714285,0.14285714285714285,0.14285714285714285,0.14285714285714285,0.0,TP,0.9999999999964029
0.14285714285714285,0.14285714285714285,0.14285714285714285,0.14285714285714285,0.14285714285714285,0.14285714285714285,0.14285714285714285,0.0,TP,0.9999999999964029
0.14285714285714285,0.14285714285714285,0.14285714285714285,0.14285714285714285,0.14285714285714285,0.14285714285714285,0.14285714285714285,0.0,TP,0.9999999999964029
0.14285714285714285,0.14285714285714285,0.14285714285714285,0.14285714285714285,0.14285714285714285,0.14285714285714285,0.14285714285714285,0.0,TP,0.9999999999964029
0.14285714285714285,0.14285714285714285,0.14285714285714285,0.14285714285714285,0.14285714285714285,0.14285714285714285,0.14285714285714285,0.0,TP,0.9999999999964029
0.03366336025920693,0.27583240067161274,0.34518687191023617,0.05970954916846785,0.04406782399301221,0.04473541759553652,0.028525043000750996,0.1682795334011766,TP,0.8092555301265165
0.14285714285714285,0.14285714285714285,0.14285714285714285,0.14285714285714285,0.14285714285714285,0.14285714285714285,0.14285714285714285,0.0,TP,0.9999999999964029
0.14285714285714285,0.14285714285714285,0.14285714285714285,0.14285714285714285,0.14285714285714285,0.14285714285714285,0.14285714285714285,0.0,TP,0.9999999999964029
0.06849985900601935,0.05201839613721292,0.17754597609387449,0.2932140330244067,0.1167489956136541,0.0016622232873932119,0.2903105168374393,0.0,TP,0.8348179070971278
0.14285714285714285,0.14285714285714285,0.14285714285714285,0.14285714285714285,0.14285714285714285,0.14285714285714285,0.14285714285714285,0.0,TP,0.9999999999964029
0.14285714285714285,0.14285714285714285,0.14285714285714285,0.14285714285714285,0.14285714285714285,0.14285714285714285,0.14285714285714285,0.0,TP,0.9999999999964029
0.07214108977047012,0.20223365513587785,0.4308229493908176,0.11167063114648097,6.059040880092274e-05,0.1507587928111213,0.03231229133643113,0.0,TP,0.7797010863420804
0.14285714285714285,0.14285714285714285,0.14285714285714285,0.14285714285714285,0.14285714285714285,0.14285714285714285,0.14285714285714285,0.0,TP,0.9999999999964029
0.14285714285714285,0.14285714285714285,0.14285714285714285,0.14285714285714285,0.14285714285714285,0.14285714285714285,0.14285714285714285,0.0,TP,0.9999999999964029
0.0891212045730829,0.02908697193931044,0.14205210302465102,0.36172633185100367,0.0002480251579829414,0.20941345887336216,0.1286698441284338,0.03968206045217312,TP,0.8102034552050972
0.14285714285714285,0.14285714285714285,0.14285714285714285,0.14285714285714285,0.14285714285714285,0.14285714285714285,0.14285714285714285,0.0,TP,0.9999999999964029
0.14285714285714285,0.14285714285714285,0.14285714285714285,0.14285714285714285,0.14285714285714285,0.14285714285714285,0.14285714285714285,0.0,TP,0.9999999999964029
0.14285714285714285,0.14285714285714285,0.14285714285714285,0.14285714285714285,0.14285714285714285,0.14285714285714285,0.14285714285714285,0.0,TP,0.9999999999964029
0.14285714285714285,0.14285714285714285,0.14285714285714285,0.14285714285714285,0.14285714285714285,0.14285714285714285,0.14285714285714285,0.0,TP,0.9999999999964029
0.14285714285714285,0.14285714285714285,0.14285714285714285,0.14285714285714285,0.14285714285714285,0.14285714285714285,0.14285714285714285,0.0,TP,0.9999999999964029
0.14285714285714285,0.14285714285714285,0.14285714285714285,0.14285714285714285,0.14285714285714285,0.14285714285714285,0.14285714285714285,0.0,TP,0.9999999999964029
0.11761558563319523,0.03376050111188033,0.3600097468256585,0.050371745862148015,0.22827358752154614,0.02924618345464395,0.11638772782806352,0.0643349217628641,TP,0.8424392386769548
0.044770478714699774,0.018988148318052046,0.1411259346425116,0.19544128726989216,0.15016858319599297,0.06211270337402398,0.3186594321687339,0.06873343231609352,TP,0.8730771207672379
0.23586377781259238,0.005216591566882544,0.2773245460115928,0.17540443750442453,0.007467446707241743,0.20070080756819264,0.09802239282907338,0.0,TP,0.830293294378773
0.14285714285714285,0.14285714285714285,0.14285714285714285,0.14285714285714285,0.14285714285714285,0.14285714285714285,0.14285714285714285,0.0,TP,0.9999999999964029
0.04365643817991415,0.21802765792187823,0.29132123321897,0.11717643331882638,0.023101570435201946,0.1331974304089705,0.17351923651623874,0.0,TP,0.8935629928349821
0.14285714285714285,0.14285714285714285,0.14285714285714285,0.14285714285714285,0.14285714285714285,0.14285714285714285,0.14285714285714285,0.0,TP,0.9999999999964029
0.14285714285714285,0.14285714285714285,0.14285714285714285,0.14285714285714285,0.14285714285714285,0.14285714285714285,0.14285714285714285,0.0,TP,0.9999999999964029
0.14285714285714285,0.14285714285714285,0.14285714285714285,0.14285714285714285,0.14285714285714285,0.14285714285714285,0.14285714285714285,0.0,TP,0.9999999999964029
0.14285714285714285,0.14285714285714285,0.14285714285714285,0.14285714285714285,0.14285714285714285,0.14285714285714285,0.14285714285714285,0.0,TP,0.9999999999964029
0.14285714285714285,0.14285714285714285,0.14285714285714285,0.14285714285714285,0.14285714285714285,0.14285714285714285,0.14285714285714285,0.0,TP,0.9999999999964029
0.14285714285714285,0.14285714285714285,0.14285714285714285,0.14285714285714285,0.14285714285714285,0.14285714285714285,0.14285714285714285,0.0,TP,0.9999999999964029
0.14285714285714285,0.14285714285714285,0.14285714285714285,0.14285714285714285,0.14285714285714285,0.14285714285714285,0.14285714285714285,0.0,TP,0.9999999999964029
0.14285714285714285,0.14285714285714285,0.14285714285714285,0.14285714285714285,0.14285714285714285,0.14285714285714285,0.14285714285714285,0.0,TP,0.9999999999964029
0.14285714285714285,0.14285714285714285,0.14285714285714285,0.14285714285714285,0.14285714285714285,0.14285714285714285,0.14285714285714285,0.0,TP,0.9999999999964029
0.14285714285714285,0.14285714285714285,0.14285714285714285,0.14285714285714285,0.14285714285714285,0.14285714285714285,0.14285714285714285,0.0,TP,0.9999999999964029
0.14285714285714285,0.14285714285714285,0.14285714285714285,0.14285714285714285,0.14285714285714285,0.14285714285714285,0.14285714285714285,0.0,TP,0.9999999999964029
0.14285714285714285,0.14285714285714285,0.14285714285714285,0.14285714285714285,0.14285714285714285,0.14285714285714285,0.14285714285714285,0.0,TP,0.9999999999964029
0.005832406176947095,0.31235119973607156,0.0773373099575889,0.5668610251921482,0.004967147514536703,0.03239481060206863,0.0002561008206389155,0.0,TP,0.541013267289674
0.14285714285714285,0.14285714285714285,0.14285714285714285,0.14285714285714285,0.14285714285714285,0.14285714285714285,0.14285714285714285,0.0,TP,0.9999999999964029
0.14285714285714285,0.14285714285714285,0.14285714285714285,0.14285714285714285,0.14285714285714285,0.14285714285714285,0.14285714285714285,0.0,TP,0.9999999999964029
0.14285714285714285,0.14285714285714285,0.14285714285714285,0.14285714285714285,0.14285714285714285,0.14285714285714285,0.14285714285714285,0.0,TP,0.9999999999964029
0.08547869758765674,0.21973268945653232,0.0805768469780585,0.19891186945191305,0.12659083842800106,0.12016292194647103,0.16854613615136735,0.0,TP,0.9680393573074646
0.14285714285714285,0.14285714285714285,0.14285714285714285,0.14285714285714285,0.14285714285714285,0.14285714285714285,0.14285714285714285,0.0,TP,0.9999999999964029
0.14285714285714285,0.14285714285714285,0.14285714285714285,0.14285714285714285,0.14285714285714285,0.14285714285714285,0.14285714285714285,0.0,TP,0.9999999999964029
0.16685275025307414,0.16677083450957836,0.04019605310392154,0.06518990700679385,0.489570323420343,0.041246367276364514,0.0301737644299246,0.0,TP,0.7664628192964261
0.14285714285714285,0.14285714285714285,0.14285714285714285,0.14285714285714285,0.14285714285714285,0.14285714285714285,0.14285714285714285,0.0,TP,0.9999999999964029
0.14285714285714285,0.14285714285714285,0.14285714285714285,0.14285714285714285,0.14285714285714285,0.14285714285714285,0.14285714285714285,0.0,TP,0.9999999999964029
0.018080093914721547,0.11052768434576854,0.4298539297063666,0.10329454382277076,0.004801508644356494,0.24672287934480142,0.08671936022121468,0.0,TP,0.7689834454464384
0.17501022256597656,0.2522444435750042,0.18891954992195217,0.08213468757730218,0.01617829497383949,0.16695635648777662,0.11855644489814873,0.0,TP,0.920365649847657
0.14285714285714285,0.14285714285714285,0.14285714285714285,0.14285714285714285,0.14285714285714285,0.14285714285714285,0.14285714285714285,0.0,TP,0.9999999999964029
0.14285714285714285,0.14285714285714285,0.14285714285714285,0.14285714285714285,0.14285714285714285,0.14285714285714285,0.14285714285714285,0.0,TP,0.9999999999964029
0.14285714285714285,0.14285714285714285,0.14285714285714285,0.14285714285714285,0.14285714285714285,0.14285714285714285,0.14285714285714285,0.0,TP,0.9999999999964029
0.14285714285714285,0.14285714285714285,0.14285714285714285,0.14285714285714285,0.14285714285714285,0.14285714285714285,0.14285714285714285,0.0,TP,0.9999999999964029
0.09863543905940182,0.14323034726631845,0.436151555788973,0.09210055529842848,0.18382094515021302,0.024264666936353974,0.007058415127069029,0.014738075373242019,TP,0.7632197944232142
0.14285714285714285,0.14285714285714285,0.14285714285714285,0.14285714285714285,0.14285714285714285,0.14285714285714285,0.14285714285714285,0.0,TP,0.9999999999964029
0.14285714285714285,0.14285714285714285,0.14285714285714285,0.14285714285714285,0.14285714285714285,0.14285714285714285,0.14285714285714285,0.0,TP,0.9999999999964029
0.14285714285714285,0.14285714285714285,0.14285714285714285,0.14285714285714285,0.14285714285714285,0.14285714285714285,0.14285714285714285,0.0,TP,0.9999999999964029
0.14285714285714285,0.14285714285714285,0.14285714285714285,0.14285714285714285,0.14285714285714285,0.14285714285714285,0.14285714285714285,0.0,TP,0.9999999999964029
0.14285714285714285,0.14285714285714285,0.14285714285714285,0.14285714285714285,0.14285714285714285,0.14285714285714285,0.14285714285714285,0.0,TP,0.9999999999964029
0.14285714285714285,0.14285714285714285,0.14285714285714285,0.14285714285714285,0.14285714285714285,0.14285714285714285,0.14285714285714285,0.0,TP,0.9999999999964029
0.03413272538519467,0.015334996251673989,0.0015908490828641392,0.39733108140409507,0.40846392055932046,0.02632805547907286,0.1168183718377789,0.0,TP,0.6519470361469552
0.025009021263826908,0.11928157420289827,0.3925935184036998,0.33756494766203266,0.00016251872702939348,0.1239431013365792,0.0014453184039336464,0.0,TP,0.6933450368965512
0.14285714285714285,0.14285714285714285,0.14285714285714285,0.14285714285714285,0.14285714285714285,0.14285714285714285,0.14285714285714285,0.0,TP,0.9999999999964029
0.14285714285714285,0.14285714285714285,0.14285714285714285,0.14285714285714285,0.14285714285714285,0.14285714285714285,0.14285714285714285,0.0,TP,0.9999999999964029
0.09923099865330798,0.0757684039632004,0.0603947068600643,0.10464723965320807,0.09962277157360046,0.37155474386881776,0.10117259800522031,0.0876085374225808,TP,0.9008136238205003
0.3112737487433383,0.26109357397868055,0.10612599530168827,0.09487978198458269,0.09574401916477882,0.018899946710876615,0.0897382699158871,0.02224466420016764,TP,0.8540943119495606
0.04131133019277893,0.05124165498733716,0.4248747894710062,0.011020301276871012,0.12399018993604895,0.10327136415858325,0.2441679045123026,0.00012246546507178763,TP,0.738615020630587
0.14285714285714285,0.14285714285714285,0.14285714285714285,0.14285714285714285,0.14285714285714285,0.14285714285714285,0.14285714285714285,0.0,TP,0.9999999999964029
0.14285714285714285,0.14285714285714285,0.14285714285714285,0.14285714285714285,0.14285714285714285,0.14285714285714285,0.14285714285714285,0.0,TP,0.9999999999964029
0.42000197252009647,0.1392714790429857,0.005942992436484589,0.19032855625313497,0.005449683646397465,0.165063553213948,0.07394176288695291,0.0,TP,0.7726209182126775
0.14285714285714285,0.14285714285714285,0.14285714285714285,0.14285714285714285,0.14285714285714285,0.14285714285714285,0.14285714285714285,0.0,TP,0.9999999999964029
0.14285714285714285,0.14285714285714285,0.14285714285714285,0.14285714285714285,0.14285714285714285,0.14285714285714285,0.14285714285714285,0.0,TP,0.9999999999964029
0.14285714285714285,0.14285714285714285,0.14285714285714285,0.14285714285714285,0.14285714285714285,0.14285714285714285,0.14285714285714285,0.0,TP,0.9999999999964029
0.14285714285714285,0.14285714285714285,0.14285714285714285,0.14285714285714285,0.14285714285714285,0.14285714285714285,0.14285714285714285,0.0,TP,0.9999999999964029
0.14285714285714285,0.14285714285714285,0.14285714285714285,0.14285714285714285,0.14285714285714285,0.14285714285714285,0.14285714285714285,0.0,TP,0.9999999999964029
0.14285714285714285,0.14285714285714285,0.14285714285714285,0.14285714285714285,0.14285714285714285,0.14285714285714285,0.14285714285714285,0.0,TP,0.9999999999964029
0.14285714285714285,0.14285714285714285,0.14285714285714285,0.14285714285714285,0.14285714285714285,0.14285714285714285,0.14285714285714285,0.0,TP,0.9999999999964029
0.14285714285714285,0.14285714285714285,0.14285714285714285,0.14285714285714285,0.14285714285714285,0.14285714285714285,0.14285714285714285,0.0,TP,0.9999999999964029
0.14285714285714285,0.14285714285714285,0.14285714285714285,0.14285714285714285,0.14285714285714285,0.14285714285714285,0.14285714285714285,0.0,TP,0.9999999999964029
0.14285714285714285,0.14285714285714285,0.14285714285714285,0.14285714285714285,0.14285714285714285,0.14285714285714285,0.14285714285714285,0.0,TP,0.9999999999964029
0.14285714285714285,0.14285714285714285,0.14285714285714285,0.14285714285714285,0.14285714285714285,0.14285714285714285,0.14285714285714285,0.0,TP,0.9999999999964029
0.14285714285714285,0.14285714285714285,0.14285714285714285,0.14285714285714285,0.14285714285714285,0.14285714285714285,0.14285714285714285,0.0,TP,0.9999999999964029
0.14285714285714285,0.14285714285714285,0.14285714285714285,0.14285714285714285,0.14285714285714285,0.14285714285714285,0.14285714285714285,0.0,TP,0.9999999999964029
0.14285714285714285,0.14285714285714285,0.14285714285714285,0.14285714285714285,0.14285714285714285,0.14285714285714285,0.14285714285714285,0.0,TP,0.9999999999964029
0.14285714285714285,0.14285714285714285,0.14285714285714285,0.14285714285714285,0.14285714285714285,0.14285714285714285,0.14285714285714285,0.0,TP,0.9999999999964029
0.14285714285714285,0.14285714285714285,0.14285714285714285,0.14285714285714285,0.14285714285714285,0.14285714285714285,0.14285714285714285,0.0,TP,0.9999999999964029
0.14285714285714285,0.14285714285714285,0.14285714285714285,0.14285714285714285,0.14285714285714285,0.14285714285714285,0.14285714285714285,0.0,TP,0.9999999999964029
0.22992775861845588,0.03498173116752471,0.0012038854944203248,0.2619353323287762,0.21353819645132824,0.23491161950883555,0.0235014764306591,0.0,TP,0.8080518869109241
0.14285714285714285,0.14285714285714285,0.14285714285714285,0.14285714285714285,0.14285714285714285,0.14285714285714285,0.14285714285714285,0.0,TP,0.9999999999964029
0.14285714285714285,0.14285714285714285,0.14285714285714285,0.14285714285714285,0.14285714285714285,0.14285714285714285,0.14285714285714285,0.0,TP,0.9999999999964029
0.10334109082804864,0.21392337923485216,0.08042827812520817,0.01873619556151283,0.21720166004161706,0.11525549613005592,0.2511139000787052,0.0,TP,0.9092706679725288
0.14285714285714285,0.14285714285714285,0.14285714285714285,0.14285714285714285,0.14285714285714285,0.14285714285714285,0.14285714285714285,0.0,TP,0.9999999999964029
0.14285714285714285,0.14285714285714285,0.14285714285714285,0.14285714285714285,0.14285714285714285,0.14285714285714285,0.14285714285714285,0.0,TP,0.9999999999964029
0.14285714285714285,0.14285714285714285,0.14285714285714285,0.14285714285714285,0.14285714285714285,0.14285714285714285,0.14285714285714285,0.0,TP,0.9999999999964029
0.10980965920413023,0.32548311597373314,0.10247971444566373,0.06441836632876083,0.1590369650155309,0.047263486891327686,0.10197134611176706,0.08953734602908649,TP,0.9154141113422314
0.14285714285714285,0.14285714285714285,0.14285714285714285,0.14285714285714285,0.14285714285714285,0.14285714285714285,0.14285714285714285,0.0,TP,0.9999999999964029
0.14285714285714285,0.14285714285714285,0.14285714285714285,0.14285714285714285,0.14285714285714285,0.14285714285714285,0.14285714285714285,0.0,TP,0.9999999999964029
0.14285714285714285,0.14285714285714285,0.14285714285714285,0.14285714285714285,0.14285714285714285,0.14285714285714285,0.14285714285714285,0.0,TP,0.9999999999964029
0.03844818321898195,0.3981454166908109,0.09357709530055766,0.08517099005381994,0.035572837490131584,0.1277690864281635,0.2213163908175345,0.0,TP,0.842156498109816
0.14285714285714285,0.14285714285714285,0.14285714285714285,0.14285714285714285,0.14285714285714285,0.14285714285714285,0.14285714285714285,0.0,TP,0.9999999999964029
0.14285714285714285,0.14285714285714285,0.14285714285714285,0.14285714285714285,0.14285714285714285,0.14285714285714285,0.14285714285714285,0.0,TP,0.9999999999964029
0.14285714285714285,0.14285714285714285,0.14285714285714285,0.14285714285714285,0.14285714285714285,0.14285714285714285,0.14285714285714285,0.0,TP,0.9999999999964029
0.14285714285714285,0.14285714285714285,0.14285714285714285,0.14285714285714285,0.14285714285714285,0.14285714285714285,0.14285714285714285,0.0,TP,0.9999999999964029
0.14285714285714285,0.14285714285714285,0.14285714285714285,0.14285714285714285,0.14285714285714285,0.14285714285714285,0.14285714285714285,0.0,TP,0.9999999999964029
0.14285714285714285,0.14285714285714285,0.14285714285714285,0.14285714285714285,0.14285714285714285,0.14285714285714285,0.14285714285714285,0.0,TP,0.9999999999964029
0.14285714285714285,0.14285714285714285,0.14285714285714285,0.14285714285714285,0.14285714285714285,0.14285714285714285,0.14285714285714285,0.0,TP,0.9999999999964029
0.14285714285714285,0.14285714285714285,0.14285714285714285,0.14285714285714285,0.14285714285714285,0.14285714285714285,0.14285714285714285,0.0,TP,0.9999999999964029
0.14285714285714285,0.14285714285714285,0.14285714285714285,0.14285714285714285,0.14285714285714285,0.14285714285714285,0.14285714285714285,0.0,TP,0.9999999999964029
0.03766195582430695,0.058644844125393454,0.08674000497765434,0.355207617158125,0.21386167914506485,0.04188046793757643,0.206003430831879,0.0,TP,0.8519202469815622
0.14285714285714285,0.14285714285714285,0.14285714285714285,0.14285714285714285,0.14285714285714285,0.14285714285714285,0.14285714285714285,0.0,TP,0.9999999999964029
0.14285714285714285,0.14285714285714285,0.14285714285714285,0.14285714285714285,0.14285714285714285,0.14285714285714285,0.14285714285714285,0.0,TP,0.9999999999964029
0.14285714285714285,0.14285714285714285,0.14285714285714285,0.14285714285714285,0.14285714285714285,0.14285714285714285,0.14285714285714285,0.0,TP,0.9999999999964029
0.048748798525383275,0.5159601338929137,0.016979284236746932,0.15886456292131318,0.003276283059442802,0.18440066035971822,0.07177027700448184,0.0,TP,0.7039010024552181
0.14285714285714285,0.14285714285714285,0.14285714285714285,0.14285714285714285,0.14285714285714285,0.14285714285714285,0.14285714285714285,0.0,TP,0.9999999999964029
0.019235019807219957,0.06661908719307061,0.04141794886914954,0.520416545493472,0.030537449148147496,0.16176257581279316,0.021915793889471118,0.13809557978667603,TP,0.71488928083258
0.14285714285714285,0.14285714285714285,0.14285714285714285,0.14285714285714285,0.14285714285714285,0.14285714285714285,0.14285714285714285,0.0,TP,0.9999999999964029
0.11430642820354867,0.323294591585887,0.012450472163327408,0.18925510099963744,0.14407886097469447,0.05517893564320584,0.06200646805307136,0.09942914237662791,TP,0.8769442959915204
0.14285714285714285,0.14285714285714285,0.14285714285714285,0.14285714285714285,0.14285714285714285,0.14285714285714285,0.14285714285714285,0.0,TP,0.9999999999964029
0.0994043726001987,0.030210037756045506,0.07951888095004192,0.016198498271639925,0.5770530725338404,0.039561992797741856,0.15805314509049173,0.0,TP,0.6885964328639487
0.14285714285714285,0.14285714285714285,0.14285714285714285,0.14285714285714285,0.14285714285714285,0.14285714285714285,0.14285714285714285,0.0,TP,0.9999999999964029
0.14285714285714285,0.14285714285714285,0.14285714285714285,0.14285714285714285,0.14285714285714285,0.14285714285714285,0.14285714285714285,0.0,TP,0.9999999999964029
0.07973197926059468,0.3047405351077778,0.13531386841116633,0.11912334665203685,0.0002776636969333971,0.2656278388864021,0.06190248092008749,0.03328228706500152,TP,0.8308707211039978
0.15722972346410702,0.04557180687759406,0.3461748851745714,0.11781759397282984,0.04647134142470824,0.05615400272033185,0.06379855783306242,0.1667820885327951,TP,0.879773039562213
0.021915686990358757,0.32514856174392825,0.06758985327554753,0.09473781566000447,0.09168116984576555,0.20345717392407864,0.016699591395669035,0.17877014716464767,TP,0.8528965964624319
0.14285714285714285,0.14285714285714285,0.14285714285714285,0.14285714285714285,0.14285714285714285,0.14285714285714285,0.14285714285714285,0.0,TP,0.9999999999964029
0.14285714285714285,0.14285714285714285,0.14285714285714285,0.14285714285714285,0.14285714285714285,0.14285714285714285,0.14285714285714285,0.0,TP,0.9999999999964029
0.14252914769808958,0.014984981949443909,0.22381973400585936,0.01816038980839291,0.2745467147345587,0.1015700138227416,0.19814132965391784,0.026247688326995984,TP,0.8425008554919085
0.14285714285714285,0.14285714285714285,0.14285714285714285,0.14285714285714285,0.14285714285714285,0.14285714285714285,0.14285714285714285,0.0,TP,0.9999999999964029
0.14285714285714285,0.14285714285714285,0.14285714285714285,0.14285714285714285,0.14285714285714285,0.14285714285714285,0.14285714285714285,0.0,TP,0.9999999999964029
0.14285714285714285,0.14285714285714285,0.14285714285714285,0.14285714285714285,0.14285714285714285,0.14285714285714285,0.14285714285714285,0.0,TP,0.9999999999964029
0.14285714285714285,0.14285714285714285,0.14285714285714285,0.14285714285714285,0.14285714285714285,0.14285714285714285,0.14285714285714285,0.0,TP,0.9999999999964029
0.14285714285714285,0.14285714285714285,0.14285714285714285,0.14285714285714285,0.14285714285714285,0.14285714285714285,0.14285714285714285,0.0,TP,0.9999999999964029
0.22085852458791586,0.1779907003455386,0.031261437046092494,0.023028897588371476,0.3576215018061449,0.09230255352302648,0.009413237168795038,0.08752314793411503,TP,0.8082524006486118
0.14285714285714285,0.14285714285714285,0.14285714285714285,0.14285714285714285,0.14285714285714285,0.14285714285714285,0.14285714285714285,0.0,TP,0.9999999999964029
0.14285714285714285,0.14285714285714285,0.14285714285714285,0.14285714285714285,0.14285714285714285,0.14285714285714285,0.14285714285714285,0.0,TP,0.9999999999964029
0.14285714285714285,0.14285714285714285,0.14285714285714285,0.14285714285714285,0.14285714285714285,0.14285714285714285,0.14285714285714285,0.0,TP,0.9999999999964029
0.14285714285714285,0.14285714285714285,0.14285714285714285,0.14285714285714285,0.14285714285714285,0.14285714285714285,0.14285714285714285,0.0,TP,0.9999999999964029
0.14285714285714285,0.14285714285714285,0.14285714285714285,0.14285714285714285,0.14285714285714285,0.14285714285714285,0.14285714285714285,0.0,TP,0.9999999999964029
0.14285714285714285,0.14285714285714285,0.14285714285714285,0.14285714285714285,0.14285714285714285,0.14285714285714285,0.14285714285714285,0.0,TP,0.9999999999964029
0.14285714285714285,0.14285714285714285,0.14285714285714285,0.14285714285714285,0.14285714285714285,0.14285714285714285,0.14285714285714285,0.0,TP,0.9999999999964029
0.14285714285714285,0.14285714285714285,0.14285714285714285,0.14285714285714285,0.14285714285714285,0.14285714285714285,0.14285714285714285,0.0,TP,0.9999999999964029
0.04763226709776904,0.42992811527718294,0.03790386591606125,0.09517718403854576,0.1091828827747743,0.15418292519091156,0.125992759704755,0.0,TP,0.8463393093489118
0.14285714285714285,0.14285714285714285,0.14285714285714285,0.14285714285714285,0.14285714285714285,0.14285714285714285,0.14285714285714285,0.0,TP,0.9999999999964029
0.6047492986214804,0.0270444426666514,0.14946369842425258,0.090585074205243,0.013102175100200843,0.10447792213536358,0.010577388846808113,0.0,TP,0.6394546281223763
0.14285714285714285,0.14285714285714285,0.14285714285714285,0.14285714285714285,0.14285714285714285,0.14285714285714285,0.14285714285714285,0.0,TP,0.9999999999964029
0.14285714285714285,0.14285714285714285,0.14285714285714285,0.14285714285714285,0.14285714285714285,0.14285714285714285,0.14285714285714285,0.0,TP,0.9999999999964029
0.14285714285714285,0.14285714285714285,0.14285714285714285,0.14285714285714285,0.14285714285714285,0.14285714285714285,0.14285714285714285,0.0,TP,0.9999999999964029
0.14285714285714285,0.14285714285714285,0.14285714285714285,0.14285714285714285,0.14285714285714285,0.14285714285714285,0.14285714285714285,0.0,TP,0.9999999999964029
0.14285714285714285,0.14285714285714285,0.14285714285714285,0.14285714285714285,0.14285714285714285,0.14285714285714285,0.14285714285714285,0.0,TP,0.9999999999964029
0.14285714285714285,0.14285714285714285,0.14285714285714285,0.14285714285714285,0.14285714285714285,0.14285714285714285,0.14285714285714285,0.0,TP,0.9999999999964029
0.14285714285714285,0.14285714285714285,0.14285714285714285,0.14285714285714285,0.14285714285714285,0.14285714285714285,0.14285714285714285,0.0,TP,0.9999999999964029
0.14285714285714285,0.14285714285714285,0.14285714285714285,0.14285714285714285,0.14285714285714285,0.14285714285714285,0.14285714285714285,0.0,TP,0.9999999999964029
0.14285714285714285,0.14285714285714285,0.14285714285714285,0.14285714285714285,0.14285714285714285,0.14285714285714285,0.14285714285714285,0.0,TP,0.9999999999964029
0.14285714285714285,0.14285714285714285,0.14285714285714285,0.14285714285714285,0.14285714285714285,0.14285714285714285,0.14285714285714285,0.0,TP,0.9999999999964029
0.14285714285714285,0.14285714285714285,0.14285714285714285,0.14285714285714285,0.14285714285714285,0.14285714285714285,0.14285714285714285,0.0,TP,0.9999999999964029
0.14285714285714285,0.14285714285714285,0.14285714285714285,0.14285714285714285,0.14285714285714285,0.14285714285714285,0.14285714285714285,0.0,TP,0.9999999999964029
0.05849275282412673,0.07830304482923943,0.017294835722469978,0.2502969148124205,0.408798322496977,0.12295674429488851,0.046931677809590636,0.016925707210287154,TP,0.7782665296601796
0.14285714285714285,0.14285714285714285,0.14285714285714285,0.14285714285714285,0.14285714285714285,0.14285714285714285,0.14285714285714285,0.0,TP,0.9999999999964029
0.14285714285714285,0.14285714285714285,0.14285714285714285,0.14285714285714285,0.14285714285714285,0.14285714285714285,0.14285714285714285,0.0,TP,0.9999999999964029
0.3118557528982574,0.23831966620360445,0.16592700331220447,0.026925654738954637,0.23043207520894168,0.01321022994576626,0.013329617692271168,0.0,TP,0.7983255157019218
0.14285714285714285,0.14285714285714285,0.14285714285714285,0.14285714285714285,0.14285714285714285,0.14285714285714285,0.14285714285714285,0.0,TP,0.9999999999964029
0.14285714285714285,0.14285714285714285,0.14285714285714285,0.14285714285714285,0.14285714285714285,0.14285714285714285,0.14285714285714285,0.0,TP,0.9999999999964029
0.14285714285714285,0.14285714285714285,0.14285714285714285,0.14285714285714285,0.14285714285714285,0.14285714285714285,0.14285714285714285,0.0,TP,0.9999999999964029
0.14285714285714285,0.14285714285714285,0.14285714285714285,0.14285714285714285,0.14285714285714285,0.14285714285714285,0.14285714285714285,0.0,TP,0.9999999999964029
0.14285714285714285,0.14285714285714285,0.14285714285714285,0.14285714285714285,0.14285714285714285,0.14285714285714285,0.14285714285714285,0.0,TP,0.9999999999964029
0.14285714285714285,0.14285714285714285,0.14285714285714285,0.14285714285714285,0.14285714285714285,0.14285714285714285,0.14285714285714285,0.0,TP,0.9999999999964029
0.14285714285714285,0.14285714285714285,0.14285714285714285,0.14285714285714285,0.14285714285714285,0.14285714285714285,0.14285714285714285,0.0,TP,0.9999999999964029
0.14285714285714285,0.14285714285714285,0.14285714285714285,0.14285714285714285,0.14285714285714285,0.14285714285714285,0.14285714285714285,0.0,TP,0.9999999999964029
0.022160469327931757,0.07437388096180808,0.2567038534399954,0.47779663035812664,0.08208861669170292,0.001078344194016212,0.08579820502641895,0.0,TP,0.7209666713788975
0.14285714285714285,0.14285714285714285,0.14285714285714285,0.14285714285714285,0.14285714285714285,0.14285714285714285,0.14285714285714285,0.0,TP,0.9999999999964029
0.14285714285714285,0.14285714285714285,0.14285714285714285,0.14285714285714285,0.14285714285714285,0.14285714285714285,0.14285714285714285,0.0,TP,0.9999999999964029
0.14285714285714285,0.14285714285714285,0.14285714285714285,0.14285714285714285,0.14285714285714285,0.14285714285714285,0.14285714285714285,0.0,TP,0.9999999999964029
0.1541255145053146,0.050123257627679635,0.34208147137772354,0.0021093856373578215,0.022251207341275316,0.39140527889114374,0.0379038846195054,0.0,TP,0.7164049395872818
0.14285714285714285,0.14285714285714285,0.14285714285714285,0.14285714285714285,0.14285714285714285,0.14285714285714285,0.14285714285714285,0.0,TP,0.9999999999964029
0.14285714285714285,0.14285714285714285,0.14285714285714285,0.14285714285714285,0.14285714285714285,0.14285714285714285,0.14285714285714285,0.0,TP,0.9999999999964029
0.14285714285714285,0.14285714285714285,0.14285714285714285,0.14285714285714285,0.14285714285714285,0.14285714285714285,0.14285714285714285,0.0,TP,0.9999999999964029
0.14285714285714285,0.14285714285714285,0.14285714285714285,0.14285714285714285,0.14285714285714285,0.14285714285714285,0.14285714285714285,0.0,TP,0.9999999999964029
0.1065740268645207,0.04681521276585485,0.20334276931763257,0.1124629166284817,0.02809958520522739,0.17686134533816225,0.017147917847047642,0.308696226033073,TP,0.8612442530200255
0.19956628397995307,0.010438212701324228,0.3580051292339805,0.016963368396020837,0.17125846135282385,0.04837648003701519,0.05800319219506627,0.13738887210381606,TP,0.814027758090805
0.14285714285714285,0.14285714285714285,0.14285714285714285,0.14285714285714285,0.14285714285714285,0.14285714285714285,0.14285714285714285,0.0,TP,0.9999999999964029
0.14285714285714285,0.14285714285714285,0.14285714285714285,0.14285714285714285,0.14285714285714285,0.14285714285714285,0.14285714285714285,0.0,TP,0.9999999999964029
0.14285714285714285,0.14285714285714285,0.14285714285714285,0.14285714285714285,0.14285714285714285,0.14285714285714285,0.14285714285714285,0.0,TP,0.9999999999964029
0.14285714285714285,0.14285714285714285,0.14285714285714285,0.14285714285714285,0.14285714285714285,0.14285714285714285,0.14285714285714285,0.0,TP,0.9999999999964029
0.14285714285714285,0.14285714285714285,0.14285714285714285,0.14285714285714285,0.14285714285714285,0.14285714285714285,0.14285714285714285,0.0,TP,0.9999999999964029
0.14285714285714285,0.14285714285714285,0.14285714285714285,0.14285714285714285,0.14285714285714285,0.14285714285714285,0.14285714285714285,0.0,TP,0.9999999999964029
0.14285714285714285,0.14285714285714285,0.14285714285714285,0.14285714285714285,0.14285714285714285,0.14285714285714285,0.14285714285714285,0.0,TP,0.9999999999964029
0.14285714285714285,0.14285714285714285,0.14285714285714285,0.14285714285714285,0.14285714285714285,0.14285714285714285,0.14285714285714285,0.0,TP,0.9999999999964029
0.14285714285714285,0.14285714285714285,0.14285714285714285,0.14285714285714285,0.14285714285714285,0.14285714285714285,0.14285714285714285,0.0,TP,0.9999999999964029
0.14285714285714285,0.14285714285714285,0.14285714285714285,0.14285714285714285,0.14285714285714285,0.14285714285714285,0.14285714285714285,0.0,TP,0.9999999999964029
0.14285714285714285,0.14285714285714285,0.14285714285714285,0.14285714285714285,0.14285714285714285,0.14285714285714285,0.14285714285714285,0.0,TP,0.9999999999964029
0.14285714285714285,0.14285714285714285,0.14285714285714285,0.14285714285714285,0.14285714285714285,0.14285714285714285,0.14285714285714285,0.0,TP,0.9999999999964029
0.14285714285714285,0.14285714285714285,0.14285714285714285,0.14285714285714285,0.14285714285714285,0.14285714285714285,0.14285714285714285,0.0,TP,0.9999999999964029
0.14285714285714285,0.14285714285714285,0.14285714285714285,0.14285714285714285,0.14285714285714285,0.14285714285714285,0.14285714285714285,0.0,TP,0.9999999999964029
0.14285714285714285,0.14285714285714285,0.14285714285714285,0.14285714285714285,0.14285714285714285,0.14285714285714285,0.14285714285714285,0.0,TP,0.9999999999964029
0.14285714285714285,0.14285714285714285,0.14285714285714285,0.14285714285714285,0.14285714285714285,0.14285714285714285,0.14285714285714285,0.0,TP,0.9999999999964029
0.11851211852275229,0.3689991103378789,0.02716642978814415,0.07422811114390025,0.08700017506394425,0.14245849818902948,0.18163555695435066,0.0,TP,0.8795389107688486
0.14285714285714285,0.14285714285714285,0.14285714285714285,0.14285714285714285,0.14285714285714285,0.14285714285714285,0.14285714285714285,0.0,TP,0.9999999999964029
0.14285714285714285,0.14285714285714285,0.14285714285714285,0.14285714285714285,0.14285714285714285,0.14285714285714285,0.14285714285714285,0.0,TP,0.9999999999964029
0.14285714285714285,0.14285714285714285,0.14285714285714285,0.14285714285714285,0.14285714285714285,0.14285714285714285,0.14285714285714285,0.0,TP,0.9999999999964029
0.14285714285714285,0.14285714285714285,0.14285714285714285,0.14285714285714285,0.14285714285714285,0.14285714285714285,0.14285714285714285,0.0,TP,0.9999999999964029
0.14285714285714285,0.14285714285714285,0.14285714285714285,0.14285714285714285,0.14285714285714285,0.14285714285714285,0.14285714285714285,0.0,TP,0.9999999999964029
0.11961631968969966,0.07508115650189069,0.07422682471219783,0.17925868882750612,0.23878144588800387,0.10969875190414999,0.20333681247655191,0.0,TP,0.9547629968340605
0.028971803852537347,0.20553717708238756,0.146029914126645,0.19351302743017298,0.007999093075024196,0.013785850889448625,0.40416313354378436,0.0,TP,0.7659132783188809
0.14285714285714285,0.14285714285714285,0.14285714285714285,0.14285714285714285,0.14285714285714285,0.14285714285714285,0.14285714285714285,0.0,TP,0.9999999999964029
0.14285714285714285,0.14285714285714285,0.14285714285714285,0.14285714285714285,0.14285714285714285,0.14285714285714285,0.14285714285714285,0.0,TP,0.9999999999964029
0.002149157551697662,0.11731222370035249,0.0005345136846978584,0.3256280132579528,0.20869588653691198,0.06659044478537271,0.11230162416941111,0.16678813631360348,TP,0.8106303732287206
0.6213038396672786,0.0027047558528704666,0.07580156510951974,0.12791067183066437,0.01970186840348337,0.060076859653213334,0.06914558542256381,0.023354854060406095,TP,0.6199039695879589
0.08522838150783679,0.00378705353908145,0.020300140584834408,0.4566161602769211,0.04299546980315169,0.051775505132600895,0.2244759761008911,0.11482131305468246,TP,0.740831814262647
0.14285714285714285,0.14285714285714285,0.14285714285714285,0.14285714285714285,0.14285714285714285,0.14285714285714285,0.14285714285714285,0.0,TP,0.9999999999964029
0.14285714285714285,0.14285714285714285,0.14285714285714285,0.14285714285714285,0.14285714285714285,0.14285714285714285,0.14285714285714285,0.0,TP,0.9999999999964029
0.14285714285714285,0.14285714285714285,0.14285714285714285,0.14285714285714285,0.14285714285714285,0.14285714285714285,0.14285714285714285,0.0,TP,0.9999999999964029
0.14285714285714285,0.14285714285714285,0.14285714285714285,0.14285714285714285,0.14285714285714285,0.14285714285714285,0.14285714285714285,0.0,TP,0.9999999999964029
0.14285714285714285,0.14285714285714285,0.14285714285714285,0.14285714285714285,0.14285714285714285,0.14285714285714285,0.14285714285714285,0.0,TP,0.9999999999964029
0.14285714285714285,0.14285714285714285,0.14285714285714285,0.14285714285714285,0.14285714285714285,0.14285714285714285,0.14285714285714285,0.0,TP,0.9999999999964029
0.14285714285714285,0.14285714285714285,0.14285714285714285,0.14285714285714285,0.14285714285714285,0.14285714285714285,0.14285714285714285,0.0,TP,0.9999999999964029
0.0022854298246766367,0.16352373425543892,0.0036722133308479607,0.23423832468071712,0.04049177100525502,0.016462111533297127,0.026458101057467306,0.5128683143122998,TP,0.6283338083660105
0.14285714285714285,0.14285714285714285,0.14285714285714285,0.14285714285714285,0.14285714285714285,0.14285714285714285,0.14285714285714285,0.0,TP,0.9999999999964029
0.14285714285714285,0.14285714285714285,0.14285714285714285,0.14285714285714285,0.14285714285714285,0.14285714285714285,0.14285714285714285,0.0,TP,0.9999999999964029
0.03459321681887283,0.30128050160795616,0.1448602406977574,0.3158414614768117,0.029574605695262542,0.12140513088168642,0.05244484282165297,0.0,TP,0.8409623679146866
0.14285714285714285,0.14285714285714285,0.14285714285714285,0.14285714285714285,0.14285714285714285,0.14285714285714285,0.14285714285714285,0.0,TP,0.9999999999964029
0.14285714285714285,0.14285714285714285,0.14285714285714285,0.14285714285714285,0.14285714285714285,0.14285714285714285,0.14285714285714285,0.0,TP,0.9999999999964029
0.14285714285714285,0.14285714285714285,0.14285714285714285,0.14285714285714285,0.14285714285714285,0.14285714285714285,0.14285714285714285,0.0,TP,0.9999999999964029
0.7230776579550235,0.001712678648044178,0.000789908042793069,0.002869062891705657,0.21146315379931177,0.057593747797732936,0.002493790865388871,0.0,TP,0.39862462940676024
0.14285714285714285,0.14285714285714285,0.14285714285714285,0.14285714285714285,0.14285714285714285,0.14285714285714285,0.14285714285714285,0.0,TP,0.9999999999964029
0.14285714285714285,0.14285714285714285,0.14285714285714285,0.14285714285714285,0.14285714285714285,0.14285714285714285,0.14285714285714285,0.0,TP,0.9999999999964029
0.14285714285714285,0.14285714285714285,0.14285714285714285,0.14285714285714285,0.14285714285714285,0.14285714285714285,0.14285714285714285,0.0,TP,0.9999999999964029
0.14285714285714285,0.14285714285714285,0.14285714285714285,0.14285714285714285,0.14285714285714285,0.14285714285714285,0.14285714285714285,0.0,TP,0.9999999999964029
0.1550144657676479,0.028227964624280916,0.01703915571500674,0.17948329450319714,0.12727117409444538,0.004793389757859801,0.4881705555375621,0.0,TP,0.7222272816581242
0.14285714285714285,0.14285714285714285,0.14285714285714285,0.14285714285714285,0.14285714285714285,0.14285714285714285,0.14285714285714285,0.0,TP,0.9999999999964029
0.14285714285714285,0.14285714285714285,0.14285714285714285,0.14285714285714285,0.14285714285714285,0.14285714285714285,0.14285714285714285,0.0,TP,0.9999999999964029
0.14285714285714285,0.14285714285714285,0.14285714285714285,0.14285714285714285,0.14285714285714285,0.14285714285714285,0.14285714285714285,0.0,TP,0.9999999999964029
0.007354491510653857,0.4173638647480711,0.014599491383834803,0.008758207825867639,0.41770436898647356,0.0017015178693501995,0.13251805767574884,0.0,TP,0.589618163673391
0.14285714285714285,0.14285714285714285,0.14285714285714285,0.14285714285714285,0.14285714285714285,0.14285714285714285,0.14285714285714285,0.0,TP,0.9999999999964029
0.14285714285714285,0.14285714285714285,0.14285714285714285,0.14285714285714285,0.14285714285714285,0.14285714285714285,0.14285714285714285,0.0,TP,0.9999999999964029
0.14285714285714285,0.14285714285714285,0.14285714285714285,0.14285714285714285,0.14285714285714285,0.14285714285714285,0.14285714285714285,0.0,TP,0.9999999999964029
0.14285714285714285,0.14285714285714285,0.14285714285714285,0.14285714285714285,0.14285714285714285,0.14285714285714285,0.14285714285714285,0.0,TP,0.9999999999964029
0.14285714285714285,0.14285714285714285,0.14285714285714285,0.14285714285714285,0.14285714285714285,0.14285714285714285,0.14285714285714285,0.0,TP,0.9999999999964029
0.14285714285714285,0.14285714285714285,0.14285714285714285,0.14285714285714285,0.14285714285714285,0.14285714285714285,0.14285714285714285,0.0,TP,0.9999999999964029
0.14285714285714285,0.14285714285714285,0.14285714285714285,0.14285714285714285,0.14285714285714285,0.14285714285714285,0.14285714285714285,0.0,TP,0.9999999999964029
0.14285714285714285,0.14285714285714285,0.14285714285714285,0.14285714285714285,0.14285714285714285,0.14285714285714285,0.14285714285714285,0.0,TP,0.9999999999964029
0.14285714285714285,0.14285714285714285,0.14285714285714285,0.14285714285714285,0.14285714285714285,0.14285714285714285,0.14285714285714285,0.0,TP,0.9999999999964029
0.15917997380573318,0.02229852641207901,0.6180738468253335,0.06585986637429035,0.005487034599270613,0.026340504726608673,0.10051799472933917,0.00224225252734541,TP,0.5880600244869809
0.14285714285714285,0.14285714285714285,0.14285714285714285,0.14285714285714285,0.14285714285714285,0.14285714285714285,0.14285714285714285,0.0,TP,0.9999999999964029
0.14285714285714285,0.14285714285714285,0.14285714285714285,0.14285714285714285,0.14285714285714285,0.14285714285714285,0.14285714285714285,0.0,TP,0.9999999999964029
0.14285714285714285,0.14285714285714285,0.14285714285714285,0.14285714285714285,0.14285714285714285,0.14285714285714285,0.14285714285714285,0.0,TP,0.9999999999964029
0.10697376693580661,0.02851360929416916,0.08306861685061093,0.31700545616610976,0.11030309551279505,0.09830252684873232,0.25583292839177624,0.0,TP,0.8897459520734047
0.1590364949107945,0.5452638260190875,0.01869246979969264,0.007856760673176552,0.0014801628390565071,0.1811459105166181,0.08652437524157411,0.0,TP,0.6508242664312579
0.14285714285714285,0.14285714285714285,0.14285714285714285,0.14285714285714285,0.14285714285714285,0.14285714285714285,0.14285714285714285,0.0,TP,0.9999999999964029
0.14285714285714285,0.14285714285714285,0.14285714285714285,0.14285714285714285,0.14285714285714285,0.14285714285714285,0.14285714285714285,0.0,TP,0.9999999999964029
0.14285714285714285,0.14285714285714285,0.14285714285714285,0.14285714285714285,0.14285714285714285,0.14285714285714285,0.14285714285714285,0.0,TP,0.9999999999964029
0.14285714285714285,0.14285714285714285,0.14285714285714285,0.14285714285714285,0.14285714285714285,0.14285714285714285,0.14285714285714285,0.0,TP,0.9999999999964029
0.14285714285714285,0.14285714285714285,0.14285714285714285,0.14285714285714285,0.14285714285714285,0.14285714285714285,0.14285714285714285,0.0,TP,0.9999999999964029
0.14285714285714285,0.14285714285714285,0.14285714285714285,0.14285714285714285,0.14285714285714285,0.14285714285714285,0.14285714285714285,0.0,TP,0.9999999999964029
0.14285714285714285,0.14285714285714285,0.14285714285714285,0.14285714285714285,0.14285714285714285,0.14285714285714285,0.14285714285714285,0.0,TP,0.9999999999964029
0.14285714285714285,0.14285714285714285,0.14285714285714285,0.14285714285714285,0.14285714285714285,0.14285714285714285,0.14285714285714285,0.0,TP,0.9999999999964029
0.14285714285714285,0.14285714285714285,0.14285714285714285,0.14285714285714285,0.14285714285714285,0.14285714285714285,0.14285714285714285,0.0,TP,0.9999999999964029
0.14285714285714285,0.14285714285714285,0.14285714285714285,0.14285714285714285,0.14285714285714285,0.14285714285714285,0.14285714285714285,0.0,TP,0.9999999999964029
0.14285714285714285,0.14285714285714285,0.14285714285714285,0.14285714285714285,0.14285714285714285,0.14285714285714285,0.14285714285714285,0.0,TP,0.9999999999964029
0.14285714285714285,0.14285714285714285,0.14285714285714285,0.14285714285714285,0.14285714285714285,0.14285714285714285,0.14285714285714285,0.0,TP,0.9999999999964029
0.07716485815570233,0.2839758589631767,0.25602517158234966,0.11881013304907449,0.1605550527869734,0.10048048437150495,0.0029884410912184257,0.0,TP,0.8731237662021718
0.14285714285714285,0.14285714285714285,0.14285714285714285,0.14285714285714285,0.14285714285714285,0.14285714285714285,0.14285714285714285,0.0,TP,0.9999999999964029
0.14285714285714285,0.14285714285714285,0.14285714285714285,0.14285714285714285,0.14285714285714285,0.14285714285714285,0.14285714285714285,0.0,TP,0.9999999999964029
0.14285714285714285,0.14285714285714285,0.14285714285714285,0.14285714285714285,0.14285714285714285,0.14285714285714285,0.14285714285714285,0.0,TP,0.9999999999964029
0.14285714285714285,0.14285714285714285,0.14285714285714285,0.14285714285714285,0.14285714285714285,0.14285714285714285,0.14285714285714285,0.0,TP,0.9999999999964029
0.14285714285714285,0.14285714285714285,0.14285714285714285,0.14285714285714285,0.14285714285714285,0.14285714285714285,0.14285714285714285,0.0,TP,0.9999999999964029
0.14285714285714285,0.14285714285714285,0.14285714285714285,0.14285714285714285,0.14285714285714285,0.14285714285714285,0.14285714285714285,0.0,TP,0.9999999999964029
0.14285714285714285,0.14285714285714285,0.14285714285714285,0.14285714285714285,0.14285714285714285,0.14285714285714285,0.14285714285714285,0.0,TP,0.9999999999964029
0.14285714285714285,0.14285714285714285,0.14285714285714285,0.14285714285714285,0.14285714285714285,0.14285714285714285,0.14285714285714285,0.0,TP,0.9999999999964029
0.04068613355298111,0.07136470447325356,0.2861997736832652,0.12898376710743992,0.012007419791762312,0.18844000523694115,0.18626424737795663,0.08605394877640003,TP,0.8812941507943236
0.14285714285714285,0.14285714285714285,0.14285714285714285,0.14285714285714285,0.14285714285714285,0.14285714285714285,0.14285714285714285,0.0,TP,0.9999999999964029
0.14285714285714285,0.14285714285714285,0.14285714285714285,0.14285714285714285,0.14285714285714285,0.14285714285714285,0.14285714285714285,0.0,TP,0.9999999999964029
0.14285714285714285,0.14285714285714285,0.14285714285714285,0.14285714285714285,0.14285714285714285,0.14285714285714285,0.14285714285714285,0.0,TP,0.9999999999964029
0.14285714285714285,0.14285714285714285,0.14285714285714285,0.14285714285714285,0.14285714285714285,0.14285714285714285,0.14285714285714285,0.0,TP,0.9999999999964029
0.14285714285714285,0.14285714285714285,0.14285714285714285,0.14285714285714285,0.14285714285714285,0.14285714285714285,0.14285714285714285,0.0,TP,0.9999999999964029
0.14285714285714285,0.14285714285714285,0.14285714285714285,0.14285714285714285,0.14285714285714285,0.14285714285714285,0.14285714285714285,0.0,TP,0.9999999999964029
0.14285714285714285,0.14285714285714285,0.14285714285714285,0.14285714285714285,0.14285714285714285,0.14285714285714285,0.14285714285714285,0.0,TP,0.9999999999964029
0.14285714285714285,0.14285714285714285,0.14285714285714285,0.14285714285714285,0.14285714285714285,0.14285714285714285,0.14285714285714285,0.0,TP,0.9999999999964029
0.14285714285714285,0.14285714285714285,0.14285714285714285,0.14285714285714285,0.14285714285714285,0.14285714285714285,0.14285714285714285,0.0,TP,0.9999999999964029
0.14285714285714285,0.14285714285714285,0.14285714285714285,0.14285714285714285,0.14285714285714285,0.14285714285714285,0.14285714285714285,0.0,TP,0.9999999999964029
0.14285714285714285,0.14285714285714285,0.14285714285714285,0.14285714285714285,0.14285714285714285,0.14285714285714285,0.14285714285714285,0.0,TP,0.9999999999964029
0.14285714285714285,0.14285714285714285,0.14285714285714285,0.14285714285714285,0.14285714285714285,0.14285714285714285,0.14285714285714285,0.0,TP,0.9999999999964029
0.14285714285714285,0.14285714285714285,0.14285714285714285,0.14285714285714285,0.14285714285714285,0.14285714285714285,0.14285714285714285,0.0,TP,0.9999999999964029
0.14285714285714285,0.14285714285714285,0.14285714285714285,0.14285714285714285,0.14285714285714285,0.14285714285714285,0.14285714285714285,0.0,TP,0.9999999999964029
0.20449820126730284,0.17736389056739263,0.17183324165531455,0.026409109438540475,0.20244546088656717,0.13561965148368754,0.08183044470119466,0.0,TP,0.9399697407478137
0.14285714285714285,0.14285714285714285,0.14285714285714285,0.14285714285714285,0.14285714285714285,0.14285714285714285,0.14285714285714285,0.0,TP,0.9999999999964029
0.14285714285714285,0.14285714285714285,0.14285714285714285,0.14285714285714285,0.14285714285714285,0.14285714285714285,0.14285714285714285,0.0,TP,0.9999999999964029
0.5555188924815094,0.047428105905061434,0.1263656131873111,0.1136362435534315,0.04802164886859697,0.092751479782193,0.016278016221896417,0.0,TP,0.7261667904211607
0.14285714285714285,0.14285714285714285,0.14285714285714285,0.14285714285714285,0.14285714285714285,0.14285714285714285,0.14285714285714285,0.0,TP,0.9999999999964029
0.14285714285714285,0.14285714285714285,0.14285714285714285,0.14285714285714285,0.14285714285714285,0.14285714285714285,0.14285714285714285,0.0,TP,0.9999999999964029
0.14285714285714285,0.14285714285714285,0.14285714285714285,0.14285714285714285,0.14285714285714285,0.14285714285714285,0.14285714285714285,0.0,TP,0.9999999999964029
0.06282496505579348,0.22280407463372004,0.33298198937753787,0.16537321237230176,0.049477882312273236,0.039691726545188974,0.1268461497031846,0.0,TP,0.879219308276016
0.14285714285714285,0.14285714285714285,0.14285714285714285,0.14285714285714285,0.14285714285714285,0.14285714285714285,0.14285714285714285,0.0,TP,0.9999999999964029
0.11467429660969594,0.15283662582091706,0.06827888590134734,0.0010175564495030205,0.0014028771783654325,0.1618204932663306,0.4999692647738406,0.0,TP,0.7072429760930526
0.14285714285714285,0.14285714285714285,0.14285714285714285,0.14285714285714285,0.14285714285714285,0.14285714285714285,0.14285714285714285,0.0,TP,0.9999999999964029
0.14285714285714285,0.14285714285714285,0.14285714285714285,0.14285714285714285,0.14285714285714285,0.14285714285714285,0.14285714285714285,0.0,TP,0.9999999999964029
0.14285714285714285,0.14285714285714285,0.14285714285714285,0.14285714285714285,0.14285714285714285,0.14285714285714285,0.14285714285714285,0.0,TP,0.9999999999964029
0.14285714285714285,0.14285714285714285,0.14285714285714285,0.14285714285714285,0.14285714285714285,0.14285714285714285,0.14285714285714285,0.0,TP,0.9999999999964029
0.2500146771306873,0.18747856663116902,0.000984486882408567,0.042199478351914385,0.12420727283143368,0.07887730980184317,0.05152615335277294,0.264712055017771,TP,0.8487270581058649
0.14285714285714285,0.14285714285714285,0.14285714285714285,0.14285714285714285,0.14285714285714285,0.14285714285714285,0.14285714285714285,0.0,TP,0.9999999999964029
0.062394843179166215,0.04878169507843226,0.11282984142376237,0.17372891979312852,0.03184727603722816,0.12983252064765316,0.06643696986547895,0.37414793397515045,TP,0.8624852646981759
0.14285714285714285,0.14285714285714285,0.14285714285714285,0.14285714285714285,0.14285714285714285,0.14285714285714285,0.14285714285714285,0.0,TP,0.9999999999964029
0.14285714285714285,0.14285714285714285,0.14285714285714285,0.14285714285714285,0.14285714285714285,0.14285714285714285,0.14285714285714285,0.0,TP,0.9999999999964029
0.1435929286370045,0.041071190432098004,0.028498234173591083,0.35940635068637666,0.15947320645440144,0.016517544352740422,0.25007775370027585,0.0013627915635118818,TP,0.7670907703490655
0.14285714285714285,0.14285714285714285,0.14285714285714285,0.14285714285714285,0.14285714285714285,0.14285714285714285,0.14285714285714285,0.0,TP,0.9999999999964029
0.14285714285714285,0.14285714285714285,0.14285714285714285,0.14285714285714285,0.14285714285714285,0.14285714285714285,0.14285714285714285,0.0,TP,0.9999999999964029
0.14285714285714285,0.14285714285714285,0.14285714285714285,0.14285714285714285,0.14285714285714285,0.14285714285714285,0.14285714285714285,0.0,TP,0.9999999999964029
0.17885813062454556,0.013644502975055543,0.44303276813436043,0.03968799802815585,0.1498510101275118,0.03705920797182526,0.0017080265922265474,0.13615835554631894,TP,0.7425586403304533
0.14285714285714285,0.14285714285714285,0.14285714285714285,0.14285714285714285,0.14285714285714285,0.14285714285714285,0.14285714285714285,0.0,TP,0.9999999999964029
0.14285714285714285,0.14285714285714285,0.14285714285714285,0.14285714285714285,0.14285714285714285,0.14285714285714285,0.14285714285714285,0.0,TP,0.9999999999964029
0.14285714285714285,0.14285714285714285,0.14285714285714285,0.14285714285714285,0.14285714285714285,0.14285714285714285,0.14285714285714285,0.0,TP,0.9999999999964029
0.14285714285714285,0.14285714285714285,0.14285714285714285,0.14285714285714285,0.14285714285714285,0.14285714285714285,0.14285714285714285,0.0,TP,0.9999999999964029
0.14285714285714285,0.14285714285714285,0.14285714285714285,0.14285714285714285,0.14285714285714285,0.14285714285714285,0.14285714285714285,0.0,TP,0.9999999999964029
0.06279289143814142,0.015974483044040227,0.09325107436409107,0.4139239697885828,0.03538401253071318,0.09904451914349795,0.060029344292403766,0.2195997053985296,TP,0.8056192414414846
0.0866428764958165,0.40317315886652205,0.2184188810005789,0.007399544800406208,0.044812752748696685,0.21241606223787854,0.020314423731784746,0.006822300118316342,TP,0.7348942687902486
0.1480801259691857,0.004396662961175993,0.1928443913501028,0.03973764545587159,0.0015964127771126977,0.587972663499877,0.0018503774365585036,0.023521720550115623,TP,0.5648857294801511
0.14285714285714285,0.14285714285714285,0.14285714285714285,0.14285714285714285,0.14285714285714285,0.14285714285714285,0.14285714285714285,0.0,TP,0.9999999999964029
0.07700117700325314,0.42006937632926655,0.2925676873169412,0.07128253460146534,0.003849580424676167,0.04826076557046369,0.0355471044453313,0.05142177430860247,TP,0.7446824027377097
0.14285714285714285,0.14285714285714285,0.14285714285714285,0.14285714285714285,0.14285714285714285,0.14285714285714285,0.14285714285714285,0.0,TP,0.9999999999964029
0.055591980199578145,0.13203683493618956,0.1662464554803822,0.22511527824213493,0.03519125487382987,0.2592666394079319,0.1265515568599534,0.0,TP,0.9205520737355724
0.14285714285714285,0.14285714285714285,0.14285714285714285,0.14285714285714285,0.14285714285714285,0.14285714285714285,0.14285714285714285,0.0,TP,0.9999999999964029
0.14285714285714285,0.14285714285714285,0.14285714285714285,0.14285714285714285,0.14285714285714285,0.14285714285714285,0.14285714285714285,0.0,TP,0.9999999999964029
0.14285714285714285,0.14285714285714285,0.14285714285714285,0.14285714285714285,0.14285714285714285,0.14285714285714285,0.14285714285714285,0.0,TP,0.9999999999964029
0.14285714285714285,0.14285714285714285,0.14285714285714285,0.14285714285714285,0.14285714285714285,0.14285714285714285,0.14285714285714285,0.0,TP,0.9999999999964029
0.2726327984372522,0.05261007160951245,0.018220183820743325,7.037523025450022e-05,0.26265224670524495,0.17023969003966613,0.15049254755266173,0.07308208660466457,TP,0.8231379254825251
0.14285714285714285,0.14285714285714285,0.14285714285714285,0.14285714285714285,0.14285714285714285,0.14285714285714285,0.14285714285714285,0.0,TP,0.9999999999964029
0.14285714285714285,0.14285714285714285,0.14285714285714285,0.14285714285714285,0.14285714285714285,0.14285714285714285,0.14285714285714285,0.0,TP,0.9999999999964029
0.14285714285714285,0.14285714285714285,0.14285714285714285,0.14285714285714285,0.14285714285714285,0.14285714285714285,0.14285714285714285,0.0,TP,0.9999999999964029
0.14285714285714285,0.14285714285714285,0.14285714285714285,0.14285714285714285,0.14285714285714285,0.14285714285714285,0.14285714285714285,0.0,TP,0.9999999999964029
0.14285714285714285,0.14285714285714285,0.14285714285714285,0.14285714285714285,0.14285714285714285,0.14285714285714285,0.14285714285714285,0.0,TP,0.9999999999964029
0.14285714285714285,0.14285714285714285,0.14285714285714285,0.14285714285714285,0.14285714285714285,0.14285714285714285,0.14285714285714285,0.0,TP,0.9999999999964029
0.058606637445516314,0.11500433914102932,0.09588871474300886,0.043422605454603885,0.10713767193557398,0.0299102758625768,0.1509546068775299,0.3990751485401609,TP,0.8523002441779224
0.47550770594895775,0.0916041799483677,0.0927411642406174,0.036044278272253726,0.11454884364163581,0.1824818015243072,0.007072026423860435,0.0,TP,0.7741287632023773
0.14285714285714285,0.14285714285714285,0.14285714285714285,0.14285714285714285,0.14285714285714285,0.14285714285714285,0.14285714285714285,0.0,TP,0.9999999999964029
0.14285714285714285,0.14285714285714285,0.14285714285714285,0.14285714285714285,0.14285714285714285,0.14285714285714285,0.14285714285714285,0.0,TP,0.9999999999964029
0.14285714285714285,0.14285714285714285,0.14285714285714285,0.14285714285714285,0.14285714285714285,0.14285714285714285,0.14285714285714285,0.0,TP,0.9999999999964029
0.06776926025845562,0.17548855472475153,0.29776990460973213,0.04607309115910157,0.18407671090258565,0.11067325986438284,0.10223284533912175,0.01591637314186905,TP,0.8870160576375047
0.14285714285714285,0.14285714285714285,0.14285714285714285,0.14285714285714285,0.14285714285714285,0.14285714285714285,0.14285714285714285,0.0,TP,0.9999999999964029
0.2638221922950888,0.03319005138887004,0.03371915495695019,0.02099370335101915,0.03895061183033968,0.08013219908685304,0.3337253315968444,0.19546675549403478,TP,0.8050056301486531
0.13301156226577007,0.05429946435309105,0.13637940314636457,0.05686194021436826,0.22898234953189614,0.3007284630998153,0.08973681738869473,0.0,TP,0.9129323686384471
0.2470081358721462,0.0479220439573579,0.0020686764950605236,0.42062704513674704,0.1357578718103932,0.0063570934018746285,0.05531617115666657,0.084942962169754,TP,0.7410017309179366
0.14285714285714285,0.14285714285714285,0.14285714285714285,0.14285714285714285,0.14285714285714285,0.14285714285714285,0.14285714285714285,0.0,TP,0.9999999999964029
0.14285714285714285,0.14285714285714285,0.14285714285714285,0.14285714285714285,0.14285714285714285,0.14285714285714285,0.14285714285714285,0.0,TP,0.9999999999964029
0.2512127109142684,0.016354562427285835,0.07672773755330443,0.20671501407310625,0.036253237737542965,0.034335018160379135,0.19675308297893476,0.1816486361551782,TP,0.8670195825077334
0.14285714285714285,0.14285714285714285,0.14285714285714285,0.14285714285714285,0.14285714285714285,0.14285714285714285,0.14285714285714285,0.0,TP,0.9999999999964029
0.14285714285714285,0.14285714285714285,0.14285714285714285,0.14285714285714285,0.14285714285714285,0.14285714285714285,0.14285714285714285,0.0,TP,0.9999999999964029
0.14285714285714285,0.14285714285714285,0.14285714285714285,0.14285714285714285,0.14285714285714285,0.14285714285714285,0.14285714285714285,0.0,TP,0.9999999999964029
0.14285714285714285,0.14285714285714285,0.14285714285714285,0.14285714285714285,0.14285714285714285,0.14285714285714285,0.14285714285714285,0.0,TP,0.9999999999964029
0.14285714285714285,0.14285714285714285,0.14285714285714285,0.14285714285714285,0.14285714285714285,0.14285714285714285,0.14285714285714285,0.0,TP,0.9999999999964029
0.14285714285714285,0.14285714285714285,0.14285714285714285,0.14285714285714285,0.14285714285714285,0.14285714285714285,0.14285714285714285,0.0,TP,0.9999999999964029
0.14285714285714285,0.14285714285714285,0.14285714285714285,0.14285714285714285,0.14285714285714285,0.14285714285714285,0.14285714285714285,0.0,TP,0.9999999999964029
0.1395602180016309,0.05123269691893501,0.035630293532824514,0.06895373623178137,0.4541827704814559,0.03158333190335414,0.21885695293001817,0.0,TP,0.7864626583627492
0.14285714285714285,0.14285714285714285,0.14285714285714285,0.14285714285714285,0.14285714285714285,0.14285714285714285,0.14285714285714285,0.0,TP,0.9999999999964029
0.14285714285714285,0.14285714285714285,0.14285714285714285,0.14285714285714285,0.14285714285714285,0.14285714285714285,0.14285714285714285,0.0,TP,0.9999999999964029
0.1795158617443859,0.09769772648854798,0.11235787917948364,0.14312067814223758,0.13081264756654845,0.32381270874345464,0.007904626787287828,0.004777871348053982,TP,0.8436880361821603
0.14285714285714285,0.14285714285714285,0.14285714285714285,0.14285714285714285,0.14285714285714285,0.14285714285714285,0.14285714285714285,0.0,TP,0.9999999999964029
0.14285714285714285,0.14285714285714285,0.14285714285714285,0.14285714285714285,0.14285714285714285,0.14285714285714285,0.14285714285714285,0.0,TP,0.9999999999964029
0.14285714285714285,0.14285714285714285,0.14285714285714285,0.14285714285714285,0.14285714285714285,0.14285714285714285,0.14285714285714285,0.0,TP,0.9999999999964029
0.14285714285714285,0.14285714285714285,0.14285714285714285,0.14285714285714285,0.14285714285714285,0.14285714285714285,0.14285714285714285,0.0,TP,0.9999999999964029
0.014734521856025232,0.003883313654298712,0.04950999552756325,0.7133779498553203,0.18193101907106343,0.006170349378150639,5.567636971891958e-05,0.030337174287859474,TP,0.4431283326495008
0.14285714285714285,0.14285714285714285,0.14285714285714285,0.14285714285714285,0.14285714285714285,0.14285714285714285,0.14285714285714285,0.0,TP,0.9999999999964029
0.14285714285714285,0.14285714285714285,0.14285714285714285,0.14285714285714285,0.14285714285714285,0.14285714285714285,0.14285714285714285,0.0,TP,0.9999999999964029
0.14285714285714285,0.14285714285714285,0.14285714285714285,0.14285714285714285,0.14285714285714285,0.14285714285714285,0.14285714285714285,0.0,TP,0.9999999999964029
0.14285714285714285,0.14285714285714285,0.14285714285714285,0.14285714285714285,0.14285714285714285,0.14285714285714285,0.14285714285714285,0.0,TP,0.9999999999964029
0.14285714285714285,0.14285714285714285,0.14285714285714285,0.14285714285714285,0.14285714285714285,0.14285714285714285,0.14285714285714285,0.0,TP,0.9999999999964029
0.14285714285714285,0.14285714285714285,0.14285714285714285,0.14285714285714285,0.14285714285714285,0.14285714285714285,0.14285714285714285,0.0,TP,0.9999999999964029
0.14285714285714285,0.14285714285714285,0.14285714285714285,0.14285714285714285,0.14285714285714285,0.14285714285714285,0.14285714285714285,0.0,TP,0.9999999999964029
0.14285714285714285,0.14285714285714285,0.14285714285714285,0.14285714285714285,0.14285714285714285,0.14285714285714285,0.14285714285714285,0.0,TP,0.9999999999964029
0.14285714285714285,0.14285714285714285,0.14285714285714285,0.14285714285714285,0.14285714285714285,0.14285714285714285,0.14285714285714285,0.0,TP,0.9999999999964029
0.14285714285714285,0.14285714285714285,0.14285714285714285,0.14285714285714285,0.14285714285714285,0.14285714285714285,0.14285714285714285,0.0,TP,0.9999999999964029
0.14285714285714285,0.14285714285714285,0.14285714285714285,0.14285714285714285,0.14285714285714285,0.14285714285714285,0.14285714285714285,0.0,TP,0.9999999999964029
0.14285714285714285,0.14285714285714285,0.14285714285714285,0.14285714285714285,0.14285714285714285,0.14285714285714285,0.14285714285714285,0.0,TP,0.9999999999964029
0.011864189906080328,0.07146134191284144,0.07383987122159053,0.35183496075167076,0.14199938990088265,0.05183109336724213,0.29716915293969215,0.0,TP,0.8182746439133892
0.14285714285714285,0.14285714285714285,0.14285714285714285,0.14285714285714285,0.14285714285714285,0.14285714285714285,0.14285714285714285,0.0,TP,0.9999999999964029
0.14285714285714285,0.14285714285714285,0.14285714285714285,0.14285714285714285,0.14285714285714285,0.14285714285714285,0.14285714285714285,0.0,TP,0.9999999999964029
0.02246735527302337,0.23351059390384893,0.022737483379429196,0.4698127143189665,0.05987243782272314,0.07963130988177244,0.06570295536429809,0.04626515005593841,TP,0.7487623239579961
0.14285714285714285,0.14285714285714285,0.14285714285714285,0.14285714285714285,0.14285714285714285,0.14285714285714285,0.14285714285714285,0.0,TP,0.9999999999964029
0.0712550288518023,0.1316108563986681,0.1272633954804254,0.3113576637754785,0.17264339944364562,0.04910728649300438,0.10678092987801557,0.029981439678960053,TP,0.9021794415219861
0.14285714285714285,0.14285714285714285,0.14285714285714285,0.14285714285714285,0.14285714285714285,0.14285714285714285,0.14285714285714285,0.0,TP,0.9999999999964029
0.37239882758252146,0.2451502783926309,0.041070837536804725,0.00918205340518676,0.16743096469798804,0.11457077331357497,0.05019626507129322,0.0,TP,0.8141807559430321
0.14285714285714285,0.14285714285714285,0.14285714285714285,0.14285714285714285,0.14285714285714285,0.14285714285714285,0.14285714285714285,0.0,TP,0.9999999999964029
0.14285714285714285,0.14285714285714285,0.14285714285714285,0.14285714285714285,0.14285714285714285,0.14285714285714285,0.14285714285714285,0.0,TP,0.9999999999964029
0.14285714285714285,0.14285714285714285,0.14285714285714285,0.14285714285714285,0.14285714285714285,0.14285714285714285,0.14285714285714285,0.0,TP,0.9999999999964029
0.14285714285714285,0.14285714285714285,0.14285714285714285,0.14285714285714285,0.14285714285714285,0.14285714285714285,0.14285714285714285,0.0,TP,0.9999999999964029
0.14285714285714285,0.14285714285714285,0.14285714285714285,0.14285714285714285,0.14285714285714285,0.14285714285714285,0.14285714285714285,0.0,TP,0.9999999999964029
0.14285714285714285,0.14285714285714285,0.14285714285714285,0.14285714285714285,0.14285714285714285,0.14285714285714285,0.14285714285714285,0.0,TP,0.9999999999964029
0.14285714285714285,0.14285714285714285,0.14285714285714285,0.14285714285714285,0.14285714285714285,0.14285714285714285,0.14285714285714285,0.0,TP,0.9999999999964029
0.14285714285714285,0.14285714285714285,0.14285714285714285,0.14285714285714285,0.14285714285714285,0.14285714285714285,0.14285714285714285,0.0,TP,0.9999999999964029
0.14285714285714285,0.14285714285714285,0.14285714285714285,0.14285714285714285,0.14285714285714285,0.14285714285714285,0.14285714285714285,0.0,TP,0.9999999999964029
0.14285714285714285,0.14285714285714285,0.14285714285714285,0.14285714285714285,0.14285714285714285,0.14285714285714285,0.14285714285714285,0.0,TP,0.9999999999964029
0.14285714285714285,0.14285714285714285,0.14285714285714285,0.14285714285714285,0.14285714285714285,0.14285714285714285,0.14285714285714285,0.0,TP,0.9999999999964029
0.1065965346172206,0.4868894126568412,0.04708301438075829,0.10235745709723656,0.02198453441986316,0.14342168885777554,0.07250126365262846,0.019166094317675974,TP,0.7669050780599097
0.14285714285714285,0.14285714285714285,0.14285714285714285,0.14285714285714285,0.14285714285714285,0.14285714285714285,0.14285714285714285,0.0,TP,0.9999999999964029
0.14285714285714285,0.14285714285714285,0.14285714285714285,0.14285714285714285,0.14285714285714285,0.14285714285714285,0.14285714285714285,0.0,TP,0.9999999999964029
0.2842246379377476,0.007495987158652957,0.09757576874704106,0.019941223298927835,0.15088278672439379,0.27146778760147655,0.0028947624094779367,0.16551704612228246,TP,0.7950847315101612
0.14285714285714285,0.14285714285714285,0.14285714285714285,0.14285714285714285,0.14285714285714285,0.14285714285714285,0.14285714285714285,0.0,TP,0.9999999999964029
0.01648580705971638,0.13753841776336215,0.17146450100746394,0.01635783136990534,0.11110222635200907,0.1263690633825781,0.02239159974369851,0.3982905533212663,TP,0.8018598673700842
0.14285714285714285,0.14285714285714285,0.14285714285714285,0.14285714285714285,0.14285714285714285,0.14285714285714285,0.14285714285714285,0.0,TP,0.9999999999964029
0.14285714285714285,0.14285714285714285,0.14285714285714285,0.14285714285714285,0.14285714285714285,0.14285714285714285,0.14285714285714285,0.0,TP,0.9999999999964029
0.07680036093539615,0.01864478847417941,0.09160990885620539,0.537789974459533,0.0748789062897474,0.05478517438491247,0.14549088660002618,0.0,TP,0.7490359318149441
0.18417550923161521,0.3028926134343992,0.037190174882999714,0.15990117900262255,0.2026154844398392,0.02365729437426837,0.08956774463425574,0.0,TP,0.8823959205700719
0.14285714285714285,0.14285714285714285,0.14285714285714285,0.14285714285714285,0.14285714285714285,0.14285714285714285,0.14285714285714285,0.0,TP,0.9999999999964029
0.14285714285714285,0.14285714285714285,0.14285714285714285,0.14285714285714285,0.14285714285714285,0.14285714285714285,0.14285714285714285,0.0,TP,0.9999999999964029
0.14285714285714285,0.14285714285714285,0.14285714285714285,0.14285714285714285,0.14285714285714285,0.14285714285714285,0.14285714285714285,0.0,TP,0.9999999999964029
0.14285714285714285,0.14285714285714285,0.14285714285714285,0.14285714285714285,0.14285714285714285,0.14285714285714285,0.14285714285714285,0.0,TP,0.9999999999964029
0.06383198932859208,0.006081570343899075,0.21162173428553838,0.29761160831639305,0.03709557461704453,0.37018210580919464,0.004380458318070369,0.009194958981267766,TP,0.6987348702799808
0.14285714285714285,0.14285714285714285,0.14285714285714285,0.14285714285714285,0.14285714285714285,0.14285714285714285,0.14285714285714285,0.0,TP,0.9999999999964029
0.14285714285714285,0.14285714285714285,0.14285714285714285,0.14285714285714285,0.14285714285714285,0.14285714285714285,0.14285714285714285,0.0,TP,0.9999999999964029
0.14285714285714285,0.14285714285714285,0.14285714285714285,0.14285714285714285,0.14285714285714285,0.14285714285714285,0.14285714285714285,0.0,TP,0.9999999999964029
0.08590474967641536,0.05801598053158703,0.003021882706857961,0.2738073749448462,0.31179049034818573,0.04339749381567185,0.0878648133554995,0.13619721462093617,TP,0.8333806252413533
0.006969004559437734,0.08503889835385688,0.19634108645867812,0.1714488781024078,0.03967770713812064,0.3379984233332894,0.16252600205420947,0.0,TP,0.8510857599988899
0.14285714285714285,0.14285714285714285,0.14285714285714285,0.14285714285714285,0.14285714285714285,0.14285714285714285,0.14285714285714285,0.0,TP,0.9999999999964029
0.14285714285714285,0.14285714285714285,0.14285714285714285,0.14285714285714285,0.14285714285714285,0.14285714285714285,0.14285714285714285,0.0,TP,0.9999999999964029
0.14285714285714285,0.14285714285714285,0.14285714285714285,0.14285714285714285,0.14285714285714285,0.14285714285714285,0.14285714285714285,0.0,TP,0.9999999999964029
0.14285714285714285,0.14285714285714285,0.14285714285714285,0.14285714285714285,0.14285714285714285,0.14285714285714285,0.14285714285714285,0.0,TP,0.9999999999964029
0.14285714285714285,0.14285714285714285,0.14285714285714285,0.14285714285714285,0.14285714285714285,0.14285714285714285,0.14285714285714285,0.0,TP,0.9999999999964029
0.14285714285714285,0.14285714285714285,0.14285714285714285,0.14285714285714285,0.14285714285714285,0.14285714285714285,0.14285714285714285,0.0,TP,0.9999999999964029
0.14285714285714285,0.14285714285714285,0.14285714285714285,0.14285714285714285,0.14285714285714285,0.14285714285714285,0.14285714285714285,0.0,TP,0.9999999999964029
0.14285714285714285,0.14285714285714285,0.14285714285714285,0.14285714285714285,0.14285714285714285,0.14285714285714285,0.14285714285714285,0.0,TP,0.9999999999964029
0.481229366535127,0.029246446128858045,0.19968728749102627,0.04288904644305497,0.13170575465320158,0.014085909408707081,0.1011561893400251,0.0,TP,0.7558557632846232
0.029076413063777534,0.04819598477791556,0.38568842200159703,0.17947473417831858,0.01882261624472417,0.03822254701591783,0.3005192827177493,0.0,TP,0.7634515852654347
0.00034790574940007956,0.527360761573753,0.018348924569550937,0.005210159589980505,0.009649520080828556,0.35776262499883293,0.056595342502421146,0.024724760935232935,TP,0.5325947061329476
0.14285714285714285,0.14285714285714285,0.14285714285714285,0.14285714285714285,0.14285714285714285,0.14285714285714285,0.14285714285714285,0.0,TP,0.9999999999964029
0.14285714285714285,0.14285714285714285,0.14285714285714285,0.14285714285714285,0.14285714285714285,0.14285714285714285,0.14285714285714285,0.0,TP,0.9999999999964029
0.14285714285714285,0.14285714285714285,0.14285714285714285,0.14285714285714285,0.14285714285714285,0.14285714285714285,0.14285714285714285,0.0,TP,0.9999999999964029
0.14285714285714285,0.14285714285714285,0.14285714285714285,0.14285714285714285,0.14285714285714285,0.14285714285714285,0.14285714285714285,0.0,TP,0.9999999999964029
0.02058089018676753,0.08604213943669997,0.6037295405370815,0.0611057334024375,0.00504845706214916,0.017624139233789658,0.19290984588998566,0.0129592542510889,TP,0.5953863621699244
0.07806071665984636,0.18389083406298704,0.045758037232560014,0.16801012653208927,0.3974112439485873,0.01059188579337262,0.013980847081258263,0.1022963086892993,TP,0.7978656196099553
0.14285714285714285,0.14285714285714285,0.14285714285714285,0.14285714285714285,0.14285714285714285,0.14285714285714285,0.14285714285714285,0.0,TP,0.9999999999964029
0.14285714285714285,0.14285714285714285,0.14285714285714285,0.14285714285714285,0.14285714285714285,0.14285714285714285,0.14285714285714285,0.0,TP,0.9999999999964029
0.15878835146699924,0.06013837659296258,0.016301927857029115,0.02911710274215712,0.3042485411964458,0.02595342209015456,0.38467485507779187,0.02077742297645982,TP,0.738717275302247
0.06795204211175185,0.17548563689656782,0.1348731378406576,0.41547948063876877,0.1451656545349251,0.050173303271613366,0.010870744705715462,0.0,TP,0.8236097178264846
0.17801875763964048,0.3687781437603167,0.34941219844297267,0.03696902485144794,0.06194877035369022,0.0031035289280109666,0.0017695760239209543,0.0,TP,0.7019231336764535
0.14285714285714285,0.14285714285714285,0.14285714285714285,0.14285714285714285,0.14285714285714285,0.14285714285714285,0.14285714285714285,0.0,TP,0.9999999999964029
0.0012082202675722726,0.13490759253444082,0.19936032583049926,0.07651803391517686,0.5761484794748232,0.005427560075876369,0.0064297879016113274,0.0,TP,0.6038147777632712
0.14285714285714285,0.14285714285714285,0.14285714285714285,0.14285714285714285,0.14285714285714285,0.14285714285714285,0.14285714285714285,0.0,TP,0.9999999999964029
0.14285714285714285,0.14285714285714285,0.14285714285714285,0.14285714285714285,0.14285714285714285,0.14285714285714285,0.14285714285714285,0.0,TP,0.9999999999964029
0.10092817987583136,0.007701191667594502,0.02687783661662885,0.2334612396037128,0.5484091379379322,0.010126242700087204,0.07249617159821314,0.0,TP,0.6536621010056763
0.14285714285714285,0.14285714285714285,0.14285714285714285,0.14285714285714285,0.14285714285714285,0.14285714285714285,0.14285714285714285,0.0,TP,0.9999999999964029
0.15299268463668422,0.3221570510463097,0.3240644879673069,0.08252344986726325,0.06311987507363614,0.015259002971333485,0.039883448437466315,0.0,TP,0.8170292305540832
0.23347857581915327,0.37606555644688755,0.05752172406707716,0.14757148292124106,0.13516841796510332,0.027970637077615917,0.0222236057029217,0.0,TP,0.8269601063768437
0.14285714285714285,0.14285714285714285,0.14285714285714285,0.14285714285714285,0.14285714285714285,0.14285714285714285,0.14285714285714285,0.0,TP,0.9999999999964029
0.14285714285714285,0.14285714285714285,0.14285714285714285,0.14285714285714285,0.14285714285714285,0.14285714285714285,0.14285714285714285,0.0,TP,0.9999999999964029
0.14285714285714285,0.14285714285714285,0.14285714285714285,0.14285714285714285,0.14285714285714285,0.14285714285714285,0.14285714285714285,0.0,TP,0.9999999999964029
0.14285714285714285,0.14285714285714285,0.14285714285714285,0.14285714285714285,0.14285714285714285,0.14285714285714285,0.14285714285714285,0.0,TP,0.9999999999964029
0.14285714285714285,0.14285714285714285,0.14285714285714285,0.14285714285714285,0.14285714285714285,0.14285714285714285,0.14285714285714285,0.0,TP,0.9999999999964029
0.14285714285714285,0.14285714285714285,0.14285714285714285,0.14285714285714285,0.14285714285714285,0.14285714285714285,0.14285714285714285,0.0,TP,0.9999999999964029
0.14285714285714285,0.14285714285714285,0.14285714285714285,0.14285714285714285,0.14285714285714285,0.14285714285714285,0.14285714285714285,0.0,TP,0.9999999999964029
0.07495628154673555,0.2240511277086582,0.13480402450024748,0.23956981412136438,0.02681067874068472,0.18448598120426982,0.04017934619280979,0.07514274598522995,TP,0.9013513125220154
0.14285714285714285,0.14285714285714285,0.14285714285714285,0.14285714285714285,0.14285714285714285,0.14285714285714285,0.14285714285714285,0.0,TP,0.9999999999964029
0.013510850970088832,0.4176630532152207,0.07036662425516355,0.0010253050883734197,0.24733690362154034,0.02550702131468395,0.11283590518950808,0.1117543363454212,TP,0.7438645919545999
0.0046119460326952055,0.4568929203888228,0.004860333207756564,0.3121744852746471,0.0017403471277933492,0.005297553413015799,0.15535641421263716,0.05906600034263194,TP,0.6094029257034169
0.14285714285714285,0.14285714285714285,0.14285714285714285,0.14285714285714285,0.14285714285714285,0.14285714285714285,0.14285714285714285,0.0,TP,0.9999999999964029
0.14285714285714285,0.14285714285714285,0.14285714285714285,0.14285714285714285,0.14285714285714285,0.14285714285714285,0.14285714285714285,0.0,TP,0.9999999999964029
0.14285714285714285,0.14285714285714285,0.14285714285714285,0.14285714285714285,0.14285714285714285,0.14285714285714285,0.14285714285714285,0.0,TP,0.9999999999964029
0.14285714285714285,0.14285714285714285,0.14285714285714285,0.14285714285714285,0.14285714285714285,0.14285714285714285,0.14285714285714285,0.0,TP,0.9999999999964029
0.14285714285714285,0.14285714285714285,0.14285714285714285,0.14285714285714285,0.14285714285714285,0.14285714285714285,0.14285714285714285,0.0,TP,0.9999999999964029
0.14285714285714285,0.14285714285714285,0.14285714285714285,0.14285714285714285,0.14285714285714285,0.14285714285714285,0.14285714285714285,0.0,TP,0.9999999999964029
0.025506039479543,0.21703837826667471,0.0177680583702828,0.1301594785300364,0.04002444176145914,0.4621465398967695,0.06156539578632562,0.04579166790890882,TP,0.7504445568343919
0.14285714285714285,0.14285714285714285,0.14285714285714285,0.14285714285714285,0.14285714285714285,0.14285714285714285,0.14285714285714285,0.0,TP,0.9999999999964029
0.14285714285714285,0.14285714285714285,0.14285714285714285,0.14285714285714285,0.14285714285714285,0.14285714285714285,0.14285714285714285,0.0,TP,0.9999999999964029
0.14285714285714285,0.14285714285714285,0.14285714285714285,0.14285714285714285,0.14285714285714285,0.14285714285714285,0.14285714285714285,0.0,TP,0.9999999999964029
0.14285714285714285,0.14285714285714285,0.14285714285714285,0.14285714285714285,0.14285714285714285,0.14285714285714285,0.14285714285714285,0.0,TP,0.9999999999964029
0.14285714285714285,0.14285714285714285,0.14285714285714285,0.14285714285714285,0.14285714285714285,0.14285714285714285,0.14285714285714285,0.0,TP,0.9999999999964029
0.08676083456345496,0.018131827829738895,0.006666666733617343,0.07018186659689496,0.2634294518731252,0.4994718719538793,0.01906170437335389,0.03629577607593572,TP,0.6726067787862992
0.14285714285714285,0.14285714285714285,0.14285714285714285,0.14285714285714285,0.14285714285714285,0.14285714285714285,0.14285714285714285,0.0,TP,0.9999999999964029
0.14285714285714285,0.14285714285714285,0.14285714285714285,0.14285714285714285,0.14285714285714285,0.14285714285714285,0.14285714285714285,0.0,TP,0.9999999999964029
0.14285714285714285,0.14285714285714285,0.14285714285714285,0.14285714285714285,0.14285714285714285,0.14285714285714285,0.14285714285714285,0.0,TP,0.9999999999964029
0.14285714285714285,0.14285714285714285,0.14285714285714285,0.14285714285714285,0.14285714285714285,0.14285714285714285,0.14285714285714285,0.0,TP,0.9999999999964029
0.14285714285714285,0.14285714285714285,0.14285714285714285,0.14285714285714285,0.14285714285714285,0.14285714285714285,0.14285714285714285,0.0,TP,0.9999999999964029
0.14285714285714285,0.14285714285714285,0.14285714285714285,0.14285714285714285,0.14285714285714285,0.14285714285714285,0.14285714285714285,0.0,TP,0.9999999999964029
0.14285714285714285,0.14285714285714285,0.14285714285714285,0.14285714285714285,0.14285714285714285,0.14285714285714285,0.14285714285714285,0.0,TP,0.9999999999964029
0.14285714285714285,0.14285714285714285,0.14285714285714285,0.14285714285714285,0.14285714285714285,0.14285714285714285,0.14285714285714285,0.0,TP,0.9999999999964029
0.14285714285714285,0.14285714285714285,0.14285714285714285,0.14285714285714285,0.14285714285714285,0.14285714285714285,0.14285714285714285,0.0,TP,0.9999999999964029
0.14285714285714285,0.14285714285714285,0.14285714285714285,0.14285714285714285,0.14285714285714285,0.14285714285714285,0.14285714285714285,0.0,TP,0.9999999999964029
0.14285714285714285,0.14285714285714285,0.14285714285714285,0.14285714285714285,0.14285714285714285,0.14285714285714285,0.14285714285714285,0.0,TP,0.9999999999964029
0.14285714285714285,0.14285714285714285,0.14285714285714285,0.14285714285714285,0.14285714285714285,0.14285714285714285,0.14285714285714285,0.0,TP,0.9999999999964029
0.14285714285714285,0.14285714285714285,0.14285714285714285,0.14285714285714285,0.14285714285714285,0.14285714285714285,0.14285714285714285,0.0,TP,0.9999999999964029
0.14285714285714285,0.14285714285714285,0.14285714285714285,0.14285714285714285,0.14285714285714285,0.14285714285714285,0.14285714285714285,0.0,TP,0.9999999999964029
0.14285714285714285,0.14285714285714285,0.14285714285714285,0.14285714285714285,0.14285714285714285,0.14285714285714285,0.14285714285714285,0.0,TP,0.9999999999964029
0.14285714285714285,0.14285714285714285,0.14285714285714285,0.14285714285714285,0.14285714285714285,0.14285714285714285,0.14285714285714285,0.0,TP,0.9999999999964029
0.14285714285714285,0.14285714285714285,0.14285714285714285,0.14285714285714285,0.14285714285714285,0.14285714285714285,0.14285714285714285,0.0,TP,0.9999999999964029
0.14285714285714285,0.14285714285714285,0.14285714285714285,0.14285714285714285,0.14285714285714285,0.14285714285714285,0.14285714285714285,0.0,TP,0.9999999999964029
0.14285714285714285,0.14285714285714285,0.14285714285714285,0.14285714285714285,0.14285714285714285,0.14285714285714285,0.14285714285714285,0.0,TP,0.9999999999964029
0.14285714285714285,0.14285714285714285,0.14285714285714285,0.14285714285714285,0.14285714285714285,0.14285714285714285,0.14285714285714285,0.0,TP,0.9999999999964029
0.14285714285714285,0.14285714285714285,0.14285714285714285,0.14285714285714285,0.14285714285714285,0.14285714285714285,0.14285714285714285,0.0,TP,0.9999999999964029
0.14285714285714285,0.14285714285714285,0.14285714285714285,0.14285714285714285,0.14285714285714285,0.14285714285714285,0.14285714285714285,0.0,TP,0.9999999999964029
0.14285714285714285,0.14285714285714285,0.14285714285714285,0.14285714285714285,0.14285714285714285,0.14285714285714285,0.14285714285714285,0.0,TP,0.9999999999964029
0.14285714285714285,0.14285714285714285,0.14285714285714285,0.14285714285714285,0.14285714285714285,0.14285714285714285,0.14285714285714285,0.0,TP,0.9999999999964029
0.14285714285714285,0.14285714285714285,0.14285714285714285,0.14285714285714285,0.14285714285714285,0.14285714285714285,0.14285714285714285,0.0,TP,0.9999999999964029
0.10610175064547828,0.05668453658629949,0.08703571603778554,0.47854541670873557,0.0728294472043107,0.06378709719020594,0.02504456882538242,0.10997146680180202,TP,0.8018280248989279
0.14285714285714285,0.14285714285714285,0.14285714285714285,0.14285714285714285,0.14285714285714285,0.14285714285714285,0.14285714285714285,0.0,TP,0.9999999999964029
0.14285714285714285,0.14285714285714285,0.14285714285714285,0.14285714285714285,0.14285714285714285,0.14285714285714285,0.14285714285714285,0.0,TP,0.9999999999964029
0.14285714285714285,0.14285714285714285,0.14285714285714285,0.14285714285714285,0.14285714285714285,0.14285714285714285,0.14285714285714285,0.0,TP,0.9999999999964029
0.14285714285714285,0.14285714285714285,0.14285714285714285,0.14285714285714285,0.14285714285714285,0.14285714285714285,0.14285714285714285,0.0,TP,0.9999999999964029
0.14285714285714285,0.14285714285714285,0.14285714285714285,0.14285714285714285,0.14285714285714285,0.14285714285714285,0.14285714285714285,0.0,TP,0.9999999999964029
0.005719059215609767,0.11403252417765822,0.10262534662879992,0.024359253843651875,0.13427193673027757,0.5376976741197449,0.008945621671547865,0.07234858361270986,TP,0.6908992973704863
0.14285714285714285,0.14285714285714285,0.14285714285714285,0.14285714285714285,0.14285714285714285,0.14285714285714285,0.14285714285714285,0.0,TP,0.9999999999964029
0.22026532881068794,0.19668963322857339,0.06245273908490277,0.11766734854742752,0.22140075652519586,0.11537448747545034,0.06614970632776217,0.0,TP,0.9459432440104013
0.14285714285714285,0.14285714285714285,0.14285714285714285,0.14285714285714285,0.14285714285714285,0.14285714285714285,0.14285714285714285,0.0,TP,0.9999999999964029
0.14285714285714285,0.14285714285714285,0.14285714285714285,0.14285714285714285,0.14285714285714285,0.14285714285714285,0.14285714285714285,0.0,TP,0.9999999999964029
0.14285714285714285,0.14285714285714285,0.14285714285714285,0.14285714285714285,0.14285714285714285,0.14285714285714285,0.14285714285714285,0.0,TP,0.9999999999964029
0.2354079629646321,0.04596271986529692,0.004693365118394213,0.21945332200175358,0.01885070484411981,0.16391690131165113,0.13920069410818153,0.17251432978597064,TP,0.8603163031901186
0.14285714285714285,0.14285714285714285,0.14285714285714285,0.14285714285714285,0.14285714285714285,0.14285714285714285,0.14285714285714285,0.0,TP,0.9999999999964029
0.14285714285714285,0.14285714285714285,0.14285714285714285,0.14285714285714285,0.14285714285714285,0.14285714285714285,0.14285714285714285,0.0,TP,0.9999999999964029
0.14285714285714285,0.14285714285714285,0.14285714285714285,0.14285714285714285,0.14285714285714285,0.14285714285714285,0.14285714285714285,0.0,TP,0.9999999999964029
0.14285714285714285,0.14285714285714285,0.14285714285714285,0.14285714285714285,0.14285714285714285,0.14285714285714285,0.14285714285714285,0.0,TP,0.9999999999964029
0.14285714285714285,0.14285714285714285,0.14285714285714285,0.14285714285714285,0.14285714285714285,0.14285714285714285,0.14285714285714285,0.0,TP,0.9999999999964029
0.006258036234769721,0.04572190514140661,0.5535155165787464,0.13596308693169454,0.16754405748702558,0.07977925047017312,0.002424046152409931,0.00879410100377392,TP,0.6389994259269283
0.14285714285714285,0.14285714285714285,0.14285714285714285,0.14285714285714285,0.14285714285714285,0.14285714285714285,0.14285714285714285,0.0,TP,0.9999999999964029
0.14285714285714285,0.14285714285714285,0.14285714285714285,0.14285714285714285,0.14285714285714285,0.14285714285714285,0.14285714285714285,0.0,TP,0.9999999999964029
0.14285714285714285,0.14285714285714285,0.14285714285714285,0.14285714285714285,0.14285714285714285,0.14285714285714285,0.14285714285714285,0.0,TP,0.9999999999964029
0.0063578548130614485,0.08848065174770224,0.02022003590872932,0.6968610814121627,0.005757781491285707,0.007084073883075808,0.0364976043021988,0.13874091644178388,TP,0.4986459655148309
0.14285714285714285,0.14285714285714285,0.14285714285714285,0.14285714285714285,0.14285714285714285,0.14285714285714285,0.14285714285714285,0.0,TP,0.9999999999964029
0.14285714285714285,0.14285714285714285,0.14285714285714285,0.14285714285714285,0.14285714285714285,0.14285714285714285,0.14285714285714285,0.0,TP,0.9999999999964029
0.14285714285714285,0.14285714285714285,0.14285714285714285,0.14285714285714285,0.14285714285714285,0.14285714285714285,0.14285714285714285,0.0,TP,0.9999999999964029
0.14285714285714285,0.14285714285714285,0.14285714285714285,0.14285714285714285,0.14285714285714285,0.14285714285714285,0.14285714285714285,0.0,TP,0.9999999999964029
0.14285714285714285,0.14285714285714285,0.14285714285714285,0.14285714285714285,0.14285714285714285,0.14285714285714285,0.14285714285714285,0.0,TP,0.9999999999964029
0.14285714285714285,0.14285714285714285,0.14285714285714285,0.14285714285714285,0.14285714285714285,0.14285714285714285,0.14285714285714285,0.0,TP,0.9999999999964029
0.14285714285714285,0.14285714285714285,0.14285714285714285,0.14285714285714285,0.14285714285714285,0.14285714285714285,0.14285714285714285,0.0,TP,0.9999999999964029
0.14285714285714285,0.14285714285714285,0.14285714285714285,0.14285714285714285,0.14285714285714285,0.14285714285714285,0.14285714285714285,0.0,TP,0.9999999999964029
0.14285714285714285,0.14285714285714285,0.14285714285714285,0.14285714285714285,0.14285714285714285,0.14285714285714285,0.14285714285714285,0.0,TP,0.9999999999964029
0.14285714285714285,0.14285714285714285,0.14285714285714285,0.14285714285714285,0.14285714285714285,0.14285714285714285,0.14285714285714285,0.0,TP,0.9999999999964029
0.14285714285714285,0.14285714285714285,0.14285714285714285,0.14285714285714285,0.14285714285714285,0.14285714285714285,0.14285714285714285,0.0,TP,0.9999999999964029
0.14285714285714285,0.14285714285714285,0.14285714285714285,0.14285714285714285,0.14285714285714285,0.14285714285714285,0.14285714285714285,0.0,TP,0.9999999999964029
0.14285714285714285,0.14285714285714285,0.14285714285714285,0.14285714285714285,0.14285714285714285,0.14285714285714285,0.14285714285714285,0.0,TP,0.9999999999964029
0.14285714285714285,0.14285714285714285,0.14285714285714285,0.14285714285714285,0.14285714285714285,0.14285714285714285,0.14285714285714285,0.0,TP,0.9999999999964029
0.14285714285714285,0.14285714285714285,0.14285714285714285,0.14285714285714285,0.14285714285714285,0.14285714285714285,0.14285714285714285,0.0,TP,0.9999999999964029
0.14285714285714285,0.14285714285714285,0.14285714285714285,0.14285714285714285,0.14285714285714285,0.14285714285714285,0.14285714285714285,0.0,TP,0.9999999999964029
0.14285714285714285,0.14285714285714285,0.14285714285714285,0.14285714285714285,0.14285714285714285,0.14285714285714285,0.14285714285714285,0.0,TP,0.9999999999964029
0.14285714285714285,0.14285714285714285,0.14285714285714285,0.14285714285714285,0.14285714285714285,0.14285714285714285,0.14285714285714285,0.0,TP,0.9999999999964029
0.14285714285714285,0.14285714285714285,0.14285714285714285,0.14285714285714285,0.14285714285714285,0.14285714285714285,0.14285714285714285,0.0,TP,0.9999999999964029
0.14285714285714285,0.14285714285714285,0.14285714285714285,0.14285714285714285,0.14285714285714285,0.14285714285714285,0.14285714285714285,0.0,TP,0.9999999999964029
0.14285714285714285,0.14285714285714285,0.14285714285714285,0.14285714285714285,0.14285714285714285,0.14285714285714285,0.14285714285714285,0.0,TP,0.9999999999964029
0.051307898883190164,0.05904026059834434,0.17846922171869103,0.0009478066157192764,0.24304174187729413,0.3048896094465736,0.0440893468927825,0.11821411396740507,TP,0.8317516878597947
0.14285714285714285,0.14285714285714285,0.14285714285714285,0.14285714285714285,0.14285714285714285,0.14285714285714285,0.14285714285714285,0.0,TP,0.9999999999964029
0.14285714285714285,0.14285714285714285,0.14285714285714285,0.14285714285714285,0.14285714285714285,0.14285714285714285,0.14285714285714285,0.0,TP,0.9999999999964029
0.14285714285714285,0.14285714285714285,0.14285714285714285,0.14285714285714285,0.14285714285714285,0.14285714285714285,0.14285714285714285,0.0,TP,0.9999999999964029
0.14285714285714285,0.14285714285714285,0.14285714285714285,0.14285714285714285,0.14285714285714285,0.14285714285714285,0.14285714285714285,0.0,TP,0.9999999999964029
0.14285714285714285,0.14285714285714285,0.14285714285714285,0.14285714285714285,0.14285714285714285,0.14285714285714285,0.14285714285714285,0.0,TP,0.9999999999964029
0.14285714285714285,0.14285714285714285,0.14285714285714285,0.14285714285714285,0.14285714285714285,0.14285714285714285,0.14285714285714285,0.0,TP,0.9999999999964029
0.14285714285714285,0.14285714285714285,0.14285714285714285,0.14285714285714285,0.14285714285714285,0.14285714285714285,0.14285714285714285,0.0,TP,0.9999999999964029
0.14285714285714285,0.14285714285714285,0.14285714285714285,0.14285714285714285,0.14285714285714285,0.14285714285714285,0.14285714285714285,0.0,TP,0.9999999999964029
0.14285714285714285,0.14285714285714285,0.14285714285714285,0.14285714285714285,0.14285714285714285,0.14285714285714285,0.14285714285714285,0.0,TP,0.9999999999964029
0.14285714285714285,0.14285714285714285,0.14285714285714285,0.14285714285714285,0.14285714285714285,0.14285714285714285,0.14285714285714285,0.0,TP,0.9999999999964029
0.14285714285714285,0.14285714285714285,0.14285714285714285,0.14285714285714285,0.14285714285714285,0.14285714285714285,0.14285714285714285,0.0,TP,0.9999999999964029
0.004359664972219363,0.3408436033670329,0.006203722238182416,0.02051713801012059,0.4988936049458719,0.07226191704349218,0.0066334487428072655,0.0502869006802733,TP,0.5877704120330491
0.14285714285714285,0.14285714285714285,0.14285714285714285,0.14285714285714285,0.14285714285714285,0.14285714285714285,0.14285714285714285,0.0,TP,0.9999999999964029
0.14285714285714285,0.14285714285714285,0.14285714285714285,0.14285714285714285,0.14285714285714285,0.14285714285714285,0.14285714285714285,0.0,TP,0.9999999999964029
0.21770260656895501,0.007552858547799724,0.18436648810263967,0.006808794291994074,0.10505608900088394,0.37612903171497064,0.10238413177275692,0.0,TP,0.7977574034114084
0.14285714285714285,0.14285714285714285,0.14285714285714285,0.14285714285714285,0.14285714285714285,0.14285714285714285,0.14285714285714285,0.0,TP,0.9999999999964029
0.059193889914180814,0.07665866876684732,0.14462971386744164,0.4939879693015226,0.0015369922887868512,0.08344384202131093,0.0654730182336555,0.0750759056062544,TP,0.7609427155994302
0.14285714285714285,0.14285714285714285,0.14285714285714285,0.14285714285714285,0.14285714285714285,0.14285714285714285,0.14285714285714285,0.0,TP,0.9999999999964029
0.07175999825903445,0.38963428846676557,0.13400597977094597,0.042169994576831786,0.09850892932597025,0.25789272014932224,0.006028089451129774,0.0,TP,0.8056681134437932
0.14285714285714285,0.14285714285714285,0.14285714285714285,0.14285714285714285,0.14285714285714285,0.14285714285714285,0.14285714285714285,0.0,TP,0.9999999999964029
0.14285714285714285,0.14285714285714285,0.14285714285714285,0.14285714285714285,0.14285714285714285,0.14285714285714285,0.14285714285714285,0.0,TP,0.9999999999964029
0.14285714285714285,0.14285714285714285,0.14285714285714285,0.14285714285714285,0.14285714285714285,0.14285714285714285,0.14285714285714285,0.0,TP,0.9999999999964029
0.14285714285714285,0.14285714285714285,0.14285714285714285,0.14285714285714285,0.14285714285714285,0.14285714285714285,0.14285714285714285,0.0,TP,0.9999999999964029
0.14285714285714285,0.14285714285714285,0.14285714285714285,0.14285714285714285,0.14285714285714285,0.14285714285714285,0.14285714285714285,0.0,TP,0.9999999999964029
0.14285714285714285,0.14285714285714285,0.14285714285714285,0.14285714285714285,0.14285714285714285,0.14285714285714285,0.14285714285714285,0.0,TP,0.9999999999964029
0.14285714285714285,0.14285714285714285,0.14285714285714285,0.14285714285714285,0.14285714285714285,0.14285714285714285,0.14285714285714285,0.0,TP,0.9999999999964029
0.07201362226057265,0.31873172900255603,0.1803742291212693,0.01860210879196036,0.10389902491522142,0.2122890740552896,0.09409021185313075,0.0,TP,0.8857564094689322
0.14285714285714285,0.14285714285714285,0.14285714285714285,0.14285714285714285,0.14285714285714285,0.14285714285714285,0.14285714285714285,0.0,TP,0.9999999999964029
0.14285714285714285,0.14285714285714285,0.14285714285714285,0.14285714285714285,0.14285714285714285,0.14285714285714285,0.14285714285714285,0.0,TP,0.9999999999964029
0.14285714285714285,0.14285714285714285,0.14285714285714285,0.14285714285714285,0.14285714285714285,0.14285714285714285,0.14285714285714285,0.0,TP,0.9999999999964029
0.14285714285714285,0.14285714285714285,0.14285714285714285,0.14285714285714285,0.14285714285714285,0.14285714285714285,0.14285714285714285,0.0,TP,0.9999999999964029
0.14285714285714285,0.14285714285714285,0.14285714285714285,0.14285714285714285,0.14285714285714285,0.14285714285714285,0.14285714285714285,0.0,TP,0.9999999999964029
0.14285714285714285,0.14285714285714285,0.14285714285714285,0.14285714285714285,0.14285714285714285,0.14285714285714285,0.14285714285714285,0.0,TP,0.9999999999964029
0.14285714285714285,0.14285714285714285,0.14285714285714285,0.14285714285714285,0.14285714285714285,0.14285714285714285,0.14285714285714285,0.0,TP,0.9999999999964029
0.14285714285714285,0.14285714285714285,0.14285714285714285,0.14285714285714285,0.14285714285714285,0.14285714285714285,0.14285714285714285,0.0,TP,0.9999999999964029
0.14285714285714285,0.14285714285714285,0.14285714285714285,0.14285714285714285,0.14285714285714285,0.14285714285714285,0.14285714285714285,0.0,TP,0.9999999999964029
0.14285714285714285,0.14285714285714285,0.14285714285714285,0.14285714285714285,0.14285714285714285,0.14285714285714285,0.14285714285714285,0.0,TP,0.9999999999964029
0.14285714285714285,0.14285714285714285,0.14285714285714285,0.14285714285714285,0.14285714285714285,0.14285714285714285,0.14285714285714285,0.0,TP,0.9999999999964029
0.14285714285714285,0.14285714285714285,0.14285714285714285,0.14285714285714285,0.14285714285714285,0.14285714285714285,0.14285714285714285,0.0,TP,0.9999999999964029
0.14285714285714285,0.14285714285714285,0.14285714285714285,0.14285714285714285,0.14285714285714285,0.14285714285714285,0.14285714285714285,0.0,TP,0.9999999999964029
0.14285714285714285,0.14285714285714285,0.14285714285714285,0.14285714285714285,0.14285714285714285,0.14285714285714285,0.14285714285714285,0.0,TP,0.9999999999964029
0.14285714285714285,0.14285714285714285,0.14285714285714285,0.14285714285714285,0.14285714285714285,0.14285714285714285,0.14285714285714285,0.0,TP,0.9999999999964029
0.20836473468411423,0.04372728564636025,0.0879119717171988,0.01556024252732548,0.43429285282303565,0.17833307078329755,0.031809841818667924,0.0,TP,0.7819264247959087
0.14285714285714285,0.14285714285714285,0.14285714285714285,0.14285714285714285,0.14285714285714285,0.14285714285714285,0.14285714285714285,0.0,TP,0.9999999999964029
0.14285714285714285,0.14285714285714285,0.14285714285714285,0.14285714285714285,0.14285714285714285,0.14285714285714285,0.14285714285714285,0.0,TP,0.9999999999964029
0.14285714285714285,0.14285714285714285,0.14285714285714285,0.14285714285714285,0.14285714285714285,0.14285714285714285,0.14285714285714285,0.0,TP,0.9999999999964029
0.14285714285714285,0.14285714285714285,0.14285714285714285,0.14285714285714285,0.14285714285714285,0.14285714285714285,0.14285714285714285,0.0,TP,0.9999999999964029
0.018644510076749478,0.029473398248370985,0.013481308786745754,0.679542103082466,0.006363789991571807,0.12276851595919887,0.129726373854897,0.0,TP,0.5413067528282333
0.14285714285714285,0.14285714285714285,0.14285714285714285,0.14285714285714285,0.14285714285714285,0.14285714285714285,0.14285714285714285,0.0,TP,0.9999999999964029
0.14285714285714285,0.14285714285714285,0.14285714285714285,0.14285714285714285,0.14285714285714285,0.14285714285714285,0.14285714285714285,0.0,TP,0.9999999999964029
0.14285714285714285,0.14285714285714285,0.14285714285714285,0.14285714285714285,0.14285714285714285,0.14285714285714285,0.14285714285714285,0.0,TP,0.9999999999964029
0.14285714285714285,0.14285714285714285,0.14285714285714285,0.14285714285714285,0.14285714285714285,0.14285714285714285,0.14285714285714285,0.0,TP,0.9999999999964029
0.40197192707536666,0.03476748705926937,0.01102044708264512,0.11177682600605451,0.055624993480788754,0.0834377920281063,0.28200911376447424,0.019391413503295044,TP,0.7593926920654077
0.036570606249620205,0.08172278016702053,0.04325186220411485,0.36772330031866274,0.022637946894935868,0.27792895626514896,0.17016454790049693,0.0,TP,0.8080312502744772
0.14285714285714285,0.14285714285714285,0.14285714285714285,0.14285714285714285,0.14285714285714285,0.14285714285714285,0.14285714285714285,0.0,TP,0.9999999999964029
0.04962773110471395,0.15340424827199123,0.034256027468286,0.4105120266442087,0.0005050251858515356,0.3169915653633513,0.019280552165061526,0.015422823796535692,TP,0.6858549707964421
0.02510284365179403,0.04027091983220064,0.2275817325914808,0.13759007074142857,0.3689676218334927,0.047917989814081005,0.09678569289169278,0.0557831286438296,TP,0.8329774063357005
0.13853208334025266,0.09742756709228557,0.07190646654354334,0.020580629326277584,0.4654057726977277,0.04275877897922508,0.16338870202068806,0.0,TP,0.7999643155354282
0.14285714285714285,0.14285714285714285,0.14285714285714285,0.14285714285714285,0.14285714285714285,0.14285714285714285,0.14285714285714285,0.0,TP,0.9999999999964029
0.14285714285714285,0.14285714285714285,0.14285714285714285,0.14285714285714285,0.14285714285714285,0.14285714285714285,0.14285714285714285,0.0,TP,0.9999999999964029
0.14285714285714285,0.14285714285714285,0.14285714285714285,0.14285714285714285,0.14285714285714285,0.14285714285714285,0.14285714285714285,0.0,TP,0.9999999999964029
0.14285714285714285,0.14285714285714285,0.14285714285714285,0.14285714285714285,0.14285714285714285,0.14285714285714285,0.14285714285714285,0.0,TP,0.9999999999964029
0.14285714285714285,0.14285714285714285,0.14285714285714285,0.14285714285714285,0.14285714285714285,0.14285714285714285,0.14285714285714285,0.0,TP,0.9999999999964029
0.14285714285714285,0.14285714285714285,0.14285714285714285,0.14285714285714285,0.14285714285714285,0.14285714285714285,0.14285714285714285,0.0,TP,0.9999999999964029
0.14285714285714285,0.14285714285714285,0.14285714285714285,0.14285714285714285,0.14285714285714285,0.14285714285714285,0.14285714285714285,0.0,TP,0.9999999999964029
0.14285714285714285,0.14285714285714285,0.14285714285714285,0.14285714285714285,0.14285714285714285,0.14285714285714285,0.14285714285714285,0.0,TP,0.9999999999964029
0.14285714285714285,0.14285714285714285,0.14285714285714285,0.14285714285714285,0.14285714285714285,0.14285714285714285,0.14285714285714285,0.0,TP,0.9999999999964029
0.14285714285714285,0.14285714285714285,0.14285714285714285,0.14285714285714285,0.14285714285714285,0.14285714285714285,0.14285714285714285,0.0,TP,0.9999999999964029
0.005165185911229307,0.10571551102894648,0.2403683458688744,0.2157811284324818,0.40228349262302077,0.013730487872763115,0.016955848262684037,0.0,TP,0.7362280427964628
0.14285714285714285,0.14285714285714285,0.14285714285714285,0.14285714285714285,0.14285714285714285,0.14285714285714285,0.14285714285714285,0.0,TP,0.9999999999964029
0.14285714285714285,0.14285714285714285,0.14285714285714285,0.14285714285714285,0.14285714285714285,0.14285714285714285,0.14285714285714285,0.0,TP,0.9999999999964029
0.14285714285714285,0.14285714285714285,0.14285714285714285,0.14285714285714285,0.14285714285714285,0.14285714285714285,0.14285714285714285,0.0,TP,0.9999999999964029
0.14285714285714285,0.14285714285714285,0.14285714285714285,0.14285714285714285,0.14285714285714285,0.14285714285714285,0.14285714285714285,0.0,TP,0.9999999999964029
0.14285714285714285,0.14285714285714285,0.14285714285714285,0.14285714285714285,0.14285714285714285,0.14285714285714285,0.14285714285714285,0.0,TP,0.9999999999964029
0.14285714285714285,0.14285714285714285,0.14285714285714285,0.14285714285714285,0.14285714285714285,0.14285714285714285,0.14285714285714285,0.0,TP,0.9999999999964029
0.0617181483696475,0.20196033942047117,0.11485876905642303,0.3290274569571785,0.011254384630703766,0.06643344687180038,0.20699797067043926,0.007749484023336436,TP,0.8192640935356904
0.14285714285714285,0.14285714285714285,0.14285714285714285,0.14285714285714285,0.14285714285714285,0.14285714285714285,0.14285714285714285,0.0,TP,0.9999999999964029
0.14285714285714285,0.14285714285714285,0.14285714285714285,0.14285714285714285,0.14285714285714285,0.14285714285714285,0.14285714285714285,0.0,TP,0.9999999999964029
0.14285714285714285,0.14285714285714285,0.14285714285714285,0.14285714285714285,0.14285714285714285,0.14285714285714285,0.14285714285714285,0.0,TP,0.9999999999964029
0.14285714285714285,0.14285714285714285,0.14285714285714285,0.14285714285714285,0.14285714285714285,0.14285714285714285,0.14285714285714285,0.0,TP,0.9999999999964029
0.14285714285714285,0.14285714285714285,0.14285714285714285,0.14285714285714285,0.14285714285714285,0.14285714285714285,0.14285714285714285,0.0,TP,0.9999999999964029
0.14285714285714285,0.14285714285714285,0.14285714285714285,0.14285714285714285,0.14285714285714285,0.14285714285714285,0.14285714285714285,0.0,TP,0.9999999999964029
0.14285714285714285,0.14285714285714285,0.14285714285714285,0.14285714285714285,0.14285714285714285,0.14285714285714285,0.14285714285714285,0.0,TP,0.9999999999964029
0.14285714285714285,0.14285714285714285,0.14285714285714285,0.14285714285714285,0.14285714285714285,0.14285714285714285,0.14285714285714285,0.0,TP,0.9999999999964029
0.14285714285714285,0.14285714285714285,0.14285714285714285,0.14285714285714285,0.14285714285714285,0.14285714285714285,0.14285714285714285,0.0,TP,0.9999999999964029
0.14483273349761633,0.12967584041367816,0.2632835142124455,0.00015965700873566224,0.3886695397792202,0.06935358464656702,0.004025130441737178,0.0,TP,0.7564902728323791
0.14285714285714285,0.14285714285714285,0.14285714285714285,0.14285714285714285,0.14285714285714285,0.14285714285714285,0.14285714285714285,0.0,TP,0.9999999999964029
0.4445111450126627,0.1490380775440621,0.02250638609612598,0.051925352851344996,0.041517249757538253,0.0968840799307959,0.19361770880747026,0.0,TP,0.8012818295674046
0.14285714285714285,0.14285714285714285,0.14285714285714285,0.14285714285714285,0.14285714285714285,0.14285714285714285,0.14285714285714285,0.0,TP,0.9999999999964029
0.14285714285714285,0.14285714285714285,0.14285714285714285,0.14285714285714285,0.14285714285714285,0.14285714285714285,0.14285714285714285,0.0,TP,0.9999999999964029
0.14285714285714285,0.14285714285714285,0.14285714285714285,0.14285714285714285,0.14285714285714285,0.14285714285714285,0.14285714285714285,0.0,TP,0.9999999999964029
0.14285714285714285,0.14285714285714285,0.14285714285714285,0.14285714285714285,0.14285714285714285,0.14285714285714285,0.14285714285714285,0.0,TP,0.9999999999964029
0.14285714285714285,0.14285714285714285,0.14285714285714285,0.14285714285714285,0.14285714285714285,0.14285714285714285,0.14285714285714285,0.0,TP,0.9999999999964029
0.14285714285714285,0.14285714285714285,0.14285714285714285,0.14285714285714285,0.14285714285714285,0.14285714285714285,0.14285714285714285,0.0,TP,0.9999999999964029
0.14285714285714285,0.14285714285714285,0.14285714285714285,0.14285714285714285,0.14285714285714285,0.14285714285714285,0.14285714285714285,0.0,TP,0.9999999999964029
0.14285714285714285,0.14285714285714285,0.14285714285714285,0.14285714285714285,0.14285714285714285,0.14285714285714285,0.14285714285714285,0.0,TP,0.9999999999964029
0.14285714285714285,0.14285714285714285,0.14285714285714285,0.14285714285714285,0.14285714285714285,0.14285714285714285,0.14285714285714285,0.0,TP,0.9999999999964029
0.27217543414744405,0.1767236895257776,0.0005178223513677846,0.008369150519672476,0.026353940777280316,0.33619300795768897,0.17579010452511176,0.0038768501956570156,TP,0.7183936160990576
0.16373563612759054,0.02111145533810078,0.1468127921039044,0.46548480460795677,0.012721694517516664,0.06839788262341807,0.05105372157660612,0.07068201310490647,TP,0.7663095332573479
0.14285714285714285,0.14285714285714285,0.14285714285714285,0.14285714285714285,0.14285714285714285,0.14285714285714285,0.14285714285714285,0.0,TP,0.9999999999964029
0.14285714285714285,0.14285714285714285,0.14285714285714285,0.14285714285714285,0.14285714285714285,0.14285714285714285,0.14285714285714285,0.0,TP,0.9999999999964029
0.14285714285714285,0.14285714285714285,0.14285714285714285,0.14285714285714285,0.14285714285714285,0.14285714285714285,0.14285714285714285,0.0,TP,0.9999999999964029
0.14285714285714285,0.14285714285714285,0.14285714285714285,0.14285714285714285,0.14285714285714285,0.14285714285714285,0.14285714285714285,0.0,TP,0.9999999999964029
0.14285714285714285,0.14285714285714285,0.14285714285714285,0.14285714285714285,0.14285714285714285,0.14285714285714285,0.14285714285714285,0.0,TP,0.9999999999964029
0.14285714285714285,0.14285714285714285,0.14285714285714285,0.14285714285714285,0.14285714285714285,0.14285714285714285,0.14285714285714285,0.0,TP,0.9999999999964029
0.14285714285714285,0.14285714285714285,0.14285714285714285,0.14285714285714285,0.14285714285714285,0.14285714285714285,0.14285714285714285,0.0,TP,0.9999999999964029
0.14285714285714285,0.14285714285714285,0.14285714285714285,0.14285714285714285,0.14285714285714285,0.14285714285714285,0.14285714285714285,0.0,TP,0.9999999999964029
0.14285714285714285,0.14285714285714285,0.14285714285714285,0.14285714285714285,0.14285714285714285,0.14285714285714285,0.14285714285714285,0.0,TP,0.9999999999964029
0.14285714285714285,0.14285714285714285,0.14285714285714285,0.14285714285714285,0.14285714285714285,0.14285714285714285,0.14285714285714285,0.0,TP,0.9999999999964029
0.14285714285714285,0.14285714285714285,0.14285714285714285,0.14285714285714285,0.14285714285714285,0.14285714285714285,0.14285714285714285,0.0,TP,0.9999999999964029
0.14285714285714285,0.14285714285714285,0.14285714285714285,0.14285714285714285,0.14285714285714285,0.14285714285714285,0.14285714285714285,0.0,TP,0.9999999999964029
0.007028239959705931,0.06903571355704385,0.08530350133567043,0.05459319255390979,0.6045998631052545,0.08541860005201617,0.09402088943639937,0.0,TP,0.6807993562012317
0.14285714285714285,0.14285714285714285,0.14285714285714285,0.14285714285714285,0.14285714285714285,0.14285714285714285,0.14285714285714285,0.0,TP,0.9999999999964029
0.14285714285714285,0.14285714285714285,0.14285714285714285,0.14285714285714285,0.14285714285714285,0.14285714285714285,0.14285714285714285,0.0,TP,0.9999999999964029
0.04382206952670215,0.5540932045534076,0.016517683452706294,0.015764156424332404,0.0916962386355176,0.03028687965173685,0.23806635185367717,0.009753415901919867,TP,0.6296124947507263
0.1131480863767018,0.2576494696391322,0.013599862481200783,0.0825132713461728,0.05931160755028787,0.34752982322182757,0.126247879384677,0.0,TP,0.8512212351710587
0.14285714285714285,0.14285714285714285,0.14285714285714285,0.14285714285714285,0.14285714285714285,0.14285714285714285,0.14285714285714285,0.0,TP,0.9999999999964029
0.14285714285714285,0.14285714285714285,0.14285714285714285,0.14285714285714285,0.14285714285714285,0.14285714285714285,0.14285714285714285,0.0,TP,0.9999999999964029
0.14285714285714285,0.14285714285714285,0.14285714285714285,0.14285714285714285,0.14285714285714285,0.14285714285714285,0.14285714285714285,0.0,TP,0.9999999999964029
0.14285714285714285,0.14285714285714285,0.14285714285714285,0.14285714285714285,0.14285714285714285,0.14285714285714285,0.14285714285714285,0.0,TP,0.9999999999964029
0.14285714285714285,0.14285714285714285,0.14285714285714285,0.14285714285714285,0.14285714285714285,0.14285714285714285,0.14285714285714285,0.0,TP,0.9999999999964029
0.14285714285714285,0.14285714285714285,0.14285714285714285,0.14285714285714285,0.14285714285714285,0.14285714285714285,0.14285714285714285,0.0,TP,0.9999999999964029
0.14285714285714285,0.14285714285714285,0.14285714285714285,0.14285714285714285,0.14285714285714285,0.14285714285714285,0.14285714285714285,0.0,TP,0.9999999999964029
0.20036258085997125,0.15563560274088922,0.02589725384173623,0.021665704463997695,0.02068813794880597,0.08092943741688294,0.11118342441677115,0.3836378583109458,TP,0.8101899025474394
0.14285714285714285,0.14285714285714285,0.14285714285714285,0.14285714285714285,0.14285714285714285,0.14285714285714285,0.14285714285714285,0.0,TP,0.9999999999964029
0.14285714285714285,0.14285714285714285,0.14285714285714285,0.14285714285714285,0.14285714285714285,0.14285714285714285,0.14285714285714285,0.0,TP,0.9999999999964029
0.14285714285714285,0.14285714285714285,0.14285714285714285,0.14285714285714285,0.14285714285714285,0.14285714285714285,0.14285714285714285,0.0,TP,0.9999999999964029
0.14285714285714285,0.14285714285714285,0.14285714285714285,0.14285714285714285,0.14285714285714285,0.14285714285714285,0.14285714285714285,0.0,TP,0.9999999999964029
0.14285714285714285,0.14285714285714285,0.14285714285714285,0.14285714285714285,0.14285714285714285,0.14285714285714285,0.14285714285714285,0.0,TP,0.9999999999964029
0.14285714285714285,0.14285714285714285,0.14285714285714285,0.14285714285714285,0.14285714285714285,0.14285714285714285,0.14285714285714285,0.0,TP,0.9999999999964029
0.14285714285714285,0.14285714285714285,0.14285714285714285,0.14285714285714285,0.14285714285714285,0.14285714285714285,0.14285714285714285,0.0,TP,0.9999999999964029
0.14285714285714285,0.14285714285714285,0.14285714285714285,0.14285714285714285,0.14285714285714285,0.14285714285714285,0.14285714285714285,0.0,TP,0.9999999999964029
0.14285714285714285,0.14285714285714285,0.14285714285714285,0.14285714285714285,0.14285714285714285,0.14285714285714285,0.14285714285714285,0.0,TP,0.9999999999964029
0.14285714285714285,0.14285714285714285,0.14285714285714285,0.14285714285714285,0.14285714285714285,0.14285714285714285,0.14285714285714285,0.0,TP,0.9999999999964029
0.14285714285714285,0.14285714285714285,0.14285714285714285,0.14285714285714285,0.14285714285714285,0.14285714285714285,0.14285714285714285,0.0,TP,0.9999999999964029
0.14285714285714285,0.14285714285714285,0.14285714285714285,0.14285714285714285,0.14285714285714285,0.14285714285714285,0.14285714285714285,0.0,TP,0.9999999999964029
0.14285714285714285,0.14285714285714285,0.14285714285714285,0.14285714285714285,0.14285714285714285,0.14285714285714285,0.14285714285714285,0.0,TP,0.9999999999964029
0.14285714285714285,0.14285714285714285,0.14285714285714285,0.14285714285714285,0.14285714285714285,0.14285714285714285,0.14285714285714285,0.0,TP,0.9999999999964029
0.14285714285714285,0.14285714285714285,0.14285714285714285,0.14285714285714285,0.14285714285714285,0.14285714285714285,0.14285714285714285,0.0,TP,0.9999999999964029
0.14285714285714285,0.14285714285714285,0.14285714285714285,0.14285714285714285,0.14285714285714285,0.14285714285714285,0.14285714285714285,0.0,TP,0.9999999999964029
0.14285714285714285,0.14285714285714285,0.14285714285714285,0.14285714285714285,0.14285714285714285,0.14285714285714285,0.14285714285714285,0.0,TP,0.9999999999964029
0.14285714285714285,0.14285714285714285,0.14285714285714285,0.14285714285714285,0.14285714285714285,0.14285714285714285,0.14285714285714285,0.0,TP,0.9999999999964029
0.14285714285714285,0.14285714285714285,0.14285714285714285,0.14285714285714285,0.14285714285714285,0.14285714285714285,0.14285714285714285,0.0,TP,0.9999999999964029
0.14285714285714285,0.14285714285714285,0.14285714285714285,0.14285714285714285,0.14285714285714285,0.14285714285714285,0.14285714285714285,0.0,TP,0.9999999999964029
0.14285714285714285,0.14285714285714285,0.14285714285714285,0.14285714285714285,0.14285714285714285,0.14285714285714285,0.14285714285714285,0.0,TP,0.9999999999964029
0.14285714285714285,0.14285714285714285,0.14285714285714285,0.14285714285714285,0.14285714285714285,0.14285714285714285,0.14285714285714285,0.0,TP,0.9999999999964029
0.14285714285714285,0.14285714285714285,0.14285714285714285,0.14285714285714285,0.14285714285714285,0.14285714285714285,0.14285714285714285,0.0,TP,0.9999999999964029
0.14285714285714285,0.14285714285714285,0.14285714285714285,0.14285714285714285,0.14285714285714285,0.14285714285714285,0.14285714285714285,0.0,TP,0.9999999999964029
0.14285714285714285,0.14285714285714285,0.14285714285714285,0.14285714285714285,0.14285714285714285,0.14285714285714285,0.14285714285714285,0.0,TP,0.9999999999964029
0.14285714285714285,0.14285714285714285,0.14285714285714285,0.14285714285714285,0.14285714285714285,0.14285714285714285,0.14285714285714285,0.0,TP,0.9999999999964029
0.14285714285714285,0.14285714285714285,0.14285714285714285,0.14285714285714285,0.14285714285714285,0.14285714285714285,0.14285714285714285,0.0,TP,0.9999999999964029
0.14285714285714285,0.14285714285714285,0.14285714285714285,0.14285714285714285,0.14285714285714285,0.14285714285714285,0.14285714285714285,0.0,TP,0.9999999999964029
0.25292616316681404,0.09283315583969746,0.055683145589844135,0.06402705916446706,0.17647767505487083,0.1521202613031068,0.20593253988119972,0.0,TP,0.9368991885082558
0.14285714285714285,0.14285714285714285,0.14285714285714285,0.14285714285714285,0.14285714285714285,0.14285714285714285,0.14285714285714285,0.0,TP,0.9999999999964029
0.14285714285714285,0.14285714285714285,0.14285714285714285,0.14285714285714285,0.14285714285714285,0.14285714285714285,0.14285714285714285,0.0,TP,0.9999999999964029
0.14285714285714285,0.14285714285714285,0.14285714285714285,0.14285714285714285,0.14285714285714285,0.14285714285714285,0.14285714285714285,0.0,TP,0.9999999999964029
0.04257371375521957,0.4436644768293908,0.11106265067756668,0.02181863490565147,0.11478187435667273,0.09053391548839437,0.17556473398710432,0.0,TP,0.8190786165356415
0.14285714285714285,0.14285714285714285,0.14285714285714285,0.14285714285714285,0.14285714285714285,0.14285714285714285,0.14285714285714285,0.0,TP,0.9999999999964029
0.14285714285714285,0.14285714285714285,0.14285714285714285,0.14285714285714285,0.14285714285714285,0.14285714285714285,0.14285714285714285,0.0,TP,0.9999999999964029
0.14285714285714285,0.14285714285714285,0.14285714285714285,0.14285714285714285,0.14285714285714285,0.14285714285714285,0.14285714285714285,0.0,TP,0.9999999999964029
0.14285714285714285,0.14285714285714285,0.14285714285714285,0.14285714285714285,0.14285714285714285,0.14285714285714285,0.14285714285714285,0.0,TP,0.9999999999964029
0.14285714285714285,0.14285714285714285,0.14285714285714285,0.14285714285714285,0.14285714285714285,0.14285714285714285,0.14285714285714285,0.0,TP,0.9999999999964029
0.14285714285714285,0.14285714285714285,0.14285714285714285,0.14285714285714285,0.14285714285714285,0.14285714285714285,0.14285714285714285,0.0,TP,0.9999999999964029
0.2465591118152783,0.01769432649147814,0.09922864564040387,0.15566653087224475,0.02540724403347028,0.08143878527367858,0.14055747727409929,0.23344787859934674,TP,0.8888790144742041
0.028705756707412277,0.008353890350877247,0.2615034642726544,0.08533746407381562,0.19415806310544986,0.1750232017888003,0.2469181597009903,0.0,TP,0.8588907010877272
0.14285714285714285,0.14285714285714285,0.14285714285714285,0.14285714285714285,0.14285714285714285,0.14285714285714285,0.14285714285714285,0.0,TP,0.9999999999964029
0.15421433281691832,0.14878832103981407,0.03535514772086714,0.4293180704084007,0.13825882402365322,0.06891640299009057,0.02514890100025608,0.0,TP,0.8240224001732251
0.14285714285714285,0.14285714285714285,0.14285714285714285,0.14285714285714285,0.14285714285714285,0.14285714285714285,0.14285714285714285,0.0,TP,0.9999999999964029
0.14285714285714285,0.14285714285714285,0.14285714285714285,0.14285714285714285,0.14285714285714285,0.14285714285714285,0.14285714285714285,0.0,TP,0.9999999999964029
0.14285714285714285,0.14285714285714285,0.14285714285714285,0.14285714285714285,0.14285714285714285,0.14285714285714285,0.14285714285714285,0.0,TP,0.9999999999964029
0.14285714285714285,0.14285714285714285,0.14285714285714285,0.14285714285714285,0.14285714285714285,0.14285714285714285,0.14285714285714285,0.0,TP,0.9999999999964029
0.14285714285714285,0.14285714285714285,0.14285714285714285,0.14285714285714285,0.14285714285714285,0.14285714285714285,0.14285714285714285,0.0,TP,0.9999999999964029
0.14285714285714285,0.14285714285714285,0.14285714285714285,0.14285714285714285,0.14285714285714285,0.14285714285714285,0.14285714285714285,0.0,TP,0.9999999999964029
0.14285714285714285,0.14285714285714285,0.14285714285714285,0.14285714285714285,0.14285714285714285,0.14285714285714285,0.14285714285714285,0.0,TP,0.9999999999964029
0.14285714285714285,0.14285714285714285,0.14285714285714285,0.14285714285714285,0.14285714285714285,0.14285714285714285,0.14285714285714285,0.0,TP,0.9999999999964029
0.14285714285714285,0.14285714285714285,0.14285714285714285,0.14285714285714285,0.14285714285714285,0.14285714285714285,0.14285714285714285,0.0,TP,0.9999999999964029
0.005857409468400065,0.21716094258331975,0.1508605407279737,0.47351885594716336,0.025923056321103335,0.03038373592829949,0.09629545902374034,0.0,TP,0.7334702701675547
0.2039737938149077,0.08833350697058528,0.021934623091808925,0.5683969040127348,0.005692369298090144,0.032197301018846075,0.05434038727351449,0.025131114519512384,TP,0.6417116134805168
0.14285714285714285,0.14285714285714285,0.14285714285714285,0.14285714285714285,0.14285714285714285,0.14285714285714285,0.14285714285714285,0.0,TP,0.9999999999964029
0.14285714285714285,0.14285714285714285,0.14285714285714285,0.14285714285714285,0.14285714285714285,0.14285714285714285,0.14285714285714285,0.0,TP,0.9999999999964029
0.1408819354640809,0.22221218610770402,0.17676523823866752,0.07961286418583355,0.02668009593341988,0.06364200326184405,0.2668469890615482,0.023358687746901786,TP,0.8802330835210581
0.14285714285714285,0.14285714285714285,0.14285714285714285,0.14285714285714285,0.14285714285714285,0.14285714285714285,0.14285714285714285,0.0,TP,0.9999999999964029
0.14285714285714285,0.14285714285714285,0.14285714285714285,0.14285714285714285,0.14285714285714285,0.14285714285714285,0.14285714285714285,0.0,TP,0.9999999999964029
0.14285714285714285,0.14285714285714285,0.14285714285714285,0.14285714285714285,0.14285714285714285,0.14285714285714285,0.14285714285714285,0.0,TP,0.9999999999964029
0.14285714285714285,0.14285714285714285,0.14285714285714285,0.14285714285714285,0.14285714285714285,0.14285714285714285,0.14285714285714285,0.0,TP,0.9999999999964029
0.14285714285714285,0.14285714285714285,0.14285714285714285,0.14285714285714285,0.14285714285714285,0.14285714285714285,0.14285714285714285,0.0,TP,0.9999999999964029
0.14285714285714285,0.14285714285714285,0.14285714285714285,0.14285714285714285,0.14285714285714285,0.14285714285714285,0.14285714285714285,0.0,TP,0.9999999999964029
0.14285714285714285,0.14285714285714285,0.14285714285714285,0.14285714285714285,0.14285714285714285,0.14285714285714285,0.14285714285714285,0.0,TP,0.9999999999964029
0.14285714285714285,0.14285714285714285,0.14285714285714285,0.14285714285714285,0.14285714285714285,0.14285714285714285,0.14285714285714285,0.0,TP,0.9999999999964029
0.14285714285714285,0.14285714285714285,0.14285714285714285,0.14285714285714285,0.14285714285714285,0.14285714285714285,0.14285714285714285,0.0,TP,0.9999999999964029
0.14895270632976373,0.01089574128893831,0.05065350358210925,0.007740411547998439,0.14429576341390268,0.1476996744306339,0.4897621994066537,0.0,TP,0.7364259681283305
0.14285714285714285,0.14285714285714285,0.14285714285714285,0.14285714285714285,0.14285714285714285,0.14285714285714285,0.14285714285714285,0.0,TP,0.9999999999964029
0.14285714285714285,0.14285714285714285,0.14285714285714285,0.14285714285714285,0.14285714285714285,0.14285714285714285,0.14285714285714285,0.0,TP,0.9999999999964029
0.14285714285714285,0.14285714285714285,0.14285714285714285,0.14285714285714285,0.14285714285714285,0.14285714285714285,0.14285714285714285,0.0,TP,0.9999999999964029
0.14285714285714285,0.14285714285714285,0.14285714285714285,0.14285714285714285,0.14285714285714285,0.14285714285714285,0.14285714285714285,0.0,TP,0.9999999999964029
0.14285714285714285,0.14285714285714285,0.14285714285714285,0.14285714285714285,0.14285714285714285,0.14285714285714285,0.14285714285714285,0.0,TP,0.9999999999964029
0.14285714285714285,0.14285714285714285,0.14285714285714285,0.14285714285714285,0.14285714285714285,0.14285714285714285,0.14285714285714285,0.0,TP,0.9999999999964029
0.14285714285714285,0.14285714285714285,0.14285714285714285,0.14285714285714285,0.14285714285714285,0.14285714285714285,0.14285714285714285,0.0,TP,0.9999999999964029
0.14285714285714285,0.14285714285714285,0.14285714285714285,0.14285714285714285,0.14285714285714285,0.14285714285714285,0.14285714285714285,0.0,TP,0.9999999999964029
0.14285714285714285,0.14285714285714285,0.14285714285714285,0.14285714285714285,0.14285714285714285,0.14285714285714285,0.14285714285714285,0.0,TP,0.9999999999964029
0.14285714285714285,0.14285714285714285,0.14285714285714285,0.14285714285714285,0.14285714285714285,0.14285714285714285,0.14285714285714285,0.0,TP,0.9999999999964029
0.14285714285714285,0.14285714285714285,0.14285714285714285,0.14285714285714285,0.14285714285714285,0.14285714285714285,0.14285714285714285,0.0,TP,0.9999999999964029
0.14285714285714285,0.14285714285714285,0.14285714285714285,0.14285714285714285,0.14285714285714285,0.14285714285714285,0.14285714285714285,0.0,TP,0.9999999999964029
0.14285714285714285,0.14285714285714285,0.14285714285714285,0.14285714285714285,0.14285714285714285,0.14285714285714285,0.14285714285714285,0.0,TP,0.9999999999964029
0.05667943139615141,0.016767135277866954,0.21430597268519302,0.3921861700944238,0.2778657630037815,0.00391076656575835,0.03828476097682489,0.0,TP,0.7353226703456816
0.14285714285714285,0.14285714285714285,0.14285714285714285,0.14285714285714285,0.14285714285714285,0.14285714285714285,0.14285714285714285,0.0,TP,0.9999999999964029
0.14285714285714285,0.14285714285714285,0.14285714285714285,0.14285714285714285,0.14285714285714285,0.14285714285714285,0.14285714285714285,0.0,TP,0.9999999999964029
0.14285714285714285,0.14285714285714285,0.14285714285714285,0.14285714285714285,0.14285714285714285,0.14285714285714285,0.14285714285714285,0.0,TP,0.9999999999964029
0.14285714285714285,0.14285714285714285,0.14285714285714285,0.14285714285714285,0.14285714285714285,0.14285714285714285,0.14285714285714285,0.0,TP,0.9999999999964029
0.07094266159444136,0.04310811038804157,0.09724930407044433,0.031272458577247295,0.2201154393923084,0.2540451868331405,0.28326683914437656,0.0,TP,0.8719883420782715
0.14285714285714285,0.14285714285714285,0.14285714285714285,0.14285714285714285,0.14285714285714285,0.14285714285714285,0.14285714285714285,0.0,TP,0.9999999999964029
0.010502096107547305,0.07172218730229331,0.09814895579086164,0.07210357618852088,0.0115197522364139,0.14466997557865605,0.28499930207176527,0.30633415472394165,TP,0.8201965666279436
0.14285714285714285,0.14285714285714285,0.14285714285714285,0.14285714285714285,0.14285714285714285,0.14285714285714285,0.14285714285714285,0.0,TP,0.9999999999964029
0.14285714285714285,0.14285714285714285,0.14285714285714285,0.14285714285714285,0.14285714285714285,0.14285714285714285,0.14285714285714285,0.0,TP,0.9999999999964029
0.549925327161347,0.007157309770621682,0.11608505701850691,0.010648450642659457,0.004480112337265021,0.11949922079759351,0.18801426212529548,0.0041902601467109675,TP,0.6144926659725379
0.21047155832663678,0.3501312854221749,0.019836579360004682,0.10641300380524404,0.20838254184803368,0.06652093046539406,0.013150732102556259,0.025093368669955558,TP,0.802216136244406
0.20747446297686611,0.20988335622490994,0.009720701929387263,0.013702762822788603,0.06957177666584922,0.24315233910725484,0.24649460027294395,0.0,TP,0.8388199074870916
0.14285714285714285,0.14285714285714285,0.14285714285714285,0.14285714285714285,0.14285714285714285,0.14285714285714285,0.14285714285714285,0.0,TP,0.9999999999964029
0.14285714285714285,0.14285714285714285,0.14285714285714285,0.14285714285714285,0.14285714285714285,0.14285714285714285,0.14285714285714285,0.0,TP,0.9999999999964029
0.14285714285714285,0.14285714285714285,0.14285714285714285,0.14285714285714285,0.14285714285714285,0.14285714285714285,0.14285714285714285,0.0,TP,0.9999999999964029
0.14285714285714285,0.14285714285714285,0.14285714285714285,0.14285714285714285,0.14285714285714285,0.14285714285714285,0.14285714285714285,0.0,TP,0.9999999999964029
0.126266157846215,0.05963119125077557,0.06244008783336186,0.07696701298950365,0.555209822361786,0.07843425159956482,0.001687190279719475,0.03936428583907392,TP,0.7042441049336767
0.3604305602240978,0.1612608442194757,0.03311850160958998,0.05209980650606229,0.008371549142278419,0.37213821449038376,0.012580523808112106,0.0,TP,0.7152409056432412
0.017303823463571184,0.273315623727722,0.12983863658100514,0.11037837652534993,0.006733376029167539,0.3966509820985732,0.03692906846278271,0.02885011311182841,TP,0.7490507818180671
0.14285714285714285,0.14285714285714285,0.14285714285714285,0.14285714285714285,0.14285714285714285,0.14285714285714285,0.14285714285714285,0.0,TP,0.9999999999964029
0.14285714285714285,0.14285714285714285,0.14285714285714285,0.14285714285714285,0.14285714285714285,0.14285714285714285,0.14285714285714285,0.0,TP,0.9999999999964029
0.16914837482691672,0.20374048721004825,0.007793033931132965,0.4509045403603076,0.09283331702867785,0.04817169851471904,0.025863006362641848,0.0015455417655557775,TP,0.7179704156633957
0.19152781258893173,0.08314182278191025,0.19881386180966837,0.03555795378522395,0.02152535644857941,0.22459123425277774,0.0115408943213904,0.2333010640115181,TP,0.8522622551944655
0.2933917330423832,0.3057518040074755,0.21842384317784655,0.04115956676878132,0.057228218134975146,0.07716075123733855,0.006884083631199745,0.0,TP,0.8126508873292885
0.14285714285714285,0.14285714285714285,0.14285714285714285,0.14285714285714285,0.14285714285714285,0.14285714285714285,0.14285714285714285,0.0,TP,0.9999999999964029
0.14285714285714285,0.14285714285714285,0.14285714285714285,0.14285714285714285,0.14285714285714285,0.14285714285714285,0.14285714285714285,0.0,TP,0.9999999999964029
0.14285714285714285,0.14285714285714285,0.14285714285714285,0.14285714285714285,0.14285714285714285,0.14285714285714285,0.14285714285714285,0.0,TP,0.9999999999964029
0.14285714285714285,0.14285714285714285,0.14285714285714285,0.14285714285714285,0.14285714285714285,0.14285714285714285,0.14285714285714285,0.0,TP,0.9999999999964029
0.14285714285714285,0.14285714285714285,0.14285714285714285,0.14285714285714285,0.14285714285714285,0.14285714285714285,0.14285714285714285,0.0,TP,0.9999999999964029
0.14285714285714285,0.14285714285714285,0.14285714285714285,0.14285714285714285,0.14285714285714285,0.14285714285714285,0.14285714285714285,0.0,TP,0.9999999999964029
0.14285714285714285,0.14285714285714285,0.14285714285714285,0.14285714285714285,0.14285714285714285,0.14285714285714285,0.14285714285714285,0.0,TP,0.9999999999964029
0.14285714285714285,0.14285714285714285,0.14285714285714285,0.14285714285714285,0.14285714285714285,0.14285714285714285,0.14285714285714285,0.0,TP,0.9999999999964029
0.14285714285714285,0.14285714285714285,0.14285714285714285,0.14285714285714285,0.14285714285714285,0.14285714285714285,0.14285714285714285,0.0,TP,0.9999999999964029
0.04039271363567033,0.4559087153930051,0.07628446435192755,0.025650896733530857,0.12247900595316186,0.07932058637971724,0.003350727136032538,0.19661289041695457,TP,0.7574535120312792
0.14285714285714285,0.14285714285714285,0.14285714285714285,0.14285714285714285,0.14285714285714285,0.14285714285714285,0.14285714285714285,0.0,TP,0.9999999999964029
0.14285714285714285,0.14285714285714285,0.14285714285714285,0.14285714285714285,0.14285714285714285,0.14285714285714285,0.14285714285714285,0.0,TP,0.9999999999964029
0.14285714285714285,0.14285714285714285,0.14285714285714285,0.14285714285714285,0.14285714285714285,0.14285714285714285,0.14285714285714285,0.0,TP,0.9999999999964029
0.14285714285714285,0.14285714285714285,0.14285714285714285,0.14285714285714285,0.14285714285714285,0.14285714285714285,0.14285714285714285,0.0,TP,0.9999999999964029
0.2151906642954612,0.21214069553928042,0.3614344076088253,0.0054681317706136235,0.03271529884298222,0.07677288826740737,0.0962779136754299,0.0,TP,0.8171523850645807
0.14285714285714285,0.14285714285714285,0.14285714285714285,0.14285714285714285,0.14285714285714285,0.14285714285714285,0.14285714285714285,0.0,TP,0.9999999999964029
0.13983535731233263,0.00012023155431096968,0.05780287809216604,0.1819717872417492,0.16952648084445948,0.0586500242671149,0.3920932406878668,0.0,TP,0.8146990350270538
0.04290709413417099,0.08681921819987681,0.576388867349751,0.039307764490053486,0.09158674013186621,0.12791350502470555,0.03350913665531933,0.0015676740142566957,TP,0.6722793872698969
0.14285714285714285,0.14285714285714285,0.14285714285714285,0.14285714285714285,0.14285714285714285,0.14285714285714285,0.14285714285714285,0.0,TP,0.9999999999964029
0.05657694081284258,0.0029216556604751563,0.2660131674346509,0.02407688638256961,0.19055757909441548,0.13790557430558775,0.29841344115903534,0.02353475515042324,TP,0.7981722391490633
0.14285714285714285,0.14285714285714285,0.14285714285714285,0.14285714285714285,0.14285714285714285,0.14285714285714285,0.14285714285714285,0.0,TP,0.9999999999964029
0.14285714285714285,0.14285714285714285,0.14285714285714285,0.14285714285714285,0.14285714285714285,0.14285714285714285,0.14285714285714285,0.0,TP,0.9999999999964029
0.08642776066780897,0.0031351418871467503,0.132830375952628,0.22262901137833657,0.06541515058117342,0.25021095790912506,0.23935160162378136,0.0,TP,0.8733942957482201
0.005174127150166646,0.3008853288391077,0.15928743956273508,0.22905736032109786,0.02065290661947004,0.006954424289796725,0.023522396425960775,0.254466016791665,TP,0.7549882900171411
0.14285714285714285,0.14285714285714285,0.14285714285714285,0.14285714285714285,0.14285714285714285,0.14285714285714285,0.14285714285714285,0.0,TP,0.9999999999964029
0.057900114828747344,0.31084523088951355,0.20566420205877178,0.03926439859319701,0.0515376394994852,0.22281382179921208,0.10974125068584653,0.002233341645226474,TP,0.8290856321077592
0.14285714285714285,0.14285714285714285,0.14285714285714285,0.14285714285714285,0.14285714285714285,0.14285714285714285,0.14285714285714285,0.0,TP,0.9999999999964029
0.14285714285714285,0.14285714285714285,0.14285714285714285,0.14285714285714285,0.14285714285714285,0.14285714285714285,0.14285714285714285,0.0,TP,0.9999999999964029
0.14285714285714285,0.14285714285714285,0.14285714285714285,0.14285714285714285,0.14285714285714285,0.14285714285714285,0.14285714285714285,0.0,TP,0.9999999999964029
0.14285714285714285,0.14285714285714285,0.14285714285714285,0.14285714285714285,0.14285714285714285,0.14285714285714285,0.14285714285714285,0.0,TP,0.9999999999964029
0.4697025012579011,0.039569195995830565,0.07556609012863406,0.0680090877874437,0.06898105636929888,0.021369346235408163,0.2568027222254835,0.0,TP,0.758748539274935
0.003995972069133181,0.10502186895531862,0.09621952560210958,0.0790108273031921,0.00993032672169373,0.30616699932947355,0.33181597116939365,0.06783850884968554,TP,0.7893053191976215
0.14285714285714285,0.14285714285714285,0.14285714285714285,0.14285714285714285,0.14285714285714285,0.14285714285714285,0.14285714285714285,0.0,TP,0.9999999999964029
0.14285714285714285,0.14285714285714285,0.14285714285714285,0.14285714285714285,0.14285714285714285,0.14285714285714285,0.14285714285714285,0.0,TP,0.9999999999964029
0.14285714285714285,0.14285714285714285,0.14285714285714285,0.14285714285714285,0.14285714285714285,0.14285714285714285,0.14285714285714285,0.0,TP,0.9999999999964029
0.14285714285714285,0.14285714285714285,0.14285714285714285,0.14285714285714285,0.14285714285714285,0.14285714285714285,0.14285714285714285,0.0,TP,0.9999999999964029
0.14285714285714285,0.14285714285714285,0.14285714285714285,0.14285714285714285,0.14285714285714285,0.14285714285714285,0.14285714285714285,0.0,TP,0.9999999999964029
0.14285714285714285,0.14285714285714285,0.14285714285714285,0.14285714285714285,0.14285714285714285,0.14285714285714285,0.14285714285714285,0.0,TP,0.9999999999964029
0.14285714285714285,0.14285714285714285,0.14285714285714285,0.14285714285714285,0.14285714285714285,0.14285714285714285,0.14285714285714285,0.0,TP,0.9999999999964029
0.14285714285714285,0.14285714285714285,0.14285714285714285,0.14285714285714285,0.14285714285714285,0.14285714285714285,0.14285714285714285,0.0,TP,0.9999999999964029
0.14285714285714285,0.14285714285714285,0.14285714285714285,0.14285714285714285,0.14285714285714285,0.14285714285714285,0.14285714285714285,0.0,TP,0.9999999999964029
0.14285714285714285,0.14285714285714285,0.14285714285714285,0.14285714285714285,0.14285714285714285,0.14285714285714285,0.14285714285714285,0.0,TP,0.9999999999964029
0.14285714285714285,0.14285714285714285,0.14285714285714285,0.14285714285714285,0.14285714285714285,0.14285714285714285,0.14285714285714285,0.0,TP,0.9999999999964029
0.14285714285714285,0.14285714285714285,0.14285714285714285,0.14285714285714285,0.14285714285714285,0.14285714285714285,0.14285714285714285,0.0,TP,0.9999999999964029
0.10754370354189993,0.0863401354173103,0.015309040551912382,0.4173227953513749,0.08622489453908397,0.12343781202504213,0.16382161857337638,0.0,TP,0.8458124040163886
0.14285714285714285,0.14285714285714285,0.14285714285714285,0.14285714285714285,0.14285714285714285,0.14285714285714285,0.14285714285714285,0.0,TP,0.9999999999964029
0.14285714285714285,0.14285714285714285,0.14285714285714285,0.14285714285714285,0.14285714285714285,0.14285714285714285,0.14285714285714285,0.0,TP,0.9999999999964029
0.14285714285714285,0.14285714285714285,0.14285714285714285,0.14285714285714285,0.14285714285714285,0.14285714285714285,0.14285714285714285,0.0,TP,0.9999999999964029
0.14285714285714285,0.14285714285714285,0.14285714285714285,0.14285714285714285,0.14285714285714285,0.14285714285714285,0.14285714285714285,0.0,TP,0.9999999999964029
0.14285714285714285,0.14285714285714285,0.14285714285714285,0.14285714285714285,0.14285714285714285,0.14285714285714285,0.14285714285714285,0.0,TP,0.9999999999964029
0.14285714285714285,0.14285714285714285,0.14285714285714285,0.14285714285714285,0.14285714285714285,0.14285714285714285,0.14285714285714285,0.0,TP,0.9999999999964029
0.14285714285714285,0.14285714285714285,0.14285714285714285,0.14285714285714285,0.14285714285714285,0.14285714285714285,0.14285714285714285,0.0,TP,0.9999999999964029
0.14285714285714285,0.14285714285714285,0.14285714285714285,0.14285714285714285,0.14285714285714285,0.14285714285714285,0.14285714285714285,0.0,TP,0.9999999999964029
0.14285714285714285,0.14285714285714285,0.14285714285714285,0.14285714285714285,0.14285714285714285,0.14285714285714285,0.14285714285714285,0.0,TP,0.9999999999964029
0.004236527150039028,0.031100037226606193,0.02092438877879116,0.2502833132604221,0.023979023393555444,0.3467495760633853,0.29401801448677006,0.028709119640430675,TP,0.7104010422794496
0.013697535894858393,0.027337278978171994,0.09462905094223602,0.07474442419695493,0.040124888395865095,0.16502826380782043,0.18380745423640543,0.4006311035476878,TP,0.8070968006812622
0.14285714285714285,0.14285714285714285,0.14285714285714285,0.14285714285714285,0.14285714285714285,0.14285714285714285,0.14285714285714285,0.0,TP,0.9999999999964029
0.14285714285714285,0.14285714285714285,0.14285714285714285,0.14285714285714285,0.14285714285714285,0.14285714285714285,0.14285714285714285,0.0,TP,0.9999999999964029
0.14285714285714285,0.14285714285714285,0.14285714285714285,0.14285714285714285,0.14285714285714285,0.14285714285714285,0.14285714285714285,0.0,TP,0.9999999999964029
0.14285714285714285,0.14285714285714285,0.14285714285714285,0.14285714285714285,0.14285714285714285,0.14285714285714285,0.14285714285714285,0.0,TP,0.9999999999964029
0.14285714285714285,0.14285714285714285,0.14285714285714285,0.14285714285714285,0.14285714285714285,0.14285714285714285,0.14285714285714285,0.0,TP,0.9999999999964029
0.14285714285714285,0.14285714285714285,0.14285714285714285,0.14285714285714285,0.14285714285714285,0.14285714285714285,0.14285714285714285,0.0,TP,0.9999999999964029
0.14285714285714285,0.14285714285714285,0.14285714285714285,0.14285714285714285,0.14285714285714285,0.14285714285714285,0.14285714285714285,0.0,TP,0.9999999999964029
0.043245742262343824,0.03350054876499474,0.46644095946860026,0.23121155262616186,0.1710372591196633,0.03467446334137516,0.019889474416860876,0.0,TP,0.740233969716158
0.14285714285714285,0.14285714285714285,0.14285714285714285,0.14285714285714285,0.14285714285714285,0.14285714285714285,0.14285714285714285,0.0,TP,0.9999999999964029
0.14285714285714285,0.14285714285714285,0.14285714285714285,0.14285714285714285,0.14285714285714285,0.14285714285714285,0.14285714285714285,0.0,TP,0.9999999999964029
0.0012119646788249301,0.02157193622557899,0.29379568468958583,0.14398590594174143,0.03314587998946425,0.034531504144491965,0.3769919208530493,0.09476520347726317,TP,0.7454060287948915
0.14285714285714285,0.14285714285714285,0.14285714285714285,0.14285714285714285,0.14285714285714285,0.14285714285714285,0.14285714285714285,0.0,TP,0.9999999999964029
0.14285714285714285,0.14285714285714285,0.14285714285714285,0.14285714285714285,0.14285714285714285,0.14285714285714285,0.14285714285714285,0.0,TP,0.9999999999964029
0.14285714285714285,0.14285714285714285,0.14285714285714285,0.14285714285714285,0.14285714285714285,0.14285714285714285,0.14285714285714285,0.0,TP,0.9999999999964029
0.14285714285714285,0.14285714285714285,0.14285714285714285,0.14285714285714285,0.14285714285714285,0.14285714285714285,0.14285714285714285,0.0,TP,0.9999999999964029
0.20665459932481037,0.22799984360434666,0.007504213243215618,0.19941985632577727,0.2628256579985223,0.026010598496840707,0.06958523100648698,0.0,TP,0.849340075310378
0.14285714285714285,0.14285714285714285,0.14285714285714285,0.14285714285714285,0.14285714285714285,0.14285714285714285,0.14285714285714285,0.0,TP,0.9999999999964029
0.25892781797645154,0.19535749981755263,0.03652486775313958,0.2566865404867141,0.05836443535474915,0.003669306957068688,0.1904695316543243,0.0,TP,0.8433414378277101
0.15434843213395635,0.07406314030403667,0.18304754484749797,0.1841701951921085,0.1399661561501796,0.18589540404128843,0.04532745492454934,0.0331816724063832,TP,0.9352723015161187
0.14285714285714285,0.14285714285714285,0.14285714285714285,0.14285714285714285,0.14285714285714285,0.14285714285714285,0.14285714285714285,0.0,TP,0.9999999999964029
0.14285714285714285,0.14285714285714285,0.14285714285714285,0.14285714285714285,0.14285714285714285,0.14285714285714285,0.14285714285714285,0.0,TP,0.9999999999964029
0.14285714285714285,0.14285714285714285,0.14285714285714285,0.14285714285714285,0.14285714285714285,0.14285714285714285,0.14285714285714285,0.0,TP,0.9999999999964029
0.14285714285714285,0.14285714285714285,0.14285714285714285,0.14285714285714285,0.14285714285714285,0.14285714285714285,0.14285714285714285,0.0,TP,0.9999999999964029
0.14285714285714285,0.14285714285714285,0.14285714285714285,0.14285714285714285,0.14285714285714285,0.14285714285714285,0.14285714285714285,0.0,TP,0.9999999999964029
0.14285714285714285,0.14285714285714285,0.14285714285714285,0.14285714285714285,0.14285714285714285,0.14285714285714285,0.14285714285714285,0.0,TP,0.9999999999964029
0.14285714285714285,0.14285714285714285,0.14285714285714285,0.14285714285714285,0.14285714285714285,0.14285714285714285,0.14285714285714285,0.0,TP,0.9999999999964029
0.14285714285714285,0.14285714285714285,0.14285714285714285,0.14285714285714285,0.14285714285714285,0.14285714285714285,0.14285714285714285,0.0,TP,0.9999999999964029
0.14285714285714285,0.14285714285714285,0.14285714285714285,0.14285714285714285,0.14285714285714285,0.14285714285714285,0.14285714285714285,0.0,TP,0.9999999999964029
0.14285714285714285,0.14285714285714285,0.14285714285714285,0.14285714285714285,0.14285714285714285,0.14285714285714285,0.14285714285714285,0.0,TP,0.9999999999964029
0.14285714285714285,0.14285714285714285,0.14285714285714285,0.14285714285714285,0.14285714285714285,0.14285714285714285,0.14285714285714285,0.0,TP,0.9999999999964029
0.14285714285714285,0.14285714285714285,0.14285714285714285,0.14285714285714285,0.14285714285714285,0.14285714285714285,0.14285714285714285,0.0,TP,0.9999999999964029
0.14285714285714285,0.14285714285714285,0.14285714285714285,0.14285714285714285,0.14285714285714285,0.14285714285714285,0.14285714285714285,0.0,TP,0.9999999999964029
0.14285714285714285,0.14285714285714285,0.14285714285714285,0.14285714285714285,0.14285714285714285,0.14285714285714285,0.14285714285714285,0.0,TP,0.9999999999964029
0.14285714285714285,0.14285714285714285,0.14285714285714285,0.14285714285714285,0.14285714285714285,0.14285714285714285,0.14285714285714285,0.0,TP,0.9999999999964029
0.5744914622199832,0.00353474608345607,0.006803838260542191,0.13163893240309352,0.018998139892497087,0.019125514869779037,0.17312328141588204,0.07228408485476713,TP,0.6173494768231415
0.14285714285714285,0.14285714285714285,0.14285714285714285,0.14285714285714285,0.14285714285714285,0.14285714285714285,0.14285714285714285,0.0,TP,0.9999999999964029
0.14285714285714285,0.14285714285714285,0.14285714285714285,0.14285714285714285,0.14285714285714285,0.14285714285714285,0.14285714285714285,0.0,TP,0.9999999999964029
0.2077284394434892,0.11873090869939391,0.2340507684258836,0.0009628498050694047,0.3205368484950614,0.008427679458271723,0.1095625056728308,0.0,TP,0.8084908763258235
0.14285714285714285,0.14285714285714285,0.14285714285714285,0.14285714285714285,0.14285714285714285,0.14285714285714285,0.14285714285714285,0.0,TP,0.9999999999964029
0.15277731495464003,0.10023153041007285,0.04696416048127313,0.05578671471402407,0.08264880626229727,0.16439712985653968,0.397194343321153,0.0,TP,0.8694399691675581
0.14285714285714285,0.14285714285714285,0.14285714285714285,0.14285714285714285,0.14285714285714285,0.14285714285714285,0.14285714285714285,0.0,TP,0.9999999999964029
0.14285714285714285,0.14285714285714285,0.14285714285714285,0.14285714285714285,0.14285714285714285,0.14285714285714285,0.14285714285714285,0.0,TP,0.9999999999964029
0.018529542800287527,0.1605919632528395,0.14625493034703027,0.011238262541941057,0.05244748081342547,0.04026740263999314,0.1836172578686254,0.38705315973585763,TP,0.7991434950953578
0.08561964511803025,0.10674685201361257,0.14091028367084124,0.19037430999940658,0.10118650618380298,0.0807870425999727,0.2943753604143338,0.0,TP,0.9436332837396889
0.14285714285714285,0.14285714285714285,0.14285714285714285,0.14285714285714285,0.14285714285714285,0.14285714285714285,0.14285714285714285,0.0,TP,0.9999999999964029
0.01271551228223219,0.20765147636925285,0.37162700301921076,0.1530061496622496,0.00023587251447332053,0.18389684782003446,0.07086713833254689,0.0,TP,0.7903565804396097
0.17892026080841583,0.2294084268594662,0.004230688658464972,0.001545547429089907,0.19327980060008684,0.2755600891781033,0.10580438266814518,0.01125080379822764,TP,0.7885588407896561
0.14285714285714285,0.14285714285714285,0.14285714285714285,0.14285714285714285,0.14285714285714285,0.14285714285714285,0.14285714285714285,0.0,TP,0.9999999999964029
0.0034146628152233838,0.11337961158929145,0.02296434201507654,0.2874471784624339,0.08646381392473554,0.31848038281652524,0.16785000837671407,0.0,TP,0.8154950233610154
0.0023302861766842757,0.032043287291659915,0.10840891218405735,0.11089134229973369,0.2617487196737101,0.06529730803606036,0.3129832593080336,0.10629688503006088,TP,0.8367486461020279
0.09453297145686013,0.27547133600791457,0.20503029149844626,0.08394661950530041,0.1108657338042869,0.04502513853738689,0.05699561233264199,0.1281322968571629,TP,0.9238120843376758
0.14285714285714285,0.14285714285714285,0.14285714285714285,0.14285714285714285,0.14285714285714285,0.14285714285714285,0.14285714285714285,0.0,TP,0.9999999999964029
0.14285714285714285,0.14285714285714285,0.14285714285714285,0.14285714285714285,0.14285714285714285,0.14285714285714285,0.14285714285714285,0.0,TP,0.9999999999964029
0.14285714285714285,0.14285714285714285,0.14285714285714285,0.14285714285714285,0.14285714285714285,0.14285714285714285,0.14285714285714285,0.0,TP,0.9999999999964029
0.14285714285714285,0.14285714285714285,0.14285714285714285,0.14285714285714285,0.14285714285714285,0.14285714285714285,0.14285714285714285,0.0,TP,0.9999999999964029
0.14285714285714285,0.14285714285714285,0.14285714285714285,0.14285714285714285,0.14285714285714285,0.14285714285714285,0.14285714285714285,0.0,TP,0.9999999999964029
0.14285714285714285,0.14285714285714285,0.14285714285714285,0.14285714285714285,0.14285714285714285,0.14285714285714285,0.14285714285714285,0.0,TP,0.9999999999964029
0.14285714285714285,0.14285714285714285,0.14285714285714285,0.14285714285714285,0.14285714285714285,0.14285714285714285,0.14285714285714285,0.0,TP,0.9999999999964029
0.20589702653714348,0.045055733095495716,0.07195445725359978,0.10360093502281652,0.05525217067365258,0.07150480726357059,0.4467348701537214,0.0,TP,0.8211664097341154
0.14285714285714285,0.14285714285714285,0.14285714285714285,0.14285714285714285,0.14285714285714285,0.14285714285714285,0.14285714285714285,0.0,TP,0.9999999999964029
0.14285714285714285,0.14285714285714285,0.14285714285714285,0.14285714285714285,0.14285714285714285,0.14285714285714285,0.14285714285714285,0.0,TP,0.9999999999964029
0.14285714285714285,0.14285714285714285,0.14285714285714285,0.14285714285714285,0.14285714285714285,0.14285714285714285,0.14285714285714285,0.0,TP,0.9999999999964029
0.22926588840434173,0.255391522339638,0.11159204827698913,0.04346896160921447,0.002905630668447637,0.2527593266460008,0.008743138627499794,0.0958734834278684,TP,0.8166261396254595
0.14285714285714285,0.14285714285714285,0.14285714285714285,0.14285714285714285,0.14285714285714285,0.14285714285714285,0.14285714285714285,0.0,TP,0.9999999999964029
0.14285714285714285,0.14285714285714285,0.14285714285714285,0.14285714285714285,0.14285714285714285,0.14285714285714285,0.14285714285714285,0.0,TP,0.9999999999964029
0.14285714285714285,0.14285714285714285,0.14285714285714285,0.14285714285714285,0.14285714285714285,0.14285714285714285,0.14285714285714285,0.0,TP,0.9999999999964029
0.14285714285714285,0.14285714285714285,0.14285714285714285,0.14285714285714285,0.14285714285714285,0.14285714285714285,0.14285714285714285,0.0,TP,0.9999999999964029
0.14285714285714285,0.14285714285714285,0.14285714285714285,0.14285714285714285,0.14285714285714285,0.14285714285714285,0.14285714285714285,0.0,TP,0.9999999999964029
0.14285714285714285,0.14285714285714285,0.14285714285714285,0.14285714285714285,0.14285714285714285,0.14285714285714285,0.14285714285714285,0.0,TP,0.9999999999964029
0.14285714285714285,0.14285714285714285,0.14285714285714285,0.14285714285714285,0.14285714285714285,0.14285714285714285,0.14285714285714285,0.0,TP,0.9999999999964029
0.030126145428974033,0.05210322959780361,0.15562900521067316,0.15732032907366256,0.055289827099183786,0.2555694595206509,0.2848061517606593,0.009155852308392621,TP,0.8412527178887325
0.14285714285714285,0.14285714285714285,0.14285714285714285,0.14285714285714285,0.14285714285714285,0.14285714285714285,0.14285714285714285,0.0,TP,0.9999999999964029
0.14285714285714285,0.14285714285714285,0.14285714285714285,0.14285714285714285,0.14285714285714285,0.14285714285714285,0.14285714285714285,0.0,TP,0.9999999999964029
0.14285714285714285,0.14285714285714285,0.14285714285714285,0.14285714285714285,0.14285714285714285,0.14285714285714285,0.14285714285714285,0.0,TP,0.9999999999964029
0.14285714285714285,0.14285714285714285,0.14285714285714285,0.14285714285714285,0.14285714285714285,0.14285714285714285,0.14285714285714285,0.0,TP,0.9999999999964029
0.14285714285714285,0.14285714285714285,0.14285714285714285,0.14285714285714285,0.14285714285714285,0.14285714285714285,0.14285714285714285,0.0,TP,0.9999999999964029
0.2455651118119228,0.09240123453672748,0.14306913331167234,0.09875761232232201,0.034573267789258046,0.26886992469572374,0.0349331547253283,0.08183056080704532,TP,0.8960137527826185
0.14285714285714285,0.14285714285714285,0.14285714285714285,0.14285714285714285,0.14285714285714285,0.14285714285714285,0.14285714285714285,0.0,TP,0.9999999999964029
0.02077329412730077,0.22061785359939035,0.021993269864215046,0.04554335455225591,0.13567122473744145,0.40205513518532504,0.15334586793407154,0.0,TP,0.8034370920610037
0.14285714285714285,0.14285714285714285,0.14285714285714285,0.14285714285714285,0.14285714285714285,0.14285714285714285,0.14285714285714285,0.0,TP,0.9999999999964029
0.29540561424135076,0.06303821025721716,0.01700839360206769,0.08082860957188329,0.036464862677944854,0.031422730508996986,0.3911572636970996,0.08467431544343959,TP,0.7755749985113
0.14285714285714285,0.14285714285714285,0.14285714285714285,0.14285714285714285,0.14285714285714285,0.14285714285714285,0.14285714285714285,0.0,TP,0.9999999999964029
0.14285714285714285,0.14285714285714285,0.14285714285714285,0.14285714285714285,0.14285714285714285,0.14285714285714285,0.14285714285714285,0.0,TP,0.9999999999964029
0.1200683533302734,0.0038049075823419413,0.0353966238277531,0.25691703418908934,0.11013747316128546,0.30338491270496665,0.11576904783449991,0.05452164736979009,TP,0.8445443898263564
0.14285714285714285,0.14285714285714285,0.14285714285714285,0.14285714285714285,0.14285714285714285,0.14285714285714285,0.14285714285714285,0.0,TP,0.9999999999964029
0.14285714285714285,0.14285714285714285,0.14285714285714285,0.14285714285714285,0.14285714285714285,0.14285714285714285,0.14285714285714285,0.0,TP,0.9999999999964029
0.14285714285714285,0.14285714285714285,0.14285714285714285,0.14285714285714285,0.14285714285714285,0.14285714285714285,0.14285714285714285,0.0,TP,0.9999999999964029
0.09006780523983496,0.06162339118635419,0.23848928300885544,0.05971695544253929,0.16446387099101784,0.1909533126953741,0.19468538143602418,0.0,TP,0.9405869063838278
0.14285714285714285,0.14285714285714285,0.14285714285714285,0.14285714285714285,0.14285714285714285,0.14285714285714285,0.14285714285714285,0.0,TP,0.9999999999964029
0.02032219761707246,0.004967027641543947,0.09576537462475496,0.3756395973411063,0.27200520773103026,0.13099918585173576,0.05535855699740855,0.04494285219534789,TP,0.778096054796632
0.01779029172200913,0.2492361634505022,0.05693985676749458,0.2448749948765846,0.15248764747565616,0.25124790492201504,0.009941777759413243,0.01748136302632489,TP,0.8060274436790311
0.14285714285714285,0.14285714285714285,0.14285714285714285,0.14285714285714285,0.14285714285714285,0.14285714285714285,0.14285714285714285,0.0,TP,0.9999999999964029
0.14285714285714285,0.14285714285714285,0.14285714285714285,0.14285714285714285,0.14285714285714285,0.14285714285714285,0.14285714285714285,0.0,TP,0.9999999999964029
0.14285714285714285,0.14285714285714285,0.14285714285714285,0.14285714285714285,0.14285714285714285,0.14285714285714285,0.14285714285714285,0.0,TP,0.9999999999964029
0.14285714285714285,0.14285714285714285,0.14285714285714285,0.14285714285714285,0.14285714285714285,0.14285714285714285,0.14285714285714285,0.0,TP,0.9999999999964029
0.14285714285714285,0.14285714285714285,0.14285714285714285,0.14285714285714285,0.14285714285714285,0.14285714285714285,0.14285714285714285,0.0,TP,0.9999999999964029
0.14285714285714285,0.14285714285714285,0.14285714285714285,0.14285714285714285,0.14285714285714285,0.14285714285714285,0.14285714285714285,0.0,TP,0.9999999999964029
0.14285714285714285,0.14285714285714285,0.14285714285714285,0.14285714285714285,0.14285714285714285,0.14285714285714285,0.14285714285714285,0.0,TP,0.9999999999964029
0.14285714285714285,0.14285714285714285,0.14285714285714285,0.14285714285714285,0.14285714285714285,0.14285714285714285,0.14285714285714285,0.0,TP,0.9999999999964029
0.14285714285714285,0.14285714285714285,0.14285714285714285,0.14285714285714285,0.14285714285714285,0.14285714285714285,0.14285714285714285,0.0,TP,0.9999999999964029
0.11887808774062124,0.016756812195508924,0.10116982493474348,0.0011175428107163354,0.017074167306959202,0.1529693019467383,0.10554585997893953,0.48648840308577296,TP,0.7240515583105996
0.14285714285714285,0.14285714285714285,0.14285714285714285,0.14285714285714285,0.14285714285714285,0.14285714285714285,0.14285714285714285,0.0,TP,0.9999999999964029
0.0008724581700095586,0.020397913259267653,0.4271877573746606,0.046374420023229765,0.026961866318035394,0.2762167996990261,0.03238643880232797,0.16960234635344296,TP,0.7002357598249727
0.14285714285714285,0.14285714285714285,0.14285714285714285,0.14285714285714285,0.14285714285714285,0.14285714285714285,0.14285714285714285,0.0,TP,0.9999999999964029
0.14285714285714285,0.14285714285714285,0.14285714285714285,0.14285714285714285,0.14285714285714285,0.14285714285714285,0.14285714285714285,0.0,TP,0.9999999999964029
0.0015110952184774382,0.13047338454130084,0.11516708401820142,0.2940027303274236,0.014807281116292675,0.08256033715228515,0.21846971849993052,0.14300836912608836,TP,0.8478765471543328
0.14285714285714285,0.14285714285714285,0.14285714285714285,0.14285714285714285,0.14285714285714285,0.14285714285714285,0.14285714285714285,0.0,TP,0.9999999999964029
0.14285714285714285,0.14285714285714285,0.14285714285714285,0.14285714285714285,0.14285714285714285,0.14285714285714285,0.14285714285714285,0.0,TP,0.9999999999964029
0.14285714285714285,0.14285714285714285,0.14285714285714285,0.14285714285714285,0.14285714285714285,0.14285714285714285,0.14285714285714285,0.0,TP,0.9999999999964029
0.14285714285714285,0.14285714285714285,0.14285714285714285,0.14285714285714285,0.14285714285714285,0.14285714285714285,0.14285714285714285,0.0,TP,0.9999999999964029
0.14285714285714285,0.14285714285714285,0.14285714285714285,0.14285714285714285,0.14285714285714285,0.14285714285714285,0.14285714285714285,0.0,TP,0.9999999999964029
0.14285714285714285,0.14285714285714285,0.14285714285714285,0.14285714285714285,0.14285714285714285,0.14285714285714285,0.14285714285714285,0.0,TP,0.9999999999964029
0.11667883838849379,0.180339024217213,0.1114976599285335,0.0029095382607945614,0.1320308014790118,0.09555179742599161,0.2434431894790497,0.11754915082091183,TP,0.917777045477105
0.14285714285714285,0.14285714285714285,0.14285714285714285,0.14285714285714285,0.14285714285714285,0.14285714285714285,0.14285714285714285,0.0,TP,0.9999999999964029
0.14285714285714285,0.14285714285714285,0.14285714285714285,0.14285714285714285,0.14285714285714285,0.14285714285714285,0.14285714285714285,0.0,TP,0.9999999999964029
0.14285714285714285,0.14285714285714285,0.14285714285714285,0.14285714285714285,0.14285714285714285,0.14285714285714285,0.14285714285714285,0.0,TP,0.9999999999964029
0.12563627238800051,0.07082075054319208,0.05805801657227533,0.49250001191215537,0.16952739161252509,0.010234663036299108,0.07322289393555252,0.0,TP,0.7715542439956911
0.20073814453768388,0.10030523341210139,0.14338942074716865,0.01444102193938195,0.07850992574920997,0.1025126347345389,0.3576409013654068,0.0024627175145084446,TP,0.8216036460826179
0.008637455408520681,0.17536103507202214,0.1611851969966825,0.052490491522481336,0.11137579645344996,0.05551799669874894,0.4152713675968367,0.020160660251257678,TP,0.7905182877613142
0.14285714285714285,0.14285714285714285,0.14285714285714285,0.14285714285714285,0.14285714285714285,0.14285714285714285,0.14285714285714285,0.0,TP,0.9999999999964029
0.14285714285714285,0.14285714285714285,0.14285714285714285,0.14285714285714285,0.14285714285714285,0.14285714285714285,0.14285714285714285,0.0,TP,0.9999999999964029
0.14285714285714285,0.14285714285714285,0.14285714285714285,0.14285714285714285,0.14285714285714285,0.14285714285714285,0.14285714285714285,0.0,TP,0.9999999999964029
0.14285714285714285,0.14285714285714285,0.14285714285714285,0.14285714285714285,0.14285714285714285,0.14285714285714285,0.14285714285714285,0.0,TP,0.9999999999964029
0.20942090920382608,0.06510136703713333,0.30872672043664784,0.013737767573933763,0.12576349009549528,0.001233530087810548,0.19283406078451287,0.08318215478064041,TP,0.8272696194713367
0.14285714285714285,0.14285714285714285,0.14285714285714285,0.14285714285714285,0.14285714285714285,0.14285714285714285,0.14285714285714285,0.0,TP,0.9999999999964029
0.14285714285714285,0.14285714285714285,0.14285714285714285,0.14285714285714285,0.14285714285714285,0.14285714285714285,0.14285714285714285,0.0,TP,0.9999999999964029
0.14285714285714285,0.14285714285714285,0.14285714285714285,0.14285714285714285,0.14285714285714285,0.14285714285714285,0.14285714285714285,0.0,TP,0.9999999999964029
0.020221208665502907,0.017005892630954377,0.23909841714207872,0.001247599455255687,0.077237475420983,0.41803396734577425,0.19534033784638563,0.03181510149306548,TP,0.7164033853370989
0.14285714285714285,0.14285714285714285,0.14285714285714285,0.14285714285714285,0.14285714285714285,0.14285714285714285,0.14285714285714285,0.0,TP,0.9999999999964029
0.14285714285714285,0.14285714285714285,0.14285714285714285,0.14285714285714285,0.14285714285714285,0.14285714285714285,0.14285714285714285,0.0,TP,0.9999999999964029
0.14285714285714285,0.14285714285714285,0.14285714285714285,0.14285714285714285,0.14285714285714285,0.14285714285714285,0.14285714285714285,0.0,TP,0.9999999999964029
0.14285714285714285,0.14285714285714285,0.14285714285714285,0.14285714285714285,0.14285714285714285,0.14285714285714285,0.14285714285714285,0.0,TP,0.9999999999964029
0.03232323393224033,0.0006820340667673991,0.039272163851611246,0.013731109467439785,0.015880098242109116,0.3675111973370393,0.04141288308409178,0.48918728001870093,TP,0.5853605184885575
0.14285714285714285,0.14285714285714285,0.14285714285714285,0.14285714285714285,0.14285714285714285,0.14285714285714285,0.14285714285714285,0.0,TP,0.9999999999964029
0.14285714285714285,0.14285714285714285,0.14285714285714285,0.14285714285714285,0.14285714285714285,0.14285714285714285,0.14285714285714285,0.0,TP,0.9999999999964029
0.29853534110535607,0.08403574323086002,0.06075896926816423,0.05701030824530401,0.20437513867651835,0.09432765299821351,0.02315585465305797,0.17780099182252587,TP,0.8867634828857492
0.14285714285714285,0.14285714285714285,0.14285714285714285,0.14285714285714285,0.14285714285714285,0.14285714285714285,0.14285714285714285,0.0,TP,0.9999999999964029
0.14285714285714285,0.14285714285714285,0.14285714285714285,0.14285714285714285,0.14285714285714285,0.14285714285714285,0.14285714285714285,0.0,TP,0.9999999999964029
0.14285714285714285,0.14285714285714285,0.14285714285714285,0.14285714285714285,0.14285714285714285,0.14285714285714285,0.14285714285714285,0.0,TP,0.9999999999964029
0.14285714285714285,0.14285714285714285,0.14285714285714285,0.14285714285714285,0.14285714285714285,0.14285714285714285,0.14285714285714285,0.0,TP,0.9999999999964029
0.14285714285714285,0.14285714285714285,0.14285714285714285,0.14285714285714285,0.14285714285714285,0.14285714285714285,0.14285714285714285,0.0,TP,0.9999999999964029
0.14285714285714285,0.14285714285714285,0.14285714285714285,0.14285714285714285,0.14285714285714285,0.14285714285714285,0.14285714285714285,0.0,TP,0.9999999999964029
0.14285714285714285,0.14285714285714285,0.14285714285714285,0.14285714285714285,0.14285714285714285,0.14285714285714285,0.14285714285714285,0.0,TP,0.9999999999964029
0.14285714285714285,0.14285714285714285,0.14285714285714285,0.14285714285714285,0.14285714285714285,0.14285714285714285,0.14285714285714285,0.0,TP,0.9999999999964029
0.14285714285714285,0.14285714285714285,0.14285714285714285,0.14285714285714285,0.14285714285714285,0.14285714285714285,0.14285714285714285,0.0,TP,0.9999999999964029
0.14285714285714285,0.14285714285714285,0.14285714285714285,0.14285714285714285,0.14285714285714285,0.14285714285714285,0.14285714285714285,0.0,TP,0.9999999999964029
0.14285714285714285,0.14285714285714285,0.14285714285714285,0.14285714285714285,0.14285714285714285,0.14285714285714285,0.14285714285714285,0.0,TP,0.9999999999964029
0.10669208264888977,0.035183606104843494,0.03712979036600224,0.30106385994776586,0.29853636660116195,0.12058686373903207,0.0647090294433537,0.03609840114895088,TP,0.8431361258242941
0.14285714285714285,0.14285714285714285,0.14285714285714285,0.14285714285714285,0.14285714285714285,0.14285714285714285,0.14285714285714285,0.0,TP,0.9999999999964029
0.14285714285714285,0.14285714285714285,0.14285714285714285,0.14285714285714285,0.14285714285714285,0.14285714285714285,0.14285714285714285,0.0,TP,0.9999999999964029
0.14285714285714285,0.14285714285714285,0.14285714285714285,0.14285714285714285,0.14285714285714285,0.14285714285714285,0.14285714285714285,0.0,TP,0.9999999999964029
0.14285714285714285,0.14285714285714285,0.14285714285714285,0.14285714285714285,0.14285714285714285,0.14285714285714285,0.14285714285714285,0.0,TP,0.9999999999964029
0.14285714285714285,0.14285714285714285,0.14285714285714285,0.14285714285714285,0.14285714285714285,0.14285714285714285,0.14285714285714285,0.0,TP,0.9999999999964029
0.14285714285714285,0.14285714285714285,0.14285714285714285,0.14285714285714285,0.14285714285714285,0.14285714285714285,0.14285714285714285,0.0,TP,0.9999999999964029
0.14285714285714285,0.14285714285714285,0.14285714285714285,0.14285714285714285,0.14285714285714285,0.14285714285714285,0.14285714285714285,0.0,TP,0.9999999999964029
0.14285714285714285,0.14285714285714285,0.14285714285714285,0.14285714285714285,0.14285714285714285,0.14285714285714285,0.14285714285714285,0.0,TP,0.9999999999964029
0.14285714285714285,0.14285714285714285,0.14285714285714285,0.14285714285714285,0.14285714285714285,0.14285714285714285,0.14285714285714285,0.0,TP,0.9999999999964029
0.14285714285714285,0.14285714285714285,0.14285714285714285,0.14285714285714285,0.14285714285714285,0.14285714285714285,0.14285714285714285,0.0,TP,0.9999999999964029
0.14285714285714285,0.14285714285714285,0.14285714285714285,0.14285714285714285,0.14285714285714285,0.14285714285714285,0.14285714285714285,0.0,TP,0.9999999999964029
0.14285714285714285,0.14285714285714285,0.14285714285714285,0.14285714285714285,0.14285714285714285,0.14285714285714285,0.14285714285714285,0.0,TP,0.9999999999964029
0.14285714285714285,0.14285714285714285,0.14285714285714285,0.14285714285714285,0.14285714285714285,0.14285714285714285,0.14285714285714285,0.0,TP,0.9999999999964029
0.14285714285714285,0.14285714285714285,0.14285714285714285,0.14285714285714285,0.14285714285714285,0.14285714285714285,0.14285714285714285,0.0,TP,0.9999999999964029
0.14285714285714285,0.14285714285714285,0.14285714285714285,0.14285714285714285,0.14285714285714285,0.14285714285714285,0.14285714285714285,0.0,TP,0.9999999999964029
0.045292345311266996,0.0029963988934643628,0.6090818989029793,0.04676674062213629,0.1431292517938571,0.012870754682527335,0.13538198950485278,0.004480620288915867,TP,0.5924669921356789
0.14285714285714285,0.14285714285714285,0.14285714285714285,0.14285714285714285,0.14285714285714285,0.14285714285714285,0.14285714285714285,0.0,TP,0.9999999999964029
0.14285714285714285,0.14285714285714285,0.14285714285714285,0.14285714285714285,0.14285714285714285,0.14285714285714285,0.14285714285714285,0.0,TP,0.9999999999964029
0.007087182089484747,0.4690621169368917,0.15256393031626206,0.21471716355978623,0.03192430163532321,0.12001737294084712,0.004627932521404966,0.0,TP,0.7177261326152568
0.14285714285714285,0.14285714285714285,0.14285714285714285,0.14285714285714285,0.14285714285714285,0.14285714285714285,0.14285714285714285,0.0,TP,0.9999999999964029
0.14285714285714285,0.14285714285714285,0.14285714285714285,0.14285714285714285,0.14285714285714285,0.14285714285714285,0.14285714285714285,0.0,TP,0.9999999999964029
0.14285714285714285,0.14285714285714285,0.14285714285714285,0.14285714285714285,0.14285714285714285,0.14285714285714285,0.14285714285714285,0.0,TP,0.9999999999964029
0.14285714285714285,0.14285714285714285,0.14285714285714285,0.14285714285714285,0.14285714285714285,0.14285714285714285,0.14285714285714285,0.0,TP,0.9999999999964029
0.14285714285714285,0.14285714285714285,0.14285714285714285,0.14285714285714285,0.14285714285714285,0.14285714285714285,0.14285714285714285,0.0,TP,0.9999999999964029
0.14285714285714285,0.14285714285714285,0.14285714285714285,0.14285714285714285,0.14285714285714285,0.14285714285714285,0.14285714285714285,0.0,TP,0.9999999999964029
0.03314810973176212,0.029481663978717567,0.0520652143547069,0.40045309901306786,0.06685449224208465,0.24753087675834073,0.015844211831249375,0.15462233209007079,TP,0.7780684095316108
0.14285714285714285,0.14285714285714285,0.14285714285714285,0.14285714285714285,0.14285714285714285,0.14285714285714285,0.14285714285714285,0.0,TP,0.9999999999964029
0.06457637104304069,0.018310179840336043,0.4905326981167591,0.19654581881917832,0.11108790829322433,0.08485249192278767,0.03409453196467396,0.0,TP,0.764649195256572
0.14285714285714285,0.14285714285714285,0.14285714285714285,0.14285714285714285,0.14285714285714285,0.14285714285714285,0.14285714285714285,0.0,TP,0.9999999999964029
0.14285714285714285,0.14285714285714285,0.14285714285714285,0.14285714285714285,0.14285714285714285,0.14285714285714285,0.14285714285714285,0.0,TP,0.9999999999964029
0.12988207229529092,0.017727192209199834,0.13249259513337078,0.022932503982234988,0.6074445073960383,0.026513627633818544,0.06300750135004664,0.0,TP,0.6496730174603002
0.14285714285714285,0.14285714285714285,0.14285714285714285,0.14285714285714285,0.14285714285714285,0.14285714285714285,0.14285714285714285,0.0,TP,0.9999999999964029
0.14285714285714285,0.14285714285714285,0.14285714285714285,0.14285714285714285,0.14285714285714285,0.14285714285714285,0.14285714285714285,0.0,TP,0.9999999999964029
0.14285714285714285,0.14285714285714285,0.14285714285714285,0.14285714285714285,0.14285714285714285,0.14285714285714285,0.14285714285714285,0.0,TP,0.9999999999964029
0.14285714285714285,0.14285714285714285,0.14285714285714285,0.14285714285714285,0.14285714285714285,0.14285714285714285,0.14285714285714285,0.0,TP,0.9999999999964029
0.14285714285714285,0.14285714285714285,0.14285714285714285,0.14285714285714285,0.14285714285714285,0.14285714285714285,0.14285714285714285,0.0,TP,0.9999999999964029
0.14285714285714285,0.14285714285714285,0.14285714285714285,0.14285714285714285,0.14285714285714285,0.14285714285714285,0.14285714285714285,0.0,TP,0.9999999999964029
0.14285714285714285,0.14285714285714285,0.14285714285714285,0.14285714285714285,0.14285714285714285,0.14285714285714285,0.14285714285714285,0.0,TP,0.9999999999964029
0.10579983281968137,0.0680356398510896,0.1139056595818695,0.0004006986060338409,0.19284840693570823,0.3528416162023983,0.16616814600321905,0.0,TP,0.8501364791578735
0.14285714285714285,0.14285714285714285,0.14285714285714285,0.14285714285714285,0.14285714285714285,0.14285714285714285,0.14285714285714285,0.0,TP,0.9999999999964029
0.14285714285714285,0.14285714285714285,0.14285714285714285,0.14285714285714285,0.14285714285714285,0.14285714285714285,0.14285714285714285,0.0,TP,0.9999999999964029
0.14285714285714285,0.14285714285714285,0.14285714285714285,0.14285714285714285,0.14285714285714285,0.14285714285714285,0.14285714285714285,0.0,TP,0.9999999999964029
0.14285714285714285,0.14285714285714285,0.14285714285714285,0.14285714285714285,0.14285714285714285,0.14285714285714285,0.14285714285714285,0.0,TP,0.9999999999964029
0.04306914567328648,0.07474665652993752,0.022123329458316604,0.031974912426925683,0.14812405625839922,0.14897685242196915,0.5309850472311652,0.0,TP,0.7330039503607911
0.14285714285714285,0.14285714285714285,0.14285714285714285,0.14285714285714285,0.14285714285714285,0.14285714285714285,0.14285714285714285,0.0,TP,0.9999999999964029
0.14285714285714285,0.14285714285714285,0.14285714285714285,0.14285714285714285,0.14285714285714285,0.14285714285714285,0.14285714285714285,0.0,TP,0.9999999999964029
0.14285714285714285,0.14285714285714285,0.14285714285714285,0.14285714285714285,0.14285714285714285,0.14285714285714285,0.14285714285714285,0.0,TP,0.9999999999964029
0.14285714285714285,0.14285714285714285,0.14285714285714285,0.14285714285714285,0.14285714285714285,0.14285714285714285,0.14285714285714285,0.0,TP,0.9999999999964029
0.33207873656352876,0.3783123511636493,0.027288246007315286,0.0002806106337170939,0.05042641485396062,0.008099547042198632,0.17060978820278574,0.032904305532844645,TP,0.691562800826652
0.14285714285714285,0.14285714285714285,0.14285714285714285,0.14285714285714285,0.14285714285714285,0.14285714285714285,0.14285714285714285,0.0,TP,0.9999999999964029
0.14285714285714285,0.14285714285714285,0.14285714285714285,0.14285714285714285,0.14285714285714285,0.14285714285714285,0.14285714285714285,0.0,TP,0.9999999999964029
0.14285714285714285,0.14285714285714285,0.14285714285714285,0.14285714285714285,0.14285714285714285,0.14285714285714285,0.14285714285714285,0.0,TP,0.9999999999964029
0.14285714285714285,0.14285714285714285,0.14285714285714285,0.14285714285714285,0.14285714285714285,0.14285714285714285,0.14285714285714285,0.0,TP,0.9999999999964029
0.14285714285714285,0.14285714285714285,0.14285714285714285,0.14285714285714285,0.14285714285714285,0.14285714285714285,0.14285714285714285,0.0,TP,0.9999999999964029
0.149359214868347,0.005355594313550949,0.08998735854397556,0.0342584267354934,0.17008860743999216,0.041457446612651945,0.509493351485989,0.0,TP,0.7303077795971313
0.0979571628212802,0.05166250002901456,0.18182118835909872,0.0022295890888068405,0.3945521914769042,0.05609503927423554,0.21568232895065997,0.0,TP,0.803530347955577
0.14285714285714285,0.14285714285714285,0.14285714285714285,0.14285714285714285,0.14285714285714285,0.14285714285714285,0.14285714285714285,0.0,TP,0.9999999999964029
0.14285714285714285,0.14285714285714285,0.14285714285714285,0.14285714285714285,0.14285714285714285,0.14285714285714285,0.14285714285714285,0.0,TP,0.9999999999964029
0.14285714285714285,0.14285714285714285,0.14285714285714285,0.14285714285714285,0.14285714285714285,0.14285714285714285,0.14285714285714285,0.0,TP,0.9999999999964029
0.14285714285714285,0.14285714285714285,0.14285714285714285,0.14285714285714285,0.14285714285714285,0.14285714285714285,0.14285714285714285,0.0,TP,0.9999999999964029
0.041223655206618096,0.4055897028899641,0.15858862355946513,0.0015094116975523512,0.02503857446662209,0.022689650042459132,0.3032584500014818,0.042101932135837156,TP,0.7082318721959824
0.14285714285714285,0.14285714285714285,0.14285714285714285,0.14285714285714285,0.14285714285714285,0.14285714285714285,0.14285714285714285,0.0,TP,0.9999999999964029
0.14285714285714285,0.14285714285714285,0.14285714285714285,0.14285714285714285,0.14285714285714285,0.14285714285714285,0.14285714285714285,0.0,TP,0.9999999999964029
0.14285714285714285,0.14285714285714285,0.14285714285714285,0.14285714285714285,0.14285714285714285,0.14285714285714285,0.14285714285714285,0.0,TP,0.9999999999964029
0.14285714285714285,0.14285714285714285,0.14285714285714285,0.14285714285714285,0.14285714285714285,0.14285714285714285,0.14285714285714285,0.0,TP,0.9999999999964029
0.14285714285714285,0.14285714285714285,0.14285714285714285,0.14285714285714285,0.14285714285714285,0.14285714285714285,0.14285714285714285,0.0,TP,0.9999999999964029
0.14285714285714285,0.14285714285714285,0.14285714285714285,0.14285714285714285,0.14285714285714285,0.14285714285714285,0.14285714285714285,0.0,TP,0.9999999999964029
0.14285714285714285,0.14285714285714285,0.14285714285714285,0.14285714285714285,0.14285714285714285,0.14285714285714285,0.14285714285714285,0.0,TP,0.9999999999964029
0.14285714285714285,0.14285714285714285,0.14285714285714285,0.14285714285714285,0.14285714285714285,0.14285714285714285,0.14285714285714285,0.0,TP,0.9999999999964029
0.14285714285714285,0.14285714285714285,0.14285714285714285,0.14285714285714285,0.14285714285714285,0.14285714285714285,0.14285714285714285,0.0,TP,0.9999999999964029
0.14285714285714285,0.14285714285714285,0.14285714285714285,0.14285714285714285,0.14285714285714285,0.14285714285714285,0.14285714285714285,0.0,TP,0.9999999999964029
0.14285714285714285,0.14285714285714285,0.14285714285714285,0.14285714285714285,0.14285714285714285,0.14285714285714285,0.14285714285714285,0.0,TP,0.9999999999964029
0.14285714285714285,0.14285714285714285,0.14285714285714285,0.14285714285714285,0.14285714285714285,0.14285714285714285,0.14285714285714285,0.0,TP,0.9999999999964029
0.14285714285714285,0.14285714285714285,0.14285714285714285,0.14285714285714285,0.14285714285714285,0.14285714285714285,0.14285714285714285,0.0,TP,0.9999999999964029
0.14285714285714285,0.14285714285714285,0.14285714285714285,0.14285714285714285,0.14285714285714285,0.14285714285714285,0.14285714285714285,0.0,TP,0.9999999999964029
0.14285714285714285,0.14285714285714285,0.14285714285714285,0.14285714285714285,0.14285714285714285,0.14285714285714285,0.14285714285714285,0.0,TP,0.9999999999964029
0.029611746436001243,0.05961378813039585,0.0455794808953475,0.18057195580185365,0.07363476264445516,0.27355879791323884,0.3374294681787078,0.0,TP,0.8404425150076784
0.14285714285714285,0.14285714285714285,0.14285714285714285,0.14285714285714285,0.14285714285714285,0.14285714285714285,0.14285714285714285,0.0,TP,0.9999999999964029
0.14285714285714285,0.14285714285714285,0.14285714285714285,0.14285714285714285,0.14285714285714285,0.14285714285714285,0.14285714285714285,0.0,TP,0.9999999999964029
0.14285714285714285,0.14285714285714285,0.14285714285714285,0.14285714285714285,0.14285714285714285,0.14285714285714285,0.14285714285714285,0.0,TP,0.9999999999964029
0.020470823009105306,0.11673561839142477,0.156596301961035,0.05322859707471612,0.07317787267182989,0.016327228815110385,0.5634635580767784,0.0,TP,0.6981690252378474
0.14285714285714285,0.14285714285714285,0.14285714285714285,0.14285714285714285,0.14285714285714285,0.14285714285714285,0.14285714285714285,0.0,TP,0.9999999999964029
0.14285714285714285,0.14285714285714285,0.14285714285714285,0.14285714285714285,0.14285714285714285,0.14285714285714285,0.14285714285714285,0.0,TP,0.9999999999964029
0.14285714285714285,0.14285714285714285,0.14285714285714285,0.14285714285714285,0.14285714285714285,0.14285714285714285,0.14285714285714285,0.0,TP,0.9999999999964029
0.14285714285714285,0.14285714285714285,0.14285714285714285,0.14285714285714285,0.14285714285714285,0.14285714285714285,0.14285714285714285,0.0,TP,0.9999999999964029
0.14285714285714285,0.14285714285714285,0.14285714285714285,0.14285714285714285,0.14285714285714285,0.14285714285714285,0.14285714285714285,0.0,TP,0.9999999999964029
0.011168260065733529,0.18632291833422365,0.08919400981406643,0.11271062309726244,0.3841002274300138,0.15497057751160792,0.0004908447466967061,0.061042539000395586,TP,0.7962649513920091
0.14285714285714285,0.14285714285714285,0.14285714285714285,0.14285714285714285,0.14285714285714285,0.14285714285714285,0.14285714285714285,0.0,TP,0.9999999999964029
0.14285714285714285,0.14285714285714285,0.14285714285714285,0.14285714285714285,0.14285714285714285,0.14285714285714285,0.14285714285714285,0.0,TP,0.9999999999964029
0.14285714285714285,0.14285714285714285,0.14285714285714285,0.14285714285714285,0.14285714285714285,0.14285714285714285,0.14285714285714285,0.0,TP,0.9999999999964029
0.02205584923601345,0.2432746131672742,0.2756826204481452,0.04685695602662365,0.19594352238770602,0.11668976185717568,0.0994966768770617,0.0,TP,0.8871393753771183
0.17905816620385118,0.0850151390909448,0.3958616837757448,0.07203820822815994,0.06757778294112722,1.4076872243963355e-05,0.20043494288792807,0.0,TP,0.81107658230931
0.1120622766794339,0.13388848163634073,0.02039340029487789,0.04351199184836351,0.46621967615748316,0.14349249934555058,0.0384639156456881,0.04196775839226208,TP,0.7805054364631508
0.14285714285714285,0.14285714285714285,0.14285714285714285,0.14285714285714285,0.14285714285714285,0.14285714285714285,0.14285714285714285,0.0,TP,0.9999999999964029
0.14285714285714285,0.14285714285714285,0.14285714285714285,0.14285714285714285,0.14285714285714285,0.14285714285714285,0.14285714285714285,0.0,TP,0.9999999999964029
0.14285714285714285,0.14285714285714285,0.14285714285714285,0.14285714285714285,0.14285714285714285,0.14285714285714285,0.14285714285714285,0.0,TP,0.9999999999964029
0.08013560263368584,0.19697512475281784,0.2643941682515592,0.01990080035049498,0.03631307169562532,0.06413149255485727,0.3381497397609595,0.0,TP,0.8300309906670069
0.14285714285714285,0.14285714285714285,0.14285714285714285,0.14285714285714285,0.14285714285714285,0.14285714285714285,0.14285714285714285,0.0,TP,0.9999999999964029
0.14285714285714285,0.14285714285714285,0.14285714285714285,0.14285714285714285,0.14285714285714285,0.14285714285714285,0.14285714285714285,0.0,TP,0.9999999999964029
0.14285714285714285,0.14285714285714285,0.14285714285714285,0.14285714285714285,0.14285714285714285,0.14285714285714285,0.14285714285714285,0.0,TP,0.9999999999964029
0.028516585781029745,0.2967911721470873,0.08331442237531318,0.44507318104303056,0.03550013925310708,0.01109735717265154,0.09271846710824967,0.0069886751195310255,TP,0.6987211479977231
0.14285714285714285,0.14285714285714285,0.14285714285714285,0.14285714285714285,0.14285714285714285,0.14285714285714285,0.14285714285714285,0.0,TP,0.9999999999964029
0.14285714285714285,0.14285714285714285,0.14285714285714285,0.14285714285714285,0.14285714285714285,0.14285714285714285,0.14285714285714285,0.0,TP,0.9999999999964029
0.14285714285714285,0.14285714285714285,0.14285714285714285,0.14285714285714285,0.14285714285714285,0.14285714285714285,0.14285714285714285,0.0,TP,0.9999999999964029
0.14285714285714285,0.14285714285714285,0.14285714285714285,0.14285714285714285,0.14285714285714285,0.14285714285714285,0.14285714285714285,0.0,TP,0.9999999999964029
0.14285714285714285,0.14285714285714285,0.14285714285714285,0.14285714285714285,0.14285714285714285,0.14285714285714285,0.14285714285714285,0.0,TP,0.9999999999964029
0.14285714285714285,0.14285714285714285,0.14285714285714285,0.14285714285714285,0.14285714285714285,0.14285714285714285,0.14285714285714285,0.0,TP,0.9999999999964029
0.14285714285714285,0.14285714285714285,0.14285714285714285,0.14285714285714285,0.14285714285714285,0.14285714285714285,0.14285714285714285,0.0,TP,0.9999999999964029
0.14285714285714285,0.14285714285714285,0.14285714285714285,0.14285714285714285,0.14285714285714285,0.14285714285714285,0.14285714285714285,0.0,TP,0.9999999999964029
0.14285714285714285,0.14285714285714285,0.14285714285714285,0.14285714285714285,0.14285714285714285,0.14285714285714285,0.14285714285714285,0.0,TP,0.9999999999964029
0.33016660457207475,0.04727743426415555,0.00386928943758473,0.4099048206607441,0.01328353898923021,0.06816684956367866,0.12733146251253194,0.0,TP,0.7195200344133593
0.14285714285714285,0.14285714285714285,0.14285714285714285,0.14285714285714285,0.14285714285714285,0.14285714285714285,0.14285714285714285,0.0,TP,0.9999999999964029
0.20563965012938007,0.05293233534558082,0.12537341557529844,0.040590979935902154,0.04063201191763113,0.06371605206379793,0.47111555503240937,0.0,TP,0.7869654129013344
0.14285714285714285,0.14285714285714285,0.14285714285714285,0.14285714285714285,0.14285714285714285,0.14285714285714285,0.14285714285714285,0.0,TP,0.9999999999964029
0.14285714285714285,0.14285714285714285,0.14285714285714285,0.14285714285714285,0.14285714285714285,0.14285714285714285,0.14285714285714285,0.0,TP,0.9999999999964029
0.14285714285714285,0.14285714285714285,0.14285714285714285,0.14285714285714285,0.14285714285714285,0.14285714285714285,0.14285714285714285,0.0,TP,0.9999999999964029
0.14285714285714285,0.14285714285714285,0.14285714285714285,0.14285714285714285,0.14285714285714285,0.14285714285714285,0.14285714285714285,0.0,TP,0.9999999999964029
0.14285714285714285,0.14285714285714285,0.14285714285714285,0.14285714285714285,0.14285714285714285,0.14285714285714285,0.14285714285714285,0.0,TP,0.9999999999964029
0.14285714285714285,0.14285714285714285,0.14285714285714285,0.14285714285714285,0.14285714285714285,0.14285714285714285,0.14285714285714285,0.0,TP,0.9999999999964029
0.14285714285714285,0.14285714285714285,0.14285714285714285,0.14285714285714285,0.14285714285714285,0.14285714285714285,0.14285714285714285,0.0,TP,0.9999999999964029
0.14285714285714285,0.14285714285714285,0.14285714285714285,0.14285714285714285,0.14285714285714285,0.14285714285714285,0.14285714285714285,0.0,TP,0.9999999999964029
0.14285714285714285,0.14285714285714285,0.14285714285714285,0.14285714285714285,0.14285714285714285,0.14285714285714285,0.14285714285714285,0.0,TP,0.9999999999964029
0.14285714285714285,0.14285714285714285,0.14285714285714285,0.14285714285714285,0.14285714285714285,0.14285714285714285,0.14285714285714285,0.0,TP,0.9999999999964029
0.14285714285714285,0.14285714285714285,0.14285714285714285,0.14285714285714285,0.14285714285714285,0.14285714285714285,0.14285714285714285,0.0,TP,0.9999999999964029
0.14285714285714285,0.14285714285714285,0.14285714285714285,0.14285714285714285,0.14285714285714285,0.14285714285714285,0.14285714285714285,0.0,TP,0.9999999999964029
0.14285714285714285,0.14285714285714285,0.14285714285714285,0.14285714285714285,0.14285714285714285,0.14285714285714285,0.14285714285714285,0.0,TP,0.9999999999964029
0.14285714285714285,0.14285714285714285,0.14285714285714285,0.14285714285714285,0.14285714285714285,0.14285714285714285,0.14285714285714285,0.0,TP,0.9999999999964029
0.14285714285714285,0.14285714285714285,0.14285714285714285,0.14285714285714285,0.14285714285714285,0.14285714285714285,0.14285714285714285,0.0,TP,0.9999999999964029
0.14285714285714285,0.14285714285714285,0.14285714285714285,0.14285714285714285,0.14285714285714285,0.14285714285714285,0.14285714285714285,0.0,TP,0.9999999999964029
0.14285714285714285,0.14285714285714285,0.14285714285714285,0.14285714285714285,0.14285714285714285,0.14285714285714285,0.14285714285714285,0.0,TP,0.9999999999964029
0.14285714285714285,0.14285714285714285,0.14285714285714285,0.14285714285714285,0.14285714285714285,0.14285714285714285,0.14285714285714285,0.0,TP,0.9999999999964029
0.14285714285714285,0.14285714285714285,0.14285714285714285,0.14285714285714285,0.14285714285714285,0.14285714285714285,0.14285714285714285,0.0,TP,0.9999999999964029
0.14285714285714285,0.14285714285714285,0.14285714285714285,0.14285714285714285,0.14285714285714285,0.14285714285714285,0.14285714285714285,0.0,TP,0.9999999999964029
0.14285714285714285,0.14285714285714285,0.14285714285714285,0.14285714285714285,0.14285714285714285,0.14285714285714285,0.14285714285714285,0.0,TP,0.9999999999964029
0.14285714285714285,0.14285714285714285,0.14285714285714285,0.14285714285714285,0.14285714285714285,0.14285714285714285,0.14285714285714285,0.0,TP,0.9999999999964029
0.15717073834596618,0.006090217934894695,0.12293701683642345,0.31679639990543723,0.13349568840183038,0.2628469613539981,0.0006629772214500411,0.0,TP,0.8061130799872511
0.14285714285714285,0.14285714285714285,0.14285714285714285,0.14285714285714285,0.14285714285714285,0.14285714285714285,0.14285714285714285,0.0,TP,0.9999999999964029
0.14285714285714285,0.14285714285714285,0.14285714285714285,0.14285714285714285,0.14285714285714285,0.14285714285714285,0.14285714285714285,0.0,TP,0.9999999999964029
0.14285714285714285,0.14285714285714285,0.14285714285714285,0.14285714285714285,0.14285714285714285,0.14285714285714285,0.14285714285714285,0.0,TP,0.9999999999964029
0.14285714285714285,0.14285714285714285,0.14285714285714285,0.14285714285714285,0.14285714285714285,0.14285714285714285,0.14285714285714285,0.0,TP,0.9999999999964029
0.14285714285714285,0.14285714285714285,0.14285714285714285,0.14285714285714285,0.14285714285714285,0.14285714285714285,0.14285714285714285,0.0,TP,0.9999999999964029
0.22920048479401395,0.026546057190001898,0.042930848791581634,0.5110214136579836,0.029466646502681826,0.043260554592437724,0.11757399447129933,0.0,TP,0.7213128163497396
0.14285714285714285,0.14285714285714285,0.14285714285714285,0.14285714285714285,0.14285714285714285,0.14285714285714285,0.14285714285714285,0.0,TP,0.9999999999964029
0.14285714285714285,0.14285714285714285,0.14285714285714285,0.14285714285714285,0.14285714285714285,0.14285714285714285,0.14285714285714285,0.0,TP,0.9999999999964029
0.14285714285714285,0.14285714285714285,0.14285714285714285,0.14285714285714285,0.14285714285714285,0.14285714285714285,0.14285714285714285,0.0,TP,0.9999999999964029
0.14285714285714285,0.14285714285714285,0.14285714285714285,0.14285714285714285,0.14285714285714285,0.14285714285714285,0.14285714285714285,0.0,TP,0.9999999999964029
0.06042597419206052,0.1061402886268886,0.01836334848700058,0.03696345770500115,0.09437340414256906,0.23112669073072023,0.37451509701919133,0.07809173909656858,TP,0.8325389096444629
0.03940828718795477,0.16137129662450816,0.292599926774342,0.132031446012396,0.09361657086131735,0.0633099081521501,0.12668308475689177,0.09097947963043986,TP,0.9257197687511826
0.14285714285714285,0.14285714285714285,0.14285714285714285,0.14285714285714285,0.14285714285714285,0.14285714285714285,0.14285714285714285,0.0,TP,0.9999999999964029
0.0014970150073837037,0.16156073987819425,0.07548231299855941,0.021405950164555945,0.07879902236111128,1.4545010036319876e-05,0.43491906024966004,0.22632135433049907,TP,0.711884543088964
0.14285714285714285,0.14285714285714285,0.14285714285714285,0.14285714285714285,0.14285714285714285,0.14285714285714285,0.14285714285714285,0.0,TP,0.9999999999964029
0.14285714285714285,0.14285714285714285,0.14285714285714285,0.14285714285714285,0.14285714285714285,0.14285714285714285,0.14285714285714285,0.0,TP,0.9999999999964029
0.14285714285714285,0.14285714285714285,0.14285714285714285,0.14285714285714285,0.14285714285714285,0.14285714285714285,0.14285714285714285,0.0,TP,0.9999999999964029
0.020463703381705153,0.5236974823212982,0.06248409652767768,0.03403419825722867,0.018936402420113862,0.15593856359314187,0.18444555349883449,0.0,TP,0.7108873389323662
0.14285714285714285,0.14285714285714285,0.14285714285714285,0.14285714285714285,0.14285714285714285,0.14285714285714285,0.14285714285714285,0.0,TP,0.9999999999964029
0.23021392076235558,0.18919951527976656,0.16989512933274056,0.2193032690070765,0.018207027178491254,0.06862492374615346,0.10455621469341603,0.0,TP,0.9146954473479764
0.14285714285714285,0.14285714285714285,0.14285714285714285,0.14285714285714285,0.14285714285714285,0.14285714285714285,0.14285714285714285,0.0,TP,0.9999999999964029
0.0010643210185976415,0.09467070954338633,0.11295959021400692,0.03806589300366943,0.18720416106996746,0.06613535764152528,0.06919863753808268,0.43070132997076427,TP,0.7896911715738419
0.060842547035173444,0.49964046830626796,0.014559304527594784,0.04228613144617715,0.30499884771164204,0.03092449812265582,0.018267160203797088,0.028481042646691674,TP,0.6523339115513492
0.14285714285714285,0.14285714285714285,0.14285714285714285,0.14285714285714285,0.14285714285714285,0.14285714285714285,0.14285714285714285,0.0,TP,0.9999999999964029
0.14285714285714285,0.14285714285714285,0.14285714285714285,0.14285714285714285,0.14285714285714285,0.14285714285714285,0.14285714285714285,0.0,TP,0.9999999999964029
0.14285714285714285,0.14285714285714285,0.14285714285714285,0.14285714285714285,0.14285714285714285,0.14285714285714285,0.14285714285714285,0.0,TP,0.9999999999964029
0.14285714285714285,0.14285714285714285,0.14285714285714285,0.14285714285714285,0.14285714285714285,0.14285714285714285,0.14285714285714285,0.0,TP,0.9999999999964029
0.5644814161760937,0.12438175452862876,0.022248029122439585,0.005802868214447301,0.0718992982650004,0.18800739712721176,0.023179236566178447,0.0,TP,0.6615665956628499
0.14285714285714285,0.14285714285714285,0.14285714285714285,0.14285714285714285,0.14285714285714285,0.14285714285714285,0.14285714285714285,0.0,TP,0.9999999999964029
0.22076314256008875,0.13396684810340037,0.0791152054327792,0.33725831315273863,0.04867225108980208,0.009970400529033342,0.004713219462166264,0.1655406196699913,TP,0.810848257616254
0.10817214924505529,0.0022821918290555085,0.03018390746909679,0.09248767356449991,0.13170867920800816,0.5888128227252405,0.041630896143108574,0.004721679815935121,TP,0.6332406216647674
0.14285714285714285,0.14285714285714285,0.14285714285714285,0.14285714285714285,0.14285714285714285,0.14285714285714285,0.14285714285714285,0.0,TP,0.9999999999964029
0.14285714285714285,0.14285714285714285,0.14285714285714285,0.14285714285714285,0.14285714285714285,0.14285714285714285,0.14285714285714285,0.0,TP,0.9999999999964029
0.14285714285714285,0.14285714285714285,0.14285714285714285,0.14285714285714285,0.14285714285714285,0.14285714285714285,0.14285714285714285,0.0,TP,0.9999999999964029
0.14285714285714285,0.14285714285714285,0.14285714285714285,0.14285714285714285,0.14285714285714285,0.14285714285714285,0.14285714285714285,0.0,TP,0.9999999999964029
0.14285714285714285,0.14285714285714285,0.14285714285714285,0.14285714285714285,0.14285714285714285,0.14285714285714285,0.14285714285714285,0.0,TP,0.9999999999964029
0.14285714285714285,0.14285714285714285,0.14285714285714285,0.14285714285714285,0.14285714285714285,0.14285714285714285,0.14285714285714285,0.0,TP,0.9999999999964029
0.14285714285714285,0.14285714285714285,0.14285714285714285,0.14285714285714285,0.14285714285714285,0.14285714285714285,0.14285714285714285,0.0,TP,0.9999999999964029
0.14285714285714285,0.14285714285714285,0.14285714285714285,0.14285714285714285,0.14285714285714285,0.14285714285714285,0.14285714285714285,0.0,TP,0.9999999999964029
0.14285714285714285,0.14285714285714285,0.14285714285714285,0.14285714285714285,0.14285714285714285,0.14285714285714285,0.14285714285714285,0.0,TP,0.9999999999964029
0.14285714285714285,0.14285714285714285,0.14285714285714285,0.14285714285714285,0.14285714285714285,0.14285714285714285,0.14285714285714285,0.0,TP,0.9999999999964029
0.14285714285714285,0.14285714285714285,0.14285714285714285,0.14285714285714285,0.14285714285714285,0.14285714285714285,0.14285714285714285,0.0,TP,0.9999999999964029
0.14285714285714285,0.14285714285714285,0.14285714285714285,0.14285714285714285,0.14285714285714285,0.14285714285714285,0.14285714285714285,0.0,TP,0.9999999999964029
0.14285714285714285,0.14285714285714285,0.14285714285714285,0.14285714285714285,0.14285714285714285,0.14285714285714285,0.14285714285714285,0.0,TP,0.9999999999964029
0.09624042427826335,0.17343996842391582,0.07551247404477038,0.2694159013200402,0.04771241568630557,0.032574828826914405,0.14976562377958613,0.15533836364020417,TP,0.917504713703678
0.14285714285714285,0.14285714285714285,0.14285714285714285,0.14285714285714285,0.14285714285714285,0.14285714285714285,0.14285714285714285,0.0,TP,0.9999999999964029
0.14285714285714285,0.14285714285714285,0.14285714285714285,0.14285714285714285,0.14285714285714285,0.14285714285714285,0.14285714285714285,0.0,TP,0.9999999999964029
0.14285714285714285,0.14285714285714285,0.14285714285714285,0.14285714285714285,0.14285714285714285,0.14285714285714285,0.14285714285714285,0.0,TP,0.9999999999964029
0.14285714285714285,0.14285714285714285,0.14285714285714285,0.14285714285714285,0.14285714285714285,0.14285714285714285,0.14285714285714285,0.0,TP,0.9999999999964029
0.14285714285714285,0.14285714285714285,0.14285714285714285,0.14285714285714285,0.14285714285714285,0.14285714285714285,0.14285714285714285,0.0,TP,0.9999999999964029
0.14285714285714285,0.14285714285714285,0.14285714285714285,0.14285714285714285,0.14285714285714285,0.14285714285714285,0.14285714285714285,0.0,TP,0.9999999999964029
0.14285714285714285,0.14285714285714285,0.14285714285714285,0.14285714285714285,0.14285714285714285,0.14285714285714285,0.14285714285714285,0.0,TP,0.9999999999964029
0.1835615221941628,0.16533271637702437,0.12811025828621125,0.27275477541561644,0.020360352808733054,0.020917756246403286,0.11300999428927357,0.09595262438257521,TP,0.8934237258678609
0.10659420450446977,0.018928008372031863,0.02652079528911797,0.01757069099006269,0.30079308978464625,0.0021315448769231365,0.5274616661827483,0.0,TP,0.6130153009512458
0.14285714285714285,0.14285714285714285,0.14285714285714285,0.14285714285714285,0.14285714285714285,0.14285714285714285,0.14285714285714285,0.0,TP,0.9999999999964029
0.14285714285714285,0.14285714285714285,0.14285714285714285,0.14285714285714285,0.14285714285714285,0.14285714285714285,0.14285714285714285,0.0,TP,0.9999999999964029
0.14285714285714285,0.14285714285714285,0.14285714285714285,0.14285714285714285,0.14285714285714285,0.14285714285714285,0.14285714285714285,0.0,TP,0.9999999999964029
0.14285714285714285,0.14285714285714285,0.14285714285714285,0.14285714285714285,0.14285714285714285,0.14285714285714285,0.14285714285714285,0.0,TP,0.9999999999964029
0.14285714285714285,0.14285714285714285,0.14285714285714285,0.14285714285714285,0.14285714285714285,0.14285714285714285,0.14285714285714285,0.0,TP,0.9999999999964029
0.06594076881580056,0.5636045545988065,0.05226224007483496,0.14498962520058978,0.09083354322746519,0.07265520623023633,0.00047287085464641296,0.009241190997620307,TP,0.6694108209502128
0.14285714285714285,0.14285714285714285,0.14285714285714285,0.14285714285714285,0.14285714285714285,0.14285714285714285,0.14285714285714285,0.0,TP,0.9999999999964029
0.14285714285714285,0.14285714285714285,0.14285714285714285,0.14285714285714285,0.14285714285714285,0.14285714285714285,0.14285714285714285,0.0,TP,0.9999999999964029
0.14285714285714285,0.14285714285714285,0.14285714285714285,0.14285714285714285,0.14285714285714285,0.14285714285714285,0.14285714285714285,0.0,TP,0.9999999999964029
0.14285714285714285,0.14285714285714285,0.14285714285714285,0.14285714285714285,0.14285714285714285,0.14285714285714285,0.14285714285714285,0.0,TP,0.9999999999964029
0.14285714285714285,0.14285714285714285,0.14285714285714285,0.14285714285714285,0.14285714285714285,0.14285714285714285,0.14285714285714285,0.0,TP,0.9999999999964029
0.14285714285714285,0.14285714285714285,0.14285714285714285,0.14285714285714285,0.14285714285714285,0.14285714285714285,0.14285714285714285,0.0,TP,0.9999999999964029
0.14285714285714285,0.14285714285714285,0.14285714285714285,0.14285714285714285,0.14285714285714285,0.14285714285714285,0.14285714285714285,0.0,TP,0.9999999999964029
0.14285714285714285,0.14285714285714285,0.14285714285714285,0.14285714285714285,0.14285714285714285,0.14285714285714285,0.14285714285714285,0.0,TP,0.9999999999964029
0.14285714285714285,0.14285714285714285,0.14285714285714285,0.14285714285714285,0.14285714285714285,0.14285714285714285,0.14285714285714285,0.0,TP,0.9999999999964029
0.14285714285714285,0.14285714285714285,0.14285714285714285,0.14285714285714285,0.14285714285714285,0.14285714285714285,0.14285714285714285,0.0,TP,0.9999999999964029
0.000787798928385303,0.14733255386702404,0.27130465609994153,0.07189136071355436,0.20665703014276718,0.08908584989221016,0.07726468320481907,0.13567606715129846,TP,0.8853672693731625
0.14285714285714285,0.14285714285714285,0.14285714285714285,0.14285714285714285,0.14285714285714285,0.14285714285714285,0.14285714285714285,0.0,TP,0.9999999999964029
0.14285714285714285,0.14285714285714285,0.14285714285714285,0.14285714285714285,0.14285714285714285,0.14285714285714285,0.14285714285714285,0.0,TP,0.9999999999964029
0.14285714285714285,0.14285714285714285,0.14285714285714285,0.14285714285714285,0.14285714285714285,0.14285714285714285,0.14285714285714285,0.0,TP,0.9999999999964029
0.14285714285714285,0.14285714285714285,0.14285714285714285,0.14285714285714285,0.14285714285714285,0.14285714285714285,0.14285714285714285,0.0,TP,0.9999999999964029
0.14285714285714285,0.14285714285714285,0.14285714285714285,0.14285714285714285,0.14285714285714285,0.14285714285714285,0.14285714285714285,0.0,TP,0.9999999999964029
0.14285714285714285,0.14285714285714285,0.14285714285714285,0.14285714285714285,0.14285714285714285,0.14285714285714285,0.14285714285714285,0.0,TP,0.9999999999964029
0.14285714285714285,0.14285714285714285,0.14285714285714285,0.14285714285714285,0.14285714285714285,0.14285714285714285,0.14285714285714285,0.0,TP,0.9999999999964029
0.014286801399338786,0.05465897481513208,0.0009954659749050953,0.027015630912746974,0.04892968531688211,0.00019497107842080894,0.8539184705025742,0.0,TP,0.31253702823169244
0.14285714285714285,0.14285714285714285,0.14285714285714285,0.14285714285714285,0.14285714285714285,0.14285714285714285,0.14285714285714285,0.0,TP,0.9999999999964029
0.14285714285714285,0.14285714285714285,0.14285714285714285,0.14285714285714285,0.14285714285714285,0.14285714285714285,0.14285714285714285,0.0,TP,0.9999999999964029
0.306569217371121,0.22511792511527556,0.24037213667484722,0.022473075370984107,0.002569988162986669,0.1950089077159007,0.007888749588884622,0.0,TP,0.7700315918464556
0.14285714285714285,0.14285714285714285,0.14285714285714285,0.14285714285714285,0.14285714285714285,0.14285714285714285,0.14285714285714285,0.0,TP,0.9999999999964029
0.14285714285714285,0.14285714285714285,0.14285714285714285,0.14285714285714285,0.14285714285714285,0.14285714285714285,0.14285714285714285,0.0,TP,0.9999999999964029
0.14285714285714285,0.14285714285714285,0.14285714285714285,0.14285714285714285,0.14285714285714285,0.14285714285714285,0.14285714285714285,0.0,TP,0.9999999999964029
0.14285714285714285,0.14285714285714285,0.14285714285714285,0.14285714285714285,0.14285714285714285,0.14285714285714285,0.14285714285714285,0.0,TP,0.9999999999964029
0.14285714285714285,0.14285714285714285,0.14285714285714285,0.14285714285714285,0.14285714285714285,0.14285714285714285,0.14285714285714285,0.0,TP,0.9999999999964029
0.14285714285714285,0.14285714285714285,0.14285714285714285,0.14285714285714285,0.14285714285714285,0.14285714285714285,0.14285714285714285,0.0,TP,0.9999999999964029
0.14285714285714285,0.14285714285714285,0.14285714285714285,0.14285714285714285,0.14285714285714285,0.14285714285714285,0.14285714285714285,0.0,TP,0.9999999999964029
0.14331153251083037,0.12263532829390482,0.08486123102882386,0.21748980177528093,0.18185346014222198,0.04797674585000055,0.19957602717812845,0.002295873220809152,TP,0.8984004608543733
0.14285714285714285,0.14285714285714285,0.14285714285714285,0.14285714285714285,0.14285714285714285,0.14285714285714285,0.14285714285714285,0.0,TP,0.9999999999964029
0.14285714285714285,0.14285714285714285,0.14285714285714285,0.14285714285714285,0.14285714285714285,0.14285714285714285,0.14285714285714285,0.0,TP,0.9999999999964029
0.16031581821119753,0.038274242568331146,0.07525156316366274,0.09980912900697332,0.04776597156667605,0.2198109661536671,0.35877230932949217,0.0,TP,0.8680241894629024
0.14285714285714285,0.14285714285714285,0.14285714285714285,0.14285714285714285,0.14285714285714285,0.14285714285714285,0.14285714285714285,0.0,TP,0.9999999999964029
0.14285714285714285,0.14285714285714285,0.14285714285714285,0.14285714285714285,0.14285714285714285,0.14285714285714285,0.14285714285714285,0.0,TP,0.9999999999964029
0.14285714285714285,0.14285714285714285,0.14285714285714285,0.14285714285714285,0.14285714285714285,0.14285714285714285,0.14285714285714285,0.0,TP,0.9999999999964029
0.06174944080134149,0.19423268160171153,0.04967881449986005,0.030242001469207892,0.1087178535122011,0.016193807706744338,0.5391854004089336,0.0,TP,0.7123936694146348
0.14285714285714285,0.14285714285714285,0.14285714285714285,0.14285714285714285,0.14285714285714285,0.14285714285714285,0.14285714285714285,0.0,TP,0.9999999999964029
0.14285714285714285,0.14285714285714285,0.14285714285714285,0.14285714285714285,0.14285714285714285,0.14285714285714285,0.14285714285714285,0.0,TP,0.9999999999964029
0.14285714285714285,0.14285714285714285,0.14285714285714285,0.14285714285714285,0.14285714285714285,0.14285714285714285,0.14285714285714285,0.0,TP,0.9999999999964029
0.14285714285714285,0.14285714285714285,0.14285714285714285,0.14285714285714285,0.14285714285714285,0.14285714285714285,0.14285714285714285,0.0,TP,0.9999999999964029
0.14285714285714285,0.14285714285714285,0.14285714285714285,0.14285714285714285,0.14285714285714285,0.14285714285714285,0.14285714285714285,0.0,TP,0.9999999999964029
0.14285714285714285,0.14285714285714285,0.14285714285714285,0.14285714285714285,0.14285714285714285,0.14285714285714285,0.14285714285714285,0.0,TP,0.9999999999964029
0.14285714285714285,0.14285714285714285,0.14285714285714285,0.14285714285714285,0.14285714285714285,0.14285714285714285,0.14285714285714285,0.0,TP,0.9999999999964029
0.14285714285714285,0.14285714285714285,0.14285714285714285,0.14285714285714285,0.14285714285714285,0.14285714285714285,0.14285714285714285,0.0,TP,0.9999999999964029
0.14285714285714285,0.14285714285714285,0.14285714285714285,0.14285714285714285,0.14285714285714285,0.14285714285714285,0.14285714285714285,0.0,TP,0.9999999999964029
0.14285714285714285,0.14285714285714285,0.14285714285714285,0.14285714285714285,0.14285714285714285,0.14285714285714285,0.14285714285714285,0.0,TP,0.9999999999964029
0.06572509175584525,0.017584363725870654,0.29613202103796393,0.01905267990216728,0.29687232749221143,0.3015132735777943,0.0031202425081470566,0.0,TP,0.732741996196277
0.14285714285714285,0.14285714285714285,0.14285714285714285,0.14285714285714285,0.14285714285714285,0.14285714285714285,0.14285714285714285,0.0,TP,0.9999999999964029
0.14285714285714285,0.14285714285714285,0.14285714285714285,0.14285714285714285,0.14285714285714285,0.14285714285714285,0.14285714285714285,0.0,TP,0.9999999999964029
0.14285714285714285,0.14285714285714285,0.14285714285714285,0.14285714285714285,0.14285714285714285,0.14285714285714285,0.14285714285714285,0.0,TP,0.9999999999964029
0.030615510403628345,0.28122687941412394,0.230115665977342,0.16115440613575022,0.15190037811556303,0.05074818393215064,0.09423897602144198,0.0,TP,0.9023365331404253
0.14285714285714285,0.14285714285714285,0.14285714285714285,0.14285714285714285,0.14285714285714285,0.14285714285714285,0.14285714285714285,0.0,TP,0.9999999999964029
0.14285714285714285,0.14285714285714285,0.14285714285714285,0.14285714285714285,0.14285714285714285,0.14285714285714285,0.14285714285714285,0.0,TP,0.9999999999964029
0.14285714285714285,0.14285714285714285,0.14285714285714285,0.14285714285714285,0.14285714285714285,0.14285714285714285,0.14285714285714285,0.0,TP,0.9999999999964029
0.14285714285714285,0.14285714285714285,0.14285714285714285,0.14285714285714285,0.14285714285714285,0.14285714285714285,0.14285714285714285,0.0,TP,0.9999999999964029
0.14285714285714285,0.14285714285714285,0.14285714285714285,0.14285714285714285,0.14285714285714285,0.14285714285714285,0.14285714285714285,0.0,TP,0.9999999999964029
0.14285714285714285,0.14285714285714285,0.14285714285714285,0.14285714285714285,0.14285714285714285,0.14285714285714285,0.14285714285714285,0.0,TP,0.9999999999964029
0.14285714285714285,0.14285714285714285,0.14285714285714285,0.14285714285714285,0.14285714285714285,0.14285714285714285,0.14285714285714285,0.0,TP,0.9999999999964029
0.14285714285714285,0.14285714285714285,0.14285714285714285,0.14285714285714285,0.14285714285714285,0.14285714285714285,0.14285714285714285,0.0,TP,0.9999999999964029
0.14285714285714285,0.14285714285714285,0.14285714285714285,0.14285714285714285,0.14285714285714285,0.14285714285714285,0.14285714285714285,0.0,TP,0.9999999999964029
0.14285714285714285,0.14285714285714285,0.14285714285714285,0.14285714285714285,0.14285714285714285,0.14285714285714285,0.14285714285714285,0.0,TP,0.9999999999964029
0.14285714285714285,0.14285714285714285,0.14285714285714285,0.14285714285714285,0.14285714285714285,0.14285714285714285,0.14285714285714285,0.0,TP,0.9999999999964029
0.14285714285714285,0.14285714285714285,0.14285714285714285,0.14285714285714285,0.14285714285714285,0.14285714285714285,0.14285714285714285,0.0,TP,0.9999999999964029
0.14285714285714285,0.14285714285714285,0.14285714285714285,0.14285714285714285,0.14285714285714285,0.14285714285714285,0.14285714285714285,0.0,TP,0.9999999999964029
0.09320691411898789,0.02193247968632943,0.06710153153425795,0.0037880277511853568,0.11438331340372263,0.018019759736009704,0.05865657541212006,0.622911398357387,TP,0.6198483390279778
0.14285714285714285,0.14285714285714285,0.14285714285714285,0.14285714285714285,0.14285714285714285,0.14285714285714285,0.14285714285714285,0.0,TP,0.9999999999964029
0.14285714285714285,0.14285714285714285,0.14285714285714285,0.14285714285714285,0.14285714285714285,0.14285714285714285,0.14285714285714285,0.0,TP,0.9999999999964029
0.14285714285714285,0.14285714285714285,0.14285714285714285,0.14285714285714285,0.14285714285714285,0.14285714285714285,0.14285714285714285,0.0,TP,0.9999999999964029
0.019853138822003614,0.040741585160000565,0.08472521817609044,0.32357788730875564,0.1510973636498802,0.350378760472904,0.0006839547314345415,0.02894209167893111,TP,0.7420021536311144
0.14285714285714285,0.14285714285714285,0.14285714285714285,0.14285714285714285,0.14285714285714285,0.14285714285714285,0.14285714285714285,0.0,TP,0.9999999999964029
0.14285714285714285,0.14285714285714285,0.14285714285714285,0.14285714285714285,0.14285714285714285,0.14285714285714285,0.14285714285714285,0.0,TP,0.9999999999964029
0.26236702079596963,0.2582819410968109,0.05835918816411169,0.03172009114689045,0.08714350907862034,0.07583573469434599,0.02570491072791722,0.20058760429533365,TP,0.8658804696484307
0.14285714285714285,0.14285714285714285,0.14285714285714285,0.14285714285714285,0.14285714285714285,0.14285714285714285,0.14285714285714285,0.0,TP,0.9999999999964029
0.14285714285714285,0.14285714285714285,0.14285714285714285,0.14285714285714285,0.14285714285714285,0.14285714285714285,0.14285714285714285,0.0,TP,0.9999999999964029
0.5372438907623834,0.05631246666996644,0.03504765779197,0.009190686223820325,0.00878786472583221,0.07439456379272119,0.22244969381970156,0.05657317621360498,TP,0.6675322873762246
0.14285714285714285,0.14285714285714285,0.14285714285714285,0.14285714285714285,0.14285714285714285,0.14285714285714285,0.14285714285714285,0.0,TP,0.9999999999964029
0.14285714285714285,0.14285714285714285,0.14285714285714285,0.14285714285714285,0.14285714285714285,0.14285714285714285,0.14285714285714285,0.0,TP,0.9999999999964029
0.2318938361706315,0.0187310411117476,0.14305125907669627,0.041710288381696596,0.14721615006991134,0.17076072671682627,0.00773605141935928,0.2389006470531309,TP,0.8596568033839493
0.14285714285714285,0.14285714285714285,0.14285714285714285,0.14285714285714285,0.14285714285714285,0.14285714285714285,0.14285714285714285,0.0,TP,0.9999999999964029
0.14285714285714285,0.14285714285714285,0.14285714285714285,0.14285714285714285,0.14285714285714285,0.14285714285714285,0.14285714285714285,0.0,TP,0.9999999999964029
0.14285714285714285,0.14285714285714285,0.14285714285714285,0.14285714285714285,0.14285714285714285,0.14285714285714285,0.14285714285714285,0.0,TP,0.9999999999964029
0.14285714285714285,0.14285714285714285,0.14285714285714285,0.14285714285714285,0.14285714285714285,0.14285714285714285,0.14285714285714285,0.0,TP,0.9999999999964029
0.33292781105058833,0.18415869113373035,0.153904344871797,0.1115219477818353,0.08199227611531602,0.12048442981912029,0.015010499227612766,0.0,TP,0.89083036435726
0.027421219563854637,0.4260470144674993,0.11751815751874571,0.11192991833964609,0.13488647515043425,0.015179481948079325,0.16701773301174064,0.0,TP,0.8178986068689008
0.14285714285714285,0.14285714285714285,0.14285714285714285,0.14285714285714285,0.14285714285714285,0.14285714285714285,0.14285714285714285,0.0,TP,0.9999999999964029
0.14285714285714285,0.14285714285714285,0.14285714285714285,0.14285714285714285,0.14285714285714285,0.14285714285714285,0.14285714285714285,0.0,TP,0.9999999999964029
0.14285714285714285,0.14285714285714285,0.14285714285714285,0.14285714285714285,0.14285714285714285,0.14285714285714285,0.14285714285714285,0.0,TP,0.9999999999964029
0.013265228311756026,0.18482267695883547,0.06388602313354266,0.02118818580310904,0.04251175054039602,0.018591820767612555,0.35431003107843895,0.3014242834063092,TP,0.7522340196588639
0.14285714285714285,0.14285714285714285,0.14285714285714285,0.14285714285714285,0.14285714285714285,0.14285714285714285,0.14285714285714285,0.0,TP,0.9999999999964029
0.14285714285714285,0.14285714285714285,0.14285714285714285,0.14285714285714285,0.14285714285714285,0.14285714285714285,0.14285714285714285,0.0,TP,0.9999999999964029
0.14285714285714285,0.14285714285714285,0.14285714285714285,0.14285714285714285,0.14285714285714285,0.14285714285714285,0.14285714285714285,0.0,TP,0.9999999999964029
0.14285714285714285,0.14285714285714285,0.14285714285714285,0.14285714285714285,0.14285714285714285,0.14285714285714285,0.14285714285714285,0.0,TP,0.9999999999964029
0.095232505849745,0.1253915712709102,0.029739402381176276,0.10757351765378934,0.19405377841913424,0.4441454061797967,0.0038638182454481963,0.0,TP,0.7856393189552436
0.14285714285714285,0.14285714285714285,0.14285714285714285,0.14285714285714285,0.14285714285714285,0.14285714285714285,0.14285714285714285,0.0,TP,0.9999999999964029
0.14285714285714285,0.14285714285714285,0.14285714285714285,0.14285714285714285,0.14285714285714285,0.14285714285714285,0.14285714285714285,0.0,TP,0.9999999999964029
0.14285714285714285,0.14285714285714285,0.14285714285714285,0.14285714285714285,0.14285714285714285,0.14285714285714285,0.14285714285714285,0.0,TP,0.9999999999964029
0.14285714285714285,0.14285714285714285,0.14285714285714285,0.14285714285714285,0.14285714285714285,0.14285714285714285,0.14285714285714285,0.0,TP,0.9999999999964029
0.14285714285714285,0.14285714285714285,0.14285714285714285,0.14285714285714285,0.14285714285714285,0.14285714285714285,0.14285714285714285,0.0,TP,0.9999999999964029
0.14285714285714285,0.14285714285714285,0.14285714285714285,0.14285714285714285,0.14285714285714285,0.14285714285714285,0.14285714285714285,0.0,TP,0.9999999999964029
0.14285714285714285,0.14285714285714285,0.14285714285714285,0.14285714285714285,0.14285714285714285,0.14285714285714285,0.14285714285714285,0.0,TP,0.9999999999964029
0.14285714285714285,0.14285714285714285,0.14285714285714285,0.14285714285714285,0.14285714285714285,0.14285714285714285,0.14285714285714285,0.0,TP,0.9999999999964029
0.020615267803849244,0.34422270231013946,0.3640489822865792,0.08946956822096586,0.029231512527817954,0.013634702175894119,0.025584128271803414,0.1131931364029508,TP,0.737298695578815
0.1696795022466851,0.10356458056141205,0.045240790883106084,0.14920527425629387,0.005567037615567813,0.35697421756740777,0.16976859686952733,0.0,TP,0.8517346864340454
0.1368908533867377,0.319188417443736,0.38478569367702437,0.010648428603189031,0.026108901986182747,0.09808369337184916,0.024294011531281013,0.0,TP,0.7532848041751532
0.14285714285714285,0.14285714285714285,0.14285714285714285,0.14285714285714285,0.14285714285714285,0.14285714285714285,0.14285714285714285,0.0,TP,0.9999999999964029
0.14285714285714285,0.14285714285714285,0.14285714285714285,0.14285714285714285,0.14285714285714285,0.14285714285714285,0.14285714285714285,0.0,TP,0.9999999999964029
0.008101516631625031,0.019743588974346346,0.060264069182036,0.1460918922044231,0.058965207800742964,0.6846757174013931,0.022158007805433557,0.0,TP,0.5537221181867823
0.08838076049832475,0.016063961866374134,0.6798628612282803,0.13726657164336473,0.026621577857713227,0.05146094283607803,0.00034332406986476333,0.0,TP,0.548667198728496
0.3518626737132759,0.10620570302340764,0.28463401706657315,0.0674895388966424,0.011212237582922762,0.019176477604588637,0.1444085037427353,0.015010848369854045,TP,0.7761344357735642
0.14285714285714285,0.14285714285714285,0.14285714285714285,0.14285714285714285,0.14285714285714285,0.14285714285714285,0.14285714285714285,0.0,TP,0.9999999999964029
0.14285714285714285,0.14285714285714285,0.14285714285714285,0.14285714285714285,0.14285714285714285,0.14285714285714285,0.14285714285714285,0.0,TP,0.9999999999964029
0.14285714285714285,0.14285714285714285,0.14285714285714285,0.14285714285714285,0.14285714285714285,0.14285714285714285,0.14285714285714285,0.0,TP,0.9999999999964029
0.14285714285714285,0.14285714285714285,0.14285714285714285,0.14285714285714285,0.14285714285714285,0.14285714285714285,0.14285714285714285,0.0,TP,0.9999999999964029
0.14285714285714285,0.14285714285714285,0.14285714285714285,0.14285714285714285,0.14285714285714285,0.14285714285714285,0.14285714285714285,0.0,TP,0.9999999999964029
0.4263374934507008,0.1719231547833759,0.0865552368990272,0.14910983550372173,0.0004770882184928365,0.004692060760828607,0.1609051303838528,0.0,TP,0.7628848918713701
0.14285714285714285,0.14285714285714285,0.14285714285714285,0.14285714285714285,0.14285714285714285,0.14285714285714285,0.14285714285714285,0.0,TP,0.9999999999964029
0.14285714285714285,0.14285714285714285,0.14285714285714285,0.14285714285714285,0.14285714285714285,0.14285714285714285,0.14285714285714285,0.0,TP,0.9999999999964029
0.14285714285714285,0.14285714285714285,0.14285714285714285,0.14285714285714285,0.14285714285714285,0.14285714285714285,0.14285714285714285,0.0,TP,0.9999999999964029
0.15052863097902913,0.022438089720662788,0.0877685208919529,0.044734138362095804,0.2994759557758646,0.1698150503939557,0.04440969777689758,0.18082991609954144,TP,0.8812501400495846
0.14285714285714285,0.14285714285714285,0.14285714285714285,0.14285714285714285,0.14285714285714285,0.14285714285714285,0.14285714285714285,0.0,TP,0.9999999999964029
0.14285714285714285,0.14285714285714285,0.14285714285714285,0.14285714285714285,0.14285714285714285,0.14285714285714285,0.14285714285714285,0.0,TP,0.9999999999964029
0.14285714285714285,0.14285714285714285,0.14285714285714285,0.14285714285714285,0.14285714285714285,0.14285714285714285,0.14285714285714285,0.0,TP,0.9999999999964029
0.14285714285714285,0.14285714285714285,0.14285714285714285,0.14285714285714285,0.14285714285714285,0.14285714285714285,0.14285714285714285,0.0,TP,0.9999999999964029
0.14285714285714285,0.14285714285714285,0.14285714285714285,0.14285714285714285,0.14285714285714285,0.14285714285714285,0.14285714285714285,0.0,TP,0.9999999999964029
0.21408578489645613,0.06560807109860754,0.2917592925295462,0.13210501594968205,0.10619181800653887,0.16668039848475513,0.023569619034414038,0.0,TP,0.904776153241284
0.14285714285714285,0.14285714285714285,0.14285714285714285,0.14285714285714285,0.14285714285714285,0.14285714285714285,0.14285714285714285,0.0,TP,0.9999999999964029
0.12303648227541457,0.09870445057688382,0.24927715583901947,0.07094996740300494,0.009338478990731936,0.013766169809421422,0.09397231352492326,0.34095498158060056,TP,0.8233459023322381
0.21750133280959424,0.002648791547393054,0.14955306113778086,0.025293807937293702,0.016734641622905742,0.5140912958057298,0.07417706913930264,0.0,TP,0.6825401974883863
0.14285714285714285,0.14285714285714285,0.14285714285714285,0.14285714285714285,0.14285714285714285,0.14285714285714285,0.14285714285714285,0.0,TP,0.9999999999964029
0.20436638868491203,0.0985287012300496,0.10975485386655326,0.060752654293823,0.11484709785015094,0.18026489142501073,0.2314854126495004,0.0,TP,0.956683044154165
0.14285714285714285,0.14285714285714285,0.14285714285714285,0.14285714285714285,0.14285714285714285,0.14285714285714285,0.14285714285714285,0.0,TP,0.9999999999964029
0.3381203782118816,0.004801953756535385,0.03976883378807131,0.040099539978394265,0.13560375174410905,0.07677246091962489,0.36483308160138356,0.0,TP,0.7633286714351004
0.02146639042068244,0.008803260298104281,0.09176872584508543,0.13410758568279982,0.3047389398964913,0.01575937281046281,0.019356287273686264,0.40399943777268776,TP,0.7130716657723859
0.14285714285714285,0.14285714285714285,0.14285714285714285,0.14285714285714285,0.14285714285714285,0.14285714285714285,0.14285714285714285,0.0,TP,0.9999999999964029
0.015167614875677677,0.24266621344997594,0.011076572722025847,0.14997137388301765,0.445977827192166,0.10547658312993384,0.02966381474720301,0.0,TP,0.7417095581447406
0.14285714285714285,0.14285714285714285,0.14285714285714285,0.14285714285714285,0.14285714285714285,0.14285714285714285,0.14285714285714285,0.0,TP,0.9999999999964029
0.03833440771578279,0.16007625923021587,0.15876180770921267,0.10077695908381819,0.19443012771836968,0.189064617374615,0.1267501108049366,0.031805710363049314,TP,0.9360953787081291
0.0005742940409530137,0.002630436131667701,0.15029128738881192,0.12691645117621836,0.347831107563707,0.02066630744232138,0.3510901162563207,0.0,TP,0.7100576464935593
0.14285714285714285,0.14285714285714285,0.14285714285714285,0.14285714285714285,0.14285714285714285,0.14285714285714285,0.14285714285714285,0.0,TP,0.9999999999964029
0.14285714285714285,0.14285714285714285,0.14285714285714285,0.14285714285714285,0.14285714285714285,0.14285714285714285,0.14285714285714285,0.0,TP,0.9999999999964029
0.14285714285714285,0.14285714285714285,0.14285714285714285,0.14285714285714285,0.14285714285714285,0.14285714285714285,0.14285714285714285,0.0,TP,0.9999999999964029
0.14285714285714285,0.14285714285714285,0.14285714285714285,0.14285714285714285,0.14285714285714285,0.14285714285714285,0.14285714285714285,0.0,TP,0.9999999999964029
0.14285714285714285,0.14285714285714285,0.14285714285714285,0.14285714285714285,0.14285714285714285,0.14285714285714285,0.14285714285714285,0.0,TP,0.9999999999964029
0.14285714285714285,0.14285714285714285,0.14285714285714285,0.14285714285714285,0.14285714285714285,0.14285714285714285,0.14285714285714285,0.0,TP,0.9999999999964029
0.14285714285714285,0.14285714285714285,0.14285714285714285,0.14285714285714285,0.14285714285714285,0.14285714285714285,0.14285714285714285,0.0,TP,0.9999999999964029
0.14285714285714285,0.14285714285714285,0.14285714285714285,0.14285714285714285,0.14285714285714285,0.14285714285714285,0.14285714285714285,0.0,TP,0.9999999999964029
0.14285714285714285,0.14285714285714285,0.14285714285714285,0.14285714285714285,0.14285714285714285,0.14285714285714285,0.14285714285714285,0.0,TP,0.9999999999964029
0.14285714285714285,0.14285714285714285,0.14285714285714285,0.14285714285714285,0.14285714285714285,0.14285714285714285,0.14285714285714285,0.0,TP,0.9999999999964029
0.10004918590991854,0.03667495829747866,0.09125793206483072,0.24325805938484352,0.003917009648554998,0.35418482095872617,0.036923432238737265,0.13373460149691022,TP,0.8146951625217933
0.14285714285714285,0.14285714285714285,0.14285714285714285,0.14285714285714285,0.14285714285714285,0.14285714285714285,0.14285714285714285,0.0,TP,0.9999999999964029
0.14285714285714285,0.14285714285714285,0.14285714285714285,0.14285714285714285,0.14285714285714285,0.14285714285714285,0.14285714285714285,0.0,TP,0.9999999999964029
0.14285714285714285,0.14285714285714285,0.14285714285714285,0.14285714285714285,0.14285714285714285,0.14285714285714285,0.14285714285714285,0.0,TP,0.9999999999964029
0.14285714285714285,0.14285714285714285,0.14285714285714285,0.14285714285714285,0.14285714285714285,0.14285714285714285,0.14285714285714285,0.0,TP,0.9999999999964029
0.110384101618038,0.034500818059298964,0.3289865002734988,0.21054898620781634,0.059156470411621344,0.22987899720097685,0.02654412622874974,0.0,TP,0.850385929539849
0.14285714285714285,0.14285714285714285,0.14285714285714285,0.14285714285714285,0.14285714285714285,0.14285714285714285,0.14285714285714285,0.0,TP,0.9999999999964029
0.05375476966150324,0.1359508635157492,0.049468905401016394,0.11589689313080849,0.43801835585210974,0.0017369711011087634,0.18564221877472184,0.01953102256298227,TP,0.7641546831382318
0.11189080862294122,0.2912475533809097,0.04567241483790239,0.04046631567942751,0.03400987189463089,0.01939114346494744,0.07357681773208767,0.38374507438715333,TP,0.7819757322756633
0.29892801764672217,0.33521856613864287,0.10465076785327679,0.0011629204473433286,0.15015269172680282,0.014539434397760764,0.09534760178945122,0.0,TP,0.7922933646690634
0.14285714285714285,0.14285714285714285,0.14285714285714285,0.14285714285714285,0.14285714285714285,0.14285714285714285,0.14285714285714285,0.0,TP,0.9999999999964029
0.14285714285714285,0.14285714285714285,0.14285714285714285,0.14285714285714285,0.14285714285714285,0.14285714285714285,0.14285714285714285,0.0,TP,0.9999999999964029
0.14285714285714285,0.14285714285714285,0.14285714285714285,0.14285714285714285,0.14285714285714285,0.14285714285714285,0.14285714285714285,0.0,TP,0.9999999999964029
0.14285714285714285,0.14285714285714285,0.14285714285714285,0.14285714285714285,0.14285714285714285,0.14285714285714285,0.14285714285714285,0.0,TP,0.9999999999964029
0.14285714285714285,0.14285714285714285,0.14285714285714285,0.14285714285714285,0.14285714285714285,0.14285714285714285,0.14285714285714285,0.0,TP,0.9999999999964029
0.14285714285714285,0.14285714285714285,0.14285714285714285,0.14285714285714285,0.14285714285714285,0.14285714285714285,0.14285714285714285,0.0,TP,0.9999999999964029
0.14285714285714285,0.14285714285714285,0.14285714285714285,0.14285714285714285,0.14285714285714285,0.14285714285714285,0.14285714285714285,0.0,TP,0.9999999999964029
0.14285714285714285,0.14285714285714285,0.14285714285714285,0.14285714285714285,0.14285714285714285,0.14285714285714285,0.14285714285714285,0.0,TP,0.9999999999964029
0.14285714285714285,0.14285714285714285,0.14285714285714285,0.14285714285714285,0.14285714285714285,0.14285714285714285,0.14285714285714285,0.0,TP,0.9999999999964029
0.14285714285714285,0.14285714285714285,0.14285714285714285,0.14285714285714285,0.14285714285714285,0.14285714285714285,0.14285714285714285,0.0,TP,0.9999999999964029
0.14285714285714285,0.14285714285714285,0.14285714285714285,0.14285714285714285,0.14285714285714285,0.14285714285714285,0.14285714285714285,0.0,TP,0.9999999999964029
0.14285714285714285,0.14285714285714285,0.14285714285714285,0.14285714285714285,0.14285714285714285,0.14285714285714285,0.14285714285714285,0.0,TP,0.9999999999964029
0.14285714285714285,0.14285714285714285,0.14285714285714285,0.14285714285714285,0.14285714285714285,0.14285714285714285,0.14285714285714285,0.0,TP,0.9999999999964029
0.14285714285714285,0.14285714285714285,0.14285714285714285,0.14285714285714285,0.14285714285714285,0.14285714285714285,0.14285714285714285,0.0,TP,0.9999999999964029
0.1651356106123874,0.30476815769293497,0.011072734954718957,0.14130516505419238,0.07588844412316077,0.00014869088391479898,0.011169865470349523,0.2905113312083412,TP,0.7656884986404227
0.14285714285714285,0.14285714285714285,0.14285714285714285,0.14285714285714285,0.14285714285714285,0.14285714285714285,0.14285714285714285,0.0,TP,0.9999999999964029
0.14285714285714285,0.14285714285714285,0.14285714285714285,0.14285714285714285,0.14285714285714285,0.14285714285714285,0.14285714285714285,0.0,TP,0.9999999999964029
0.14285714285714285,0.14285714285714285,0.14285714285714285,0.14285714285714285,0.14285714285714285,0.14285714285714285,0.14285714285714285,0.0,TP,0.9999999999964029
0.09008715648356662,0.011802850661664144,0.03204191113629523,0.018074960997075694,0.351536360337225,0.3629285526739497,0.1331505515059426,0.0003776562042810671,TP,0.7015455214948711
0.14285714285714285,0.14285714285714285,0.14285714285714285,0.14285714285714285,0.14285714285714285,0.14285714285714285,0.14285714285714285,0.0,TP,0.9999999999964029
0.14285714285714285,0.14285714285714285,0.14285714285714285,0.14285714285714285,0.14285714285714285,0.14285714285714285,0.14285714285714285,0.0,TP,0.9999999999964029
0.14285714285714285,0.14285714285714285,0.14285714285714285,0.14285714285714285,0.14285714285714285,0.14285714285714285,0.14285714285714285,0.0,TP,0.9999999999964029
0.3354635149319224,0.22542338735710032,0.035151889491456555,0.1116188978883961,0.19830368881869748,0.000754518942222252,0.022285764915605483,0.07099833765459934,TP,0.7999797139835613
0.020357620123738592,0.14171631291487105,0.06161265072952058,0.11121120190843645,0.07263411734768402,0.034786126780911954,0.42940218280874703,0.1282797873860904,TP,0.8203519144337176
0.06352890892585188,0.005245536126007794,0.04803577825088843,0.12347207051576868,0.0973104014053993,0.0037725876708940777,0.44837217749731045,0.21026253960787925,TP,0.7415685139245188
0.13158653510048687,0.06356406584885153,0.022435119459981855,0.08188963642404706,0.44647337185464697,0.004318200423590052,0.24973307088839555,0.0,TP,0.7513961315125243
0.14285714285714285,0.14285714285714285,0.14285714285714285,0.14285714285714285,0.14285714285714285,0.14285714285714285,0.14285714285714285,0.0,TP,0.9999999999964029
0.14285714285714285,0.14285714285714285,0.14285714285714285,0.14285714285714285,0.14285714285714285,0.14285714285714285,0.14285714285714285,0.0,TP,0.9999999999964029
0.14285714285714285,0.14285714285714285,0.14285714285714285,0.14285714285714285,0.14285714285714285,0.14285714285714285,0.14285714285714285,0.0,TP,0.9999999999964029
0.14285714285714285,0.14285714285714285,0.14285714285714285,0.14285714285714285,0.14285714285714285,0.14285714285714285,0.14285714285714285,0.0,TP,0.9999999999964029
0.14285714285714285,0.14285714285714285,0.14285714285714285,0.14285714285714285,0.14285714285714285,0.14285714285714285,0.14285714285714285,0.0,TP,0.9999999999964029
0.14285714285714285,0.14285714285714285,0.14285714285714285,0.14285714285714285,0.14285714285714285,0.14285714285714285,0.14285714285714285,0.0,TP,0.9999999999964029
0.49570256203991236,0.02477629264611365,0.04834583640356847,0.3222287711266652,0.058032339681669466,0.04323668736263085,0.007677510739440015,0.0,TP,0.6625544045951056
0.02933607015752995,0.001858916833051055,0.1709191101479507,0.19222394075114588,0.07773017112813567,0.13539862060658756,0.3446563259080504,0.04787684446754873,TP,0.8252597178941162
0.14285714285714285,0.14285714285714285,0.14285714285714285,0.14285714285714285,0.14285714285714285,0.14285714285714285,0.14285714285714285,0.0,TP,0.9999999999964029
0.14285714285714285,0.14285714285714285,0.14285714285714285,0.14285714285714285,0.14285714285714285,0.14285714285714285,0.14285714285714285,0.0,TP,0.9999999999964029
0.14285714285714285,0.14285714285714285,0.14285714285714285,0.14285714285714285,0.14285714285714285,0.14285714285714285,0.14285714285714285,0.0,TP,0.9999999999964029
0.14285714285714285,0.14285714285714285,0.14285714285714285,0.14285714285714285,0.14285714285714285,0.14285714285714285,0.14285714285714285,0.0,TP,0.9999999999964029
0.14285714285714285,0.14285714285714285,0.14285714285714285,0.14285714285714285,0.14285714285714285,0.14285714285714285,0.14285714285714285,0.0,TP,0.9999999999964029
0.14285714285714285,0.14285714285714285,0.14285714285714285,0.14285714285714285,0.14285714285714285,0.14285714285714285,0.14285714285714285,0.0,TP,0.9999999999964029
0.14285714285714285,0.14285714285714285,0.14285714285714285,0.14285714285714285,0.14285714285714285,0.14285714285714285,0.14285714285714285,0.0,TP,0.9999999999964029
0.0011112016328879636,0.09754809371781945,0.12542958068689614,0.32115881554195397,0.030825641865816947,0.3367734150530271,0.04835531128351,0.03879794021808849,TP,0.7723669157051892
0.14285714285714285,0.14285714285714285,0.14285714285714285,0.14285714285714285,0.14285714285714285,0.14285714285714285,0.14285714285714285,0.0,TP,0.9999999999964029
0.1636308462663806,0.28819879743804566,0.02782344928309758,0.10636539414632991,0.049828422142074696,0.35530477215161366,0.008848318572457872,0.0,TP,0.7974124228188557
0.14285714285714285,0.14285714285714285,0.14285714285714285,0.14285714285714285,0.14285714285714285,0.14285714285714285,0.14285714285714285,0.0,TP,0.9999999999964029
0.14285714285714285,0.14285714285714285,0.14285714285714285,0.14285714285714285,0.14285714285714285,0.14285714285714285,0.14285714285714285,0.0,TP,0.9999999999964029
0.14285714285714285,0.14285714285714285,0.14285714285714285,0.14285714285714285,0.14285714285714285,0.14285714285714285,0.14285714285714285,0.0,TP,0.9999999999964029
0.14285714285714285,0.14285714285714285,0.14285714285714285,0.14285714285714285,0.14285714285714285,0.14285714285714285,0.14285714285714285,0.0,TP,0.9999999999964029
0.14285714285714285,0.14285714285714285,0.14285714285714285,0.14285714285714285,0.14285714285714285,0.14285714285714285,0.14285714285714285,0.0,TP,0.9999999999964029
0.14285714285714285,0.14285714285714285,0.14285714285714285,0.14285714285714285,0.14285714285714285,0.14285714285714285,0.14285714285714285,0.0,TP,0.9999999999964029
0.14285714285714285,0.14285714285714285,0.14285714285714285,0.14285714285714285,0.14285714285714285,0.14285714285714285,0.14285714285714285,0.0,TP,0.9999999999964029
0.14285714285714285,0.14285714285714285,0.14285714285714285,0.14285714285714285,0.14285714285714285,0.14285714285714285,0.14285714285714285,0.0,TP,0.9999999999964029
0.14285714285714285,0.14285714285714285,0.14285714285714285,0.14285714285714285,0.14285714285714285,0.14285714285714285,0.14285714285714285,0.0,TP,0.9999999999964029
0.14285714285714285,0.14285714285714285,0.14285714285714285,0.14285714285714285,0.14285714285714285,0.14285714285714285,0.14285714285714285,0.0,TP,0.9999999999964029
0.3232551904566109,0.11027674413702365,0.0350129847488688,0.37608967121275044,0.013018573903993101,0.08944536992352749,0.022985242304502808,0.029916223312722857,TP,0.7490003392153244
0.048116614696602784,0.29470353353120926,0.10773806487133404,0.028424195262257007,0.26607463124264924,0.017042693350114466,0.07401783043875103,0.1638824366070822,TP,0.8454592811347619
0.14285714285714285,0.14285714285714285,0.14285714285714285,0.14285714285714285,0.14285714285714285,0.14285714285714285,0.14285714285714285,0.0,TP,0.9999999999964029
0.08013454254785594,0.15318720226385726,0.10522435564787125,0.26546694037450347,0.324511526132592,0.022217279473754733,0.0492581535595653,0.0,TP,0.8616850670466398
0.14285714285714285,0.14285714285714285,0.14285714285714285,0.14285714285714285,0.14285714285714285,0.14285714285714285,0.14285714285714285,0.0,TP,0.9999999999964029
0.13935868439137009,0.44531014537552177,0.06997076699840421,0.08446963560021557,0.12476597202835754,0.08369567368437333,0.0321904066382924,0.020238715283465176,TP,0.8110696246252028
0.42473913495939514,0.27280085061971615,0.15392182550991845,0.006453338681649868,0.08383675991357978,0.03823279407705499,0.020015296238685632,0.0,TP,0.7449208684367795
0.0004025855940626272,0.028591751774970715,0.13021309982775206,0.6135488707075071,0.04112410161234065,0.09451111333563171,0.09160847714773503,0.0,TP,0.6388275006812032
0.05175814700789965,0.09254217997081077,0.07306948791093264,0.5786494475212332,0.10049596131125235,0.007455407418278773,0.0049214751513640504,0.09110789370822861,TP,0.6699400779915262
0.14285714285714285,0.14285714285714285,0.14285714285714285,0.14285714285714285,0.14285714285714285,0.14285714285714285,0.14285714285714285,0.0,TP,0.9999999999964029
0.14285714285714285,0.14285714285714285,0.14285714285714285,0.14285714285714285,0.14285714285714285,0.14285714285714285,0.14285714285714285,0.0,TP,0.9999999999964029
0.14285714285714285,0.14285714285714285,0.14285714285714285,0.14285714285714285,0.14285714285714285,0.14285714285714285,0.14285714285714285,0.0,TP,0.9999999999964029
0.14285714285714285,0.14285714285714285,0.14285714285714285,0.14285714285714285,0.14285714285714285,0.14285714285714285,0.14285714285714285,0.0,TP,0.9999999999964029
0.14285714285714285,0.14285714285714285,0.14285714285714285,0.14285714285714285,0.14285714285714285,0.14285714285714285,0.14285714285714285,0.0,TP,0.9999999999964029
0.14285714285714285,0.14285714285714285,0.14285714285714285,0.14285714285714285,0.14285714285714285,0.14285714285714285,0.14285714285714285,0.0,TP,0.9999999999964029
0.14285714285714285,0.14285714285714285,0.14285714285714285,0.14285714285714285,0.14285714285714285,0.14285714285714285,0.14285714285714285,0.0,TP,0.9999999999964029
0.14285714285714285,0.14285714285714285,0.14285714285714285,0.14285714285714285,0.14285714285714285,0.14285714285714285,0.14285714285714285,0.0,TP,0.9999999999964029
0.14285714285714285,0.14285714285714285,0.14285714285714285,0.14285714285714285,0.14285714285714285,0.14285714285714285,0.14285714285714285,0.0,TP,0.9999999999964029
0.14285714285714285,0.14285714285714285,0.14285714285714285,0.14285714285714285,0.14285714285714285,0.14285714285714285,0.14285714285714285,0.0,TP,0.9999999999964029
0.006139882200666374,0.08617844980903605,0.053573159422804315,0.1846035175760931,0.03067240585390968,0.013203755531607806,0.15877591489687318,0.46685291470900964,TP,0.7324236407137129
0.14285714285714285,0.14285714285714285,0.14285714285714285,0.14285714285714285,0.14285714285714285,0.14285714285714285,0.14285714285714285,0.0,TP,0.9999999999964029
0.5158096918602885,0.1421269286596611,0.006775758408870161,0.09353107124877703,0.0052772487054815916,0.05158758813981905,0.18489171297710255,0.0,TP,0.7024625301002124
0.14285714285714285,0.14285714285714285,0.14285714285714285,0.14285714285714285,0.14285714285714285,0.14285714285714285,0.14285714285714285,0.0,TP,0.9999999999964029
0.14285714285714285,0.14285714285714285,0.14285714285714285,0.14285714285714285,0.14285714285714285,0.14285714285714285,0.14285714285714285,0.0,TP,0.9999999999964029
0.07907466487219843,0.1170645436562307,0.14337985774018358,0.0047006619287354974,0.12298137185541605,0.23601836537158577,0.15373476160624835,0.14304577296940166,TP,0.9233110131817909
0.23033008726650553,0.3227677263946148,0.009458148523312367,0.2198898868954059,0.013895278050147977,0.056254495060227144,0.1474043778097863,0.0,TP,0.8139311837251214
0.14285714285714285,0.14285714285714285,0.14285714285714285,0.14285714285714285,0.14285714285714285,0.14285714285714285,0.14285714285714285,0.0,TP,0.9999999999964029
0.14285714285714285,0.14285714285714285,0.14285714285714285,0.14285714285714285,0.14285714285714285,0.14285714285714285,0.14285714285714285,0.0,TP,0.9999999999964029
0.07951432154976604,0.46902610020949803,0.02592855681749723,0.01882865451197948,0.06309078719947081,0.32496370838495964,0.018647871326828845,0.0,TP,0.6885058266592755
0.14285714285714285,0.14285714285714285,0.14285714285714285,0.14285714285714285,0.14285714285714285,0.14285714285714285,0.14285714285714285,0.0,TP,0.9999999999964029
0.14285714285714285,0.14285714285714285,0.14285714285714285,0.14285714285714285,0.14285714285714285,0.14285714285714285,0.14285714285714285,0.0,TP,0.9999999999964029
0.14285714285714285,0.14285714285714285,0.14285714285714285,0.14285714285714285,0.14285714285714285,0.14285714285714285,0.14285714285714285,0.0,TP,0.9999999999964029
0.09683738335846058,0.09465999219394937,0.1050702549185387,0.40262736091942186,0.046552147185467,0.06217761598341745,0.05286167374689711,0.13921357169384801,TP,0.8645012338718149
0.14285714285714285,0.14285714285714285,0.14285714285714285,0.14285714285714285,0.14285714285714285,0.14285714285714285,0.14285714285714285,0.0,TP,0.9999999999964029
0.14285714285714285,0.14285714285714285,0.14285714285714285,0.14285714285714285,0.14285714285714285,0.14285714285714285,0.14285714285714285,0.0,TP,0.9999999999964029
0.14285714285714285,0.14285714285714285,0.14285714285714285,0.14285714285714285,0.14285714285714285,0.14285714285714285,0.14285714285714285,0.0,TP,0.9999999999964029
0.14285714285714285,0.14285714285714285,0.14285714285714285,0.14285714285714285,0.14285714285714285,0.14285714285714285,0.14285714285714285,0.0,TP,0.9999999999964029
0.14285714285714285,0.14285714285714285,0.14285714285714285,0.14285714285714285,0.14285714285714285,0.14285714285714285,0.14285714285714285,0.0,TP,0.9999999999964029
0.14285714285714285,0.14285714285714285,0.14285714285714285,0.14285714285714285,0.14285714285714285,0.14285714285714285,0.14285714285714285,0.0,TP,0.9999999999964029
0.14285714285714285,0.14285714285714285,0.14285714285714285,0.14285714285714285,0.14285714285714285,0.14285714285714285,0.14285714285714285,0.0,TP,0.9999999999964029
0.14285714285714285,0.14285714285714285,0.14285714285714285,0.14285714285714285,0.14285714285714285,0.14285714285714285,0.14285714285714285,0.0,TP,0.9999999999964029
0.14285714285714285,0.14285714285714285,0.14285714285714285,0.14285714285714285,0.14285714285714285,0.14285714285714285,0.14285714285714285,0.0,TP,0.9999999999964029
0.14285714285714285,0.14285714285714285,0.14285714285714285,0.14285714285714285,0.14285714285714285,0.14285714285714285,0.14285714285714285,0.0,TP,0.9999999999964029
0.14285714285714285,0.14285714285714285,0.14285714285714285,0.14285714285714285,0.14285714285714285,0.14285714285714285,0.14285714285714285,0.0,TP,0.9999999999964029
0.14285714285714285,0.14285714285714285,0.14285714285714285,0.14285714285714285,0.14285714285714285,0.14285714285714285,0.14285714285714285,0.0,TP,0.9999999999964029
0.14285714285714285,0.14285714285714285,0.14285714285714285,0.14285714285714285,0.14285714285714285,0.14285714285714285,0.14285714285714285,0.0,TP,0.9999999999964029
0.14285714285714285,0.14285714285714285,0.14285714285714285,0.14285714285714285,0.14285714285714285,0.14285714285714285,0.14285714285714285,0.0,TP,0.9999999999964029
0.14285714285714285,0.14285714285714285,0.14285714285714285,0.14285714285714285,0.14285714285714285,0.14285714285714285,0.14285714285714285,0.0,TP,0.9999999999964029
0.14285714285714285,0.14285714285714285,0.14285714285714285,0.14285714285714285,0.14285714285714285,0.14285714285714285,0.14285714285714285,0.0,TP,0.9999999999964029
0.14285714285714285,0.14285714285714285,0.14285714285714285,0.14285714285714285,0.14285714285714285,0.14285714285714285,0.14285714285714285,0.0,TP,0.9999999999964029
0.40694265186651984,0.012241761468483594,0.038677912485539645,0.002769010174131051,0.38909203106550566,0.1434212102989691,0.006855422640851092,0.0,TP,0.6381789247977888
0.14285714285714285,0.14285714285714285,0.14285714285714285,0.14285714285714285,0.14285714285714285,0.14285714285714285,0.14285714285714285,0.0,TP,0.9999999999964029
0.14285714285714285,0.14285714285714285,0.14285714285714285,0.14285714285714285,0.14285714285714285,0.14285714285714285,0.14285714285714285,0.0,TP,0.9999999999964029
0.14285714285714285,0.14285714285714285,0.14285714285714285,0.14285714285714285,0.14285714285714285,0.14285714285714285,0.14285714285714285,0.0,TP,0.9999999999964029
0.14285714285714285,0.14285714285714285,0.14285714285714285,0.14285714285714285,0.14285714285714285,0.14285714285714285,0.14285714285714285,0.0,TP,0.9999999999964029
0.14285714285714285,0.14285714285714285,0.14285714285714285,0.14285714285714285,0.14285714285714285,0.14285714285714285,0.14285714285714285,0.0,TP,0.9999999999964029
0.14285714285714285,0.14285714285714285,0.14285714285714285,0.14285714285714285,0.14285714285714285,0.14285714285714285,0.14285714285714285,0.0,TP,0.9999999999964029
0.14285714285714285,0.14285714285714285,0.14285714285714285,0.14285714285714285,0.14285714285714285,0.14285714285714285,0.14285714285714285,0.0,TP,0.9999999999964029
0.1383223477363573,0.13470834799621398,0.03409575253958449,0.17430910986724102,0.09774121650677149,0.2988807602892888,0.12194246506454298,0.0,TP,0.9292368463506292
0.14285714285714285,0.14285714285714285,0.14285714285714285,0.14285714285714285,0.14285714285714285,0.14285714285714285,0.14285714285714285,0.0,TP,0.9999999999964029
0.004683505144524042,0.03068118965406964,0.08849825978871582,0.2697837448665902,0.055709715210075096,0.18747179591331217,0.36317178942271305,0.0,TP,0.7927533479917013
0.14285714285714285,0.14285714285714285,0.14285714285714285,0.14285714285714285,0.14285714285714285,0.14285714285714285,0.14285714285714285,0.0,TP,0.9999999999964029
0.14285714285714285,0.14285714285714285,0.14285714285714285,0.14285714285714285,0.14285714285714285,0.14285714285714285,0.14285714285714285,0.0,TP,0.9999999999964029
0.14285714285714285,0.14285714285714285,0.14285714285714285,0.14285714285714285,0.14285714285714285,0.14285714285714285,0.14285714285714285,0.0,TP,0.9999999999964029
0.14285714285714285,0.14285714285714285,0.14285714285714285,0.14285714285714285,0.14285714285714285,0.14285714285714285,0.14285714285714285,0.0,TP,0.9999999999964029
0.14285714285714285,0.14285714285714285,0.14285714285714285,0.14285714285714285,0.14285714285714285,0.14285714285714285,0.14285714285714285,0.0,TP,0.9999999999964029
0.14285714285714285,0.14285714285714285,0.14285714285714285,0.14285714285714285,0.14285714285714285,0.14285714285714285,0.14285714285714285,0.0,TP,0.9999999999964029
0.14285714285714285,0.14285714285714285,0.14285714285714285,0.14285714285714285,0.14285714285714285,0.14285714285714285,0.14285714285714285,0.0,TP,0.9999999999964029
0.14285714285714285,0.14285714285714285,0.14285714285714285,0.14285714285714285,0.14285714285714285,0.14285714285714285,0.14285714285714285,0.0,TP,0.9999999999964029
0.14285714285714285,0.14285714285714285,0.14285714285714285,0.14285714285714285,0.14285714285714285,0.14285714285714285,0.14285714285714285,0.0,TP,0.9999999999964029
0.14285714285714285,0.14285714285714285,0.14285714285714285,0.14285714285714285,0.14285714285714285,0.14285714285714285,0.14285714285714285,0.0,TP,0.9999999999964029
0.14285714285714285,0.14285714285714285,0.14285714285714285,0.14285714285714285,0.14285714285714285,0.14285714285714285,0.14285714285714285,0.0,TP,0.9999999999964029
0.14285714285714285,0.14285714285714285,0.14285714285714285,0.14285714285714285,0.14285714285714285,0.14285714285714285,0.14285714285714285,0.0,TP,0.9999999999964029
0.14285714285714285,0.14285714285714285,0.14285714285714285,0.14285714285714285,0.14285714285714285,0.14285714285714285,0.14285714285714285,0.0,TP,0.9999999999964029
0.04180552622544036,0.0738616788162032,0.013511099185799102,0.005838421164654094,0.013087405082227188,0.519813332356778,0.332082537168898,0.0,TP,0.6044930305589251
0.14285714285714285,0.14285714285714285,0.14285714285714285,0.14285714285714285,0.14285714285714285,0.14285714285714285,0.14285714285714285,0.0,TP,0.9999999999964029
0.04630470754795673,0.06272354410828568,0.16133608685070233,0.11265717173221887,0.01919408705363704,0.1280937382660342,0.21036906896854096,0.25932159547262423,TP,0.9008692450647349
0.14285714285714285,0.14285714285714285,0.14285714285714285,0.14285714285714285,0.14285714285714285,0.14285714285714285,0.14285714285714285,0.0,TP,0.9999999999964029
0.14285714285714285,0.14285714285714285,0.14285714285714285,0.14285714285714285,0.14285714285714285,0.14285714285714285,0.14285714285714285,0.0,TP,0.9999999999964029
0.14285714285714285,0.14285714285714285,0.14285714285714285,0.14285714285714285,0.14285714285714285,0.14285714285714285,0.14285714285714285,0.0,TP,0.9999999999964029
0.14285714285714285,0.14285714285714285,0.14285714285714285,0.14285714285714285,0.14285714285714285,0.14285714285714285,0.14285714285714285,0.0,TP,0.9999999999964029
0.14285714285714285,0.14285714285714285,0.14285714285714285,0.14285714285714285,0.14285714285714285,0.14285714285714285,0.14285714285714285,0.0,TP,0.9999999999964029
0.14285714285714285,0.14285714285714285,0.14285714285714285,0.14285714285714285,0.14285714285714285,0.14285714285714285,0.14285714285714285,0.0,TP,0.9999999999964029
0.14285714285714285,0.14285714285714285,0.14285714285714285,0.14285714285714285,0.14285714285714285,0.14285714285714285,0.14285714285714285,0.0,TP,0.9999999999964029
0.14285714285714285,0.14285714285714285,0.14285714285714285,0.14285714285714285,0.14285714285714285,0.14285714285714285,0.14285714285714285,0.0,TP,0.9999999999964029
0.14285714285714285,0.14285714285714285,0.14285714285714285,0.14285714285714285,0.14285714285714285,0.14285714285714285,0.14285714285714285,0.0,TP,0.9999999999964029
0.0748502437769382,0.193822714326069,0.17179259908095004,0.1387757714972693,0.17177282397970867,0.20981602224080848,0.03916982509825633,0.0,TP,0.948585468987242
0.010741303303101399,0.10937870380994294,0.15000727008595116,0.030052043912183284,0.06789110217510534,0.029167707403922237,0.6027618693097937,0.0,TP,0.6534223905699321
0.14285714285714285,0.14285714285714285,0.14285714285714285,0.14285714285714285,0.14285714285714285,0.14285714285714285,0.14285714285714285,0.0,TP,0.9999999999964029
0.17774158977893462,0.08254799954131042,0.011856557208351595,0.35593268710083453,0.03445719309123523,0.03221984931476012,0.13675846691244165,0.16848565705213198,TP,0.832956132662381
0.14285714285714285,0.14285714285714285,0.14285714285714285,0.14285714285714285,0.14285714285714285,0.14285714285714285,0.14285714285714285,0.0,TP,0.9999999999964029
0.14285714285714285,0.14285714285714285,0.14285714285714285,0.14285714285714285,0.14285714285714285,0.14285714285714285,0.14285714285714285,0.0,TP,0.9999999999964029
0.14285714285714285,0.14285714285714285,0.14285714285714285,0.14285714285714285,0.14285714285714285,0.14285714285714285,0.14285714285714285,0.0,TP,0.9999999999964029
0.14285714285714285,0.14285714285714285,0.14285714285714285,0.14285714285714285,0.14285714285714285,0.14285714285714285,0.14285714285714285,0.0,TP,0.9999999999964029
0.3215476331964865,0.057749276026784646,0.2644197253505341,0.062019084887554685,0.004620511562220922,0.00516015144647296,0.28448361752994605,0.0,TP,0.7519983911680824
0.14285714285714285,0.14285714285714285,0.14285714285714285,0.14285714285714285,0.14285714285714285,0.14285714285714285,0.14285714285714285,0.0,TP,0.9999999999964029
0.06772390145407325,0.002550545535702388,0.1354964706468769,0.26369499664736595,0.18565349612093593,0.17235625158028178,0.16649311933926045,0.006031218675503353,TP,0.8487170415759432
0.14285714285714285,0.14285714285714285,0.14285714285714285,0.14285714285714285,0.14285714285714285,0.14285714285714285,0.14285714285714285,0.0,TP,0.9999999999964029
0.14285714285714285,0.14285714285714285,0.14285714285714285,0.14285714285714285,0.14285714285714285,0.14285714285714285,0.14285714285714285,0.0,TP,0.9999999999964029
0.14285714285714285,0.14285714285714285,0.14285714285714285,0.14285714285714285,0.14285714285714285,0.14285714285714285,0.14285714285714285,0.0,TP,0.9999999999964029
0.14285714285714285,0.14285714285714285,0.14285714285714285,0.14285714285714285,0.14285714285714285,0.14285714285714285,0.14285714285714285,0.0,TP,0.9999999999964029
0.14285714285714285,0.14285714285714285,0.14285714285714285,0.14285714285714285,0.14285714285714285,0.14285714285714285,0.14285714285714285,0.0,TP,0.9999999999964029
0.14285714285714285,0.14285714285714285,0.14285714285714285,0.14285714285714285,0.14285714285714285,0.14285714285714285,0.14285714285714285,0.0,TP,0.9999999999964029
0.0007403699512396886,0.09855529590446531,0.04941520844569464,0.5707836925071067,0.03133229562332016,0.13666204888340058,0.09308214496211809,0.019428943722654763,TP,0.6638574799516919
0.14285714285714285,0.14285714285714285,0.14285714285714285,0.14285714285714285,0.14285714285714285,0.14285714285714285,0.14285714285714285,0.0,TP,0.9999999999964029
0.14285714285714285,0.14285714285714285,0.14285714285714285,0.14285714285714285,0.14285714285714285,0.14285714285714285,0.14285714285714285,0.0,TP,0.9999999999964029
0.14285714285714285,0.14285714285714285,0.14285714285714285,0.14285714285714285,0.14285714285714285,0.14285714285714285,0.14285714285714285,0.0,TP,0.9999999999964029
0.14285714285714285,0.14285714285714285,0.14285714285714285,0.14285714285714285,0.14285714285714285,0.14285714285714285,0.14285714285714285,0.0,TP,0.9999999999964029
0.14285714285714285,0.14285714285714285,0.14285714285714285,0.14285714285714285,0.14285714285714285,0.14285714285714285,0.14285714285714285,0.0,TP,0.9999999999964029
0.14285714285714285,0.14285714285714285,0.14285714285714285,0.14285714285714285,0.14285714285714285,0.14285714285714285,0.14285714285714285,0.0,TP,0.9999999999964029
0.14285714285714285,0.14285714285714285,0.14285714285714285,0.14285714285714285,0.14285714285714285,0.14285714285714285,0.14285714285714285,0.0,TP,0.9999999999964029
0.018647783659228298,0.322336404933897,0.044347131306716615,0.04184205607596147,0.08576258833348475,0.27838454120462486,0.06961333166584148,0.13906616282024564,TP,0.8351540156988461
0.0026714694585717722,0.0916696316866835,0.10405840157577625,0.13678245164545277,0.47443867202716494,0.16780888081951692,0.022570492786833738,0.0,TP,0.7612374016529394
0.10217459311964655,0.06881462179120042,0.40724993917498375,0.03880170836742507,0.025606625213777677,0.3259833466483736,0.004573628841861157,0.026795536842731636,TP,0.7165537728533748
0.028374022962409318,0.18351516184609898,0.1532285574108716,0.2790977291321256,0.029755596620351082,0.12939442206710003,0.10660836114692104,0.09002614881412242,TP,0.904289049797329
0.14285714285714285,0.14285714285714285,0.14285714285714285,0.14285714285714285,0.14285714285714285,0.14285714285714285,0.14285714285714285,0.0,TP,0.9999999999964029
0.14285714285714285,0.14285714285714285,0.14285714285714285,0.14285714285714285,0.14285714285714285,0.14285714285714285,0.14285714285714285,0.0,TP,0.9999999999964029
0.14285714285714285,0.14285714285714285,0.14285714285714285,0.14285714285714285,0.14285714285714285,0.14285714285714285,0.14285714285714285,0.0,TP,0.9999999999964029
0.11798044870610079,0.055605168865510514,0.004033946090881703,0.07871425205050125,0.5855650778794224,0.06784653974630502,0.09025456666127846,0.0,TP,0.6928088277490015
0.14285714285714285,0.14285714285714285,0.14285714285714285,0.14285714285714285,0.14285714285714285,0.14285714285714285,0.14285714285714285,0.0,TP,0.9999999999964029
0.14285714285714285,0.14285714285714285,0.14285714285714285,0.14285714285714285,0.14285714285714285,0.14285714285714285,0.14285714285714285,0.0,TP,0.9999999999964029
0.14285714285714285,0.14285714285714285,0.14285714285714285,0.14285714285714285,0.14285714285714285,0.14285714285714285,0.14285714285714285,0.0,TP,0.9999999999964029
0.013367617594277719,0.12913878833372427,0.21409458035863588,0.1605378262935411,0.25814696101216444,0.1611682141031687,0.0635460123044879,0.0,TP,0.9068071007268802
0.14285714285714285,0.14285714285714285,0.14285714285714285,0.14285714285714285,0.14285714285714285,0.14285714285714285,0.14285714285714285,0.0,TP,0.9999999999964029
0.14285714285714285,0.14285714285714285,0.14285714285714285,0.14285714285714285,0.14285714285714285,0.14285714285714285,0.14285714285714285,0.0,TP,0.9999999999964029
0.14285714285714285,0.14285714285714285,0.14285714285714285,0.14285714285714285,0.14285714285714285,0.14285714285714285,0.14285714285714285,0.0,TP,0.9999999999964029
0.005732604782663877,0.028841528367883635,0.31217676783450843,0.008386924065120996,0.4748377760368456,0.08060023645598663,0.005342635527226602,0.08408152692976412,TP,0.6387044108534264
0.14285714285714285,0.14285714285714285,0.14285714285714285,0.14285714285714285,0.14285714285714285,0.14285714285714285,0.14285714285714285,0.0,TP,0.9999999999964029
0.14285714285714285,0.14285714285714285,0.14285714285714285,0.14285714285714285,0.14285714285714285,0.14285714285714285,0.14285714285714285,0.0,TP,0.9999999999964029
0.14285714285714285,0.14285714285714285,0.14285714285714285,0.14285714285714285,0.14285714285714285,0.14285714285714285,0.14285714285714285,0.0,TP,0.9999999999964029
0.14285714285714285,0.14285714285714285,0.14285714285714285,0.14285714285714285,0.14285714285714285,0.14285714285714285,0.14285714285714285,0.0,TP,0.9999999999964029
0.04969817553272275,0.19560238941090993,0.4663537662820091,0.20692430876430792,0.03300568987363439,0.009330431603004867,0.01968111626268734,0.01940412227072381,TP,0.702148223517364
0.14285714285714285,0.14285714285714285,0.14285714285714285,0.14285714285714285,0.14285714285714285,0.14285714285714285,0.14285714285714285,0.0,TP,0.9999999999964029
0.026740529055544207,0.30989118527458664,0.005863597731080269,0.2716624722749322,0.09195371949597866,0.12263777988305018,0.10915803215025406,0.06209268413457389,TP,0.8344546451524057
0.10179641288151485,0.05412914757817865,0.032774784208878735,0.10814592362994253,0.0021400213854244673,0.2484212730019056,0.1018114486006002,0.350780988713555,TP,0.8185890714048505
0.14285714285714285,0.14285714285714285,0.14285714285714285,0.14285714285714285,0.14285714285714285,0.14285714285714285,0.14285714285714285,0.0,TP,0.9999999999964029
0.14285714285714285,0.14285714285714285,0.14285714285714285,0.14285714285714285,0.14285714285714285,0.14285714285714285,0.14285714285714285,0.0,TP,0.9999999999964029
0.14285714285714285,0.14285714285714285,0.14285714285714285,0.14285714285714285,0.14285714285714285,0.14285714285714285,0.14285714285714285,0.0,TP,0.9999999999964029
0.14285714285714285,0.14285714285714285,0.14285714285714285,0.14285714285714285,0.14285714285714285,0.14285714285714285,0.14285714285714285,0.0,TP,0.9999999999964029
0.14285714285714285,0.14285714285714285,0.14285714285714285,0.14285714285714285,0.14285714285714285,0.14285714285714285,0.14285714285714285,0.0,TP,0.9999999999964029
0.14285714285714285,0.14285714285714285,0.14285714285714285,0.14285714285714285,0.14285714285714285,0.14285714285714285,0.14285714285714285,0.0,TP,0.9999999999964029
0.14285714285714285,0.14285714285714285,0.14285714285714285,0.14285714285714285,0.14285714285714285,0.14285714285714285,0.14285714285714285,0.0,TP,0.9999999999964029
0.14285714285714285,0.14285714285714285,0.14285714285714285,0.14285714285714285,0.14285714285714285,0.14285714285714285,0.14285714285714285,0.0,TP,0.9999999999964029
0.14285714285714285,0.14285714285714285,0.14285714285714285,0.14285714285714285,0.14285714285714285,0.14285714285714285,0.14285714285714285,0.0,TP,0.9999999999964029
0.14285714285714285,0.14285714285714285,0.14285714285714285,0.14285714285714285,0.14285714285714285,0.14285714285714285,0.14285714285714285,0.0,TP,0.9999999999964029
0.14285714285714285,0.14285714285714285,0.14285714285714285,0.14285714285714285,0.14285714285714285,0.14285714285714285,0.14285714285714285,0.0,TP,0.9999999999964029
0.09974005337032961,0.008776724198299671,0.07430593557985696,0.043243017549655066,0.44683878328042315,0.04652814574544798,0.15047812175805952,0.13008921851792807,TP,0.7951535032009008
0.14285714285714285,0.14285714285714285,0.14285714285714285,0.14285714285714285,0.14285714285714285,0.14285714285714285,0.14285714285714285,0.0,TP,0.9999999999964029
0.35746967385570566,0.14353104725536753,0.05892173230144671,0.012074697238505743,0.10176122262365891,0.11429468121727873,0.21194694550803667,0.0,TP,0.8611811346352071
0.14285714285714285,0.14285714285714285,0.14285714285714285,0.14285714285714285,0.14285714285714285,0.14285714285714285,0.14285714285714285,0.0,TP,0.9999999999964029
0.07136687427949653,0.15402523993952524,0.010755202211252365,0.12396402348017156,0.3671371352430664,0.055606740239085004,0.11594197569365122,0.10120280891375166,TP,0.8628607653647721
0.14285714285714285,0.14285714285714285,0.14285714285714285,0.14285714285714285,0.14285714285714285,0.14285714285714285,0.14285714285714285,0.0,TP,0.9999999999964029
0.14285714285714285,0.14285714285714285,0.14285714285714285,0.14285714285714285,0.14285714285714285,0.14285714285714285,0.14285714285714285,0.0,TP,0.9999999999964029
0.14285714285714285,0.14285714285714285,0.14285714285714285,0.14285714285714285,0.14285714285714285,0.14285714285714285,0.14285714285714285,0.0,TP,0.9999999999964029
0.14285714285714285,0.14285714285714285,0.14285714285714285,0.14285714285714285,0.14285714285714285,0.14285714285714285,0.14285714285714285,0.0,TP,0.9999999999964029
0.027200398184100298,0.04279007693823536,0.25376385843347277,0.16343861452602385,0.04988815434586996,0.13235725834921575,0.16799619033606114,0.1625654488870209,TP,0.9084935054120699
0.14285714285714285,0.14285714285714285,0.14285714285714285,0.14285714285714285,0.14285714285714285,0.14285714285714285,0.14285714285714285,0.0,TP,0.9999999999964029
0.019600666256724516,0.05678778636761702,0.006724461470726688,0.10055874478932629,0.3934033626162389,0.22626364047609784,0.1966613380232687,0.0,TP,0.7850644430770959
0.14285714285714285,0.14285714285714285,0.14285714285714285,0.14285714285714285,0.14285714285714285,0.14285714285714285,0.14285714285714285,0.0,TP,0.9999999999964029
0.14285714285714285,0.14285714285714285,0.14285714285714285,0.14285714285714285,0.14285714285714285,0.14285714285714285,0.14285714285714285,0.0,TP,0.9999999999964029
0.04933824991926754,0.01805553374320231,0.00923558516501867,0.0611699117098839,0.1498788346882817,0.35629322857003015,0.3475246004188849,0.00850405578543071,TP,0.7190022751332086
0.14285714285714285,0.14285714285714285,0.14285714285714285,0.14285714285714285,0.14285714285714285,0.14285714285714285,0.14285714285714285,0.0,TP,0.9999999999964029
0.14285714285714285,0.14285714285714285,0.14285714285714285,0.14285714285714285,0.14285714285714285,0.14285714285714285,0.14285714285714285,0.0,TP,0.9999999999964029
0.14285714285714285,0.14285714285714285,0.14285714285714285,0.14285714285714285,0.14285714285714285,0.14285714285714285,0.14285714285714285,0.0,TP,0.9999999999964029
0.14285714285714285,0.14285714285714285,0.14285714285714285,0.14285714285714285,0.14285714285714285,0.14285714285714285,0.14285714285714285,0.0,TP,0.9999999999964029
0.14285714285714285,0.14285714285714285,0.14285714285714285,0.14285714285714285,0.14285714285714285,0.14285714285714285,0.14285714285714285,0.0,TP,0.9999999999964029
0.06699214537852625,0.01646827669493017,0.1280316216843067,0.035310644563575126,0.06318487558809821,0.11408926633178011,0.3759982728835118,0.19992489687527182,TP,0.8375984598573323
0.14285714285714285,0.14285714285714285,0.14285714285714285,0.14285714285714285,0.14285714285714285,0.14285714285714285,0.14285714285714285,0.0,TP,0.9999999999964029
0.14285714285714285,0.14285714285714285,0.14285714285714285,0.14285714285714285,0.14285714285714285,0.14285714285714285,0.14285714285714285,0.0,TP,0.9999999999964029
0.12157437980909297,0.19176822679558464,0.14799643095960516,0.026725053134790344,0.17942616296974642,0.12748016524743624,0.20501347844896947,1.6102634774728423e-05,TP,0.888862414866095
0.14285714285714285,0.14285714285714285,0.14285714285714285,0.14285714285714285,0.14285714285714285,0.14285714285714285,0.14285714285714285,0.0,TP,0.9999999999964029
0.14285714285714285,0.14285714285714285,0.14285714285714285,0.14285714285714285,0.14285714285714285,0.14285714285714285,0.14285714285714285,0.0,TP,0.9999999999964029
0.14285714285714285,0.14285714285714285,0.14285714285714285,0.14285714285714285,0.14285714285714285,0.14285714285714285,0.14285714285714285,0.0,TP,0.9999999999964029
0.14285714285714285,0.14285714285714285,0.14285714285714285,0.14285714285714285,0.14285714285714285,0.14285714285714285,0.14285714285714285,0.0,TP,0.9999999999964029
0.14285714285714285,0.14285714285714285,0.14285714285714285,0.14285714285714285,0.14285714285714285,0.14285714285714285,0.14285714285714285,0.0,TP,0.9999999999964029
0.14285714285714285,0.14285714285714285,0.14285714285714285,0.14285714285714285,0.14285714285714285,0.14285714285714285,0.14285714285714285,0.0,TP,0.9999999999964029
0.14285714285714285,0.14285714285714285,0.14285714285714285,0.14285714285714285,0.14285714285714285,0.14285714285714285,0.14285714285714285,0.0,TP,0.9999999999964029
0.14285714285714285,0.14285714285714285,0.14285714285714285,0.14285714285714285,0.14285714285714285,0.14285714285714285,0.14285714285714285,0.0,TP,0.9999999999964029
0.0038619642359041294,0.3321643334258576,0.07939585032159276,0.3112090975112346,0.03903140002521023,0.06537554451941617,0.029260081173453384,0.13970172878733111,TP,0.786347984886835
0.14285714285714285,0.14285714285714285,0.14285714285714285,0.14285714285714285,0.14285714285714285,0.14285714285714285,0.14285714285714285,0.0,TP,0.9999999999964029
0.14285714285714285,0.14285714285714285,0.14285714285714285,0.14285714285714285,0.14285714285714285,0.14285714285714285,0.14285714285714285,0.0,TP,0.9999999999964029
0.14285714285714285,0.14285714285714285,0.14285714285714285,0.14285714285714285,0.14285714285714285,0.14285714285714285,0.14285714285714285,0.0,TP,0.9999999999964029
0.14285714285714285,0.14285714285714285,0.14285714285714285,0.14285714285714285,0.14285714285714285,0.14285714285714285,0.14285714285714285,0.0,TP,0.9999999999964029
0.02326220198658334,0.3034539315172068,0.22901992129841436,0.0670754542017773,0.04719847194596448,0.048301006938299224,0.20245490764373927,0.0792341044680153,TP,0.8573925219260553
0.011526476567126036,0.08867110379994159,0.23820476520359474,0.5847414995799678,0.030437771221777734,0.004742267253960947,0.04167611637363103,0.0,TP,0.6094236591247733
0.14285714285714285,0.14285714285714285,0.14285714285714285,0.14285714285714285,0.14285714285714285,0.14285714285714285,0.14285714285714285,0.0,TP,0.9999999999964029
0.14285714285714285,0.14285714285714285,0.14285714285714285,0.14285714285714285,0.14285714285714285,0.14285714285714285,0.14285714285714285,0.0,TP,0.9999999999964029
0.14285714285714285,0.14285714285714285,0.14285714285714285,0.14285714285714285,0.14285714285714285,0.14285714285714285,0.14285714285714285,0.0,TP,0.9999999999964029
0.14285714285714285,0.14285714285714285,0.14285714285714285,0.14285714285714285,0.14285714285714285,0.14285714285714285,0.14285714285714285,0.0,TP,0.9999999999964029
0.14285714285714285,0.14285714285714285,0.14285714285714285,0.14285714285714285,0.14285714285714285,0.14285714285714285,0.14285714285714285,0.0,TP,0.9999999999964029
0.14285714285714285,0.14285714285714285,0.14285714285714285,0.14285714285714285,0.14285714285714285,0.14285714285714285,0.14285714285714285,0.0,TP,0.9999999999964029
0.14285714285714285,0.14285714285714285,0.14285714285714285,0.14285714285714285,0.14285714285714285,0.14285714285714285,0.14285714285714285,0.0,TP,0.9999999999964029
0.14285714285714285,0.14285714285714285,0.14285714285714285,0.14285714285714285,0.14285714285714285,0.14285714285714285,0.14285714285714285,0.0,TP,0.9999999999964029
0.14285714285714285,0.14285714285714285,0.14285714285714285,0.14285714285714285,0.14285714285714285,0.14285714285714285,0.14285714285714285,0.0,TP,0.9999999999964029
0.14285714285714285,0.14285714285714285,0.14285714285714285,0.14285714285714285,0.14285714285714285,0.14285714285714285,0.14285714285714285,0.0,TP,0.9999999999964029
0.14285714285714285,0.14285714285714285,0.14285714285714285,0.14285714285714285,0.14285714285714285,0.14285714285714285,0.14285714285714285,0.0,TP,0.9999999999964029
0.14285714285714285,0.14285714285714285,0.14285714285714285,0.14285714285714285,0.14285714285714285,0.14285714285714285,0.14285714285714285,0.0,TP,0.9999999999964029
0.07562040215657748,0.0449073019890748,0.0036927855298181807,0.32472459120836294,0.10235664642915603,0.08512743122150758,0.20820405851195642,0.1553667829535465,TP,0.8557905576014669
0.2028755541769366,0.1839466182471818,0.04698195850541954,0.012053440827780619,0.039994602325003174,0.23890081753848294,0.008405623258835544,0.26684138512035976,TP,0.815344543605672
0.14285714285714285,0.14285714285714285,0.14285714285714285,0.14285714285714285,0.14285714285714285,0.14285714285714285,0.14285714285714285,0.0,TP,0.9999999999964029
0.059799569049931174,0.02871137094552809,0.07948316671585468,0.07005287783334549,0.36963321327196796,0.2908038865655088,0.10151591561786386,0.0,TP,0.8310528093291156
0.14285714285714285,0.14285714285714285,0.14285714285714285,0.14285714285714285,0.14285714285714285,0.14285714285714285,0.14285714285714285,0.0,TP,0.9999999999964029
0.14285714285714285,0.14285714285714285,0.14285714285714285,0.14285714285714285,0.14285714285714285,0.14285714285714285,0.14285714285714285,0.0,TP,0.9999999999964029
0.14285714285714285,0.14285714285714285,0.14285714285714285,0.14285714285714285,0.14285714285714285,0.14285714285714285,0.14285714285714285,0.0,TP,0.9999999999964029
0.14285714285714285,0.14285714285714285,0.14285714285714285,0.14285714285714285,0.14285714285714285,0.14285714285714285,0.14285714285714285,0.0,TP,0.9999999999964029
0.14285714285714285,0.14285714285714285,0.14285714285714285,0.14285714285714285,0.14285714285714285,0.14285714285714285,0.14285714285714285,0.0,TP,0.9999999999964029
0.14285714285714285,0.14285714285714285,0.14285714285714285,0.14285714285714285,0.14285714285714285,0.14285714285714285,0.14285714285714285,0.0,TP,0.9999999999964029
0.14285714285714285,0.14285714285714285,0.14285714285714285,0.14285714285714285,0.14285714285714285,0.14285714285714285,0.14285714285714285,0.0,TP,0.9999999999964029
0.14285714285714285,0.14285714285714285,0.14285714285714285,0.14285714285714285,0.14285714285714285,0.14285714285714285,0.14285714285714285,0.0,TP,0.9999999999964029
0.0217050980181345,0.5510618684401615,0.08899344525377753,0.014409169197060926,0.038377512106520795,0.14659972030492063,0.13885318667942417,0.0,TP,0.7033450763459644
0.14285714285714285,0.14285714285714285,0.14285714285714285,0.14285714285714285,0.14285714285714285,0.14285714285714285,0.14285714285714285,0.0,TP,0.9999999999964029
0.14285714285714285,0.14285714285714285,0.14285714285714285,0.14285714285714285,0.14285714285714285,0.14285714285714285,0.14285714285714285,0.0,TP,0.9999999999964029
0.14285714285714285,0.14285714285714285,0.14285714285714285,0.14285714285714285,0.14285714285714285,0.14285714285714285,0.14285714285714285,0.0,TP,0.9999999999964029
0.14285714285714285,0.14285714285714285,0.14285714285714285,0.14285714285714285,0.14285714285714285,0.14285714285714285,0.14285714285714285,0.0,TP,0.9999999999964029
0.14285714285714285,0.14285714285714285,0.14285714285714285,0.14285714285714285,0.14285714285714285,0.14285714285714285,0.14285714285714285,0.0,TP,0.9999999999964029
0.14285714285714285,0.14285714285714285,0.14285714285714285,0.14285714285714285,0.14285714285714285,0.14285714285714285,0.14285714285714285,0.0,TP,0.9999999999964029
0.2544607879367364,0.07269388239121868,0.002182532247153152,0.07830584599580892,0.006293411909136453,0.24309237907143333,0.1473120629504593,0.19565909749805382,TP,0.8313217209636105
0.14285714285714285,0.14285714285714285,0.14285714285714285,0.14285714285714285,0.14285714285714285,0.14285714285714285,0.14285714285714285,0.0,TP,0.9999999999964029
0.12754564066821805,0.18725534521924309,0.05997692713648851,0.009738490603055514,0.04750417366874048,0.3335466234363666,0.16833443434071313,0.06609836492717469,TP,0.8563336305153996
0.14285714285714285,0.14285714285714285,0.14285714285714285,0.14285714285714285,0.14285714285714285,0.14285714285714285,0.14285714285714285,0.0,TP,0.9999999999964029
0.14285714285714285,0.14285714285714285,0.14285714285714285,0.14285714285714285,0.14285714285714285,0.14285714285714285,0.14285714285714285,0.0,TP,0.9999999999964029
0.14285714285714285,0.14285714285714285,0.14285714285714285,0.14285714285714285,0.14285714285714285,0.14285714285714285,0.14285714285714285,0.0,TP,0.9999999999964029
0.14285714285714285,0.14285714285714285,0.14285714285714285,0.14285714285714285,0.14285714285714285,0.14285714285714285,0.14285714285714285,0.0,TP,0.9999999999964029
0.14285714285714285,0.14285714285714285,0.14285714285714285,0.14285714285714285,0.14285714285714285,0.14285714285714285,0.14285714285714285,0.0,TP,0.9999999999964029
0.14285714285714285,0.14285714285714285,0.14285714285714285,0.14285714285714285,0.14285714285714285,0.14285714285714285,0.14285714285714285,0.0,TP,0.9999999999964029
0.14285714285714285,0.14285714285714285,0.14285714285714285,0.14285714285714285,0.14285714285714285,0.14285714285714285,0.14285714285714285,0.0,TP,0.9999999999964029
0.14285714285714285,0.14285714285714285,0.14285714285714285,0.14285714285714285,0.14285714285714285,0.14285714285714285,0.14285714285714285,0.0,TP,0.9999999999964029
0.06775508896214623,0.31426910917393713,0.13438908881044506,0.06653885601616322,0.01494203542356296,0.35007529729225473,0.05000135899918904,0.0020291653223015287,TP,0.764059175179181
0.14285714285714285,0.14285714285714285,0.14285714285714285,0.14285714285714285,0.14285714285714285,0.14285714285714285,0.14285714285714285,0.0,TP,0.9999999999964029
0.14285714285714285,0.14285714285714285,0.14285714285714285,0.14285714285714285,0.14285714285714285,0.14285714285714285,0.14285714285714285,0.0,TP,0.9999999999964029
0.15156827967462552,0.01338880231962104,0.07265854115034864,0.08721824233855878,0.2039646337003195,0.03240126122501876,0.43880023959150766,0.0,TP,0.793363024790569
0.14285714285714285,0.14285714285714285,0.14285714285714285,0.14285714285714285,0.14285714285714285,0.14285714285714285,0.14285714285714285,0.0,TP,0.9999999999964029
0.14285714285714285,0.14285714285714285,0.14285714285714285,0.14285714285714285,0.14285714285714285,0.14285714285714285,0.14285714285714285,0.0,TP,0.9999999999964029
0.14285714285714285,0.14285714285714285,0.14285714285714285,0.14285714285714285,0.14285714285714285,0.14285714285714285,0.14285714285714285,0.0,TP,0.9999999999964029
0.14285714285714285,0.14285714285714285,0.14285714285714285,0.14285714285714285,0.14285714285714285,0.14285714285714285,0.14285714285714285,0.0,TP,0.9999999999964029
0.040996123876180054,0.24594933081733564,0.42000647792257273,0.007812267947519633,0.01332124050544478,0.11189095582904414,0.03186802412164875,0.1281555789802542,TP,0.7472661178574216
0.14285714285714285,0.14285714285714285,0.14285714285714285,0.14285714285714285,0.14285714285714285,0.14285714285714285,0.14285714285714285,0.0,TP,0.9999999999964029
0.011585350303288517,0.29736185783469604,0.08050973676176687,0.17328467194361868,0.042256185611035786,0.253559883973441,0.09028920686725861,0.05115310670489439,TP,0.8510360560066162
0.059527284147601896,0.08964273194557194,0.12977378020066896,0.5610576181413204,0.03784751519719551,0.021228511999081427,0.1009225583685599,0.0,TP,0.7248844221302336
0.14285714285714285,0.14285714285714285,0.14285714285714285,0.14285714285714285,0.14285714285714285,0.14285714285714285,0.14285714285714285,0.0,TP,0.9999999999964029
0.14285714285714285,0.14285714285714285,0.14285714285714285,0.14285714285714285,0.14285714285714285,0.14285714285714285,0.14285714285714285,0.0,TP,0.9999999999964029
0.14285714285714285,0.14285714285714285,0.14285714285714285,0.14285714285714285,0.14285714285714285,0.14285714285714285,0.14285714285714285,0.0,TP,0.9999999999964029
0.14285714285714285,0.14285714285714285,0.14285714285714285,0.14285714285714285,0.14285714285714285,0.14285714285714285,0.14285714285714285,0.0,TP,0.9999999999964029
0.14285714285714285,0.14285714285714285,0.14285714285714285,0.14285714285714285,0.14285714285714285,0.14285714285714285,0.14285714285714285,0.0,TP,0.9999999999964029
0.021677468768920925,0.027844074657429524,0.3253119638571874,0.47907895385099913,0.07040744218733272,0.007577957406589944,0.06810213927154038,0.0,TP,0.6718866711847024
0.3046579317705535,0.18415750671223263,0.08241213107762517,0.29842173490245943,0.044664538282728164,0.07082119096403089,0.014864966290370088,0.0,TP,0.8372298528831191
0.14285714285714285,0.14285714285714285,0.14285714285714285,0.14285714285714285,0.14285714285714285,0.14285714285714285,0.14285714285714285,0.0,TP,0.9999999999964029
0.14285714285714285,0.14285714285714285,0.14285714285714285,0.14285714285714285,0.14285714285714285,0.14285714285714285,0.14285714285714285,0.0,TP,0.9999999999964029
0.14285714285714285,0.14285714285714285,0.14285714285714285,0.14285714285714285,0.14285714285714285,0.14285714285714285,0.14285714285714285,0.0,TP,0.9999999999964029
0.14285714285714285,0.14285714285714285,0.14285714285714285,0.14285714285714285,0.14285714285714285,0.14285714285714285,0.14285714285714285,0.0,TP,0.9999999999964029
0.14285714285714285,0.14285714285714285,0.14285714285714285,0.14285714285714285,0.14285714285714285,0.14285714285714285,0.14285714285714285,0.0,TP,0.9999999999964029
0.14285714285714285,0.14285714285714285,0.14285714285714285,0.14285714285714285,0.14285714285714285,0.14285714285714285,0.14285714285714285,0.0,TP,0.9999999999964029
0.12588565153806527,0.10208702787914178,0.4296673774787525,0.06581381404200545,0.1216904102075323,0.04116960987259268,0.11368610898191012,0.0,TP,0.8585740568383308
0.20415365834243063,0.0026498692905575286,0.13926934587406076,0.08240943129751944,0.0832491868780465,0.07287192805138032,0.1635609661134799,0.2518356141525249,TP,0.8952236902948717
0.14285714285714285,0.14285714285714285,0.14285714285714285,0.14285714285714285,0.14285714285714285,0.14285714285714285,0.14285714285714285,0.0,TP,0.9999999999964029
0.14285714285714285,0.14285714285714285,0.14285714285714285,0.14285714285714285,0.14285714285714285,0.14285714285714285,0.14285714285714285,0.0,TP,0.9999999999964029
0.14285714285714285,0.14285714285714285,0.14285714285714285,0.14285714285714285,0.14285714285714285,0.14285714285714285,0.14285714285714285,0.0,TP,0.9999999999964029
0.14285714285714285,0.14285714285714285,0.14285714285714285,0.14285714285714285,0.14285714285714285,0.14285714285714285,0.14285714285714285,0.0,TP,0.9999999999964029
0.14285714285714285,0.14285714285714285,0.14285714285714285,0.14285714285714285,0.14285714285714285,0.14285714285714285,0.14285714285714285,0.0,TP,0.9999999999964029
0.14285714285714285,0.14285714285714285,0.14285714285714285,0.14285714285714285,0.14285714285714285,0.14285714285714285,0.14285714285714285,0.0,TP,0.9999999999964029
0.14285714285714285,0.14285714285714285,0.14285714285714285,0.14285714285714285,0.14285714285714285,0.14285714285714285,0.14285714285714285,0.0,TP,0.9999999999964029
0.14285714285714285,0.14285714285714285,0.14285714285714285,0.14285714285714285,0.14285714285714285,0.14285714285714285,0.14285714285714285,0.0,TP,0.9999999999964029
0.14285714285714285,0.14285714285714285,0.14285714285714285,0.14285714285714285,0.14285714285714285,0.14285714285714285,0.14285714285714285,0.0,TP,0.9999999999964029
0.040137500951295674,0.10777258654923798,0.07215125684449063,0.23837659565580718,0.3755925255258237,0.0383868609609131,0.12758267351243185,0.0,TP,0.8511573514193331
0.16711378399963192,0.40854028753623334,0.01379568356639987,0.01893634685030173,0.13227368705328812,0.07678324643157568,0.18255696456256926,0.0,TP,0.8088913191856734
0.24645421720594718,0.058268145087503116,0.09487433222965452,0.24666106099248986,0.19338427660880125,0.06852172951343154,0.0918362383621725,0.0,TP,0.9251370567249144
0.14285714285714285,0.14285714285714285,0.14285714285714285,0.14285714285714285,0.14285714285714285,0.14285714285714285,0.14285714285714285,0.0,TP,0.9999999999964029
0.014590400637815694,0.48153699798112415,0.04081819879122558,0.2727718618409718,0.08843507181017034,0.011330079309418675,0.0905173896292737,0.0,TP,0.7097968490046856
0.14285714285714285,0.14285714285714285,0.14285714285714285,0.14285714285714285,0.14285714285714285,0.14285714285714285,0.14285714285714285,0.0,TP,0.9999999999964029
0.16728321142698932,0.03332043116200002,0.25030706656759566,0.0030671169111439545,0.43580194709467673,0.005251635591608044,0.021288175717482618,0.08368041552850379,TP,0.7001728167263597
0.14285714285714285,0.14285714285714285,0.14285714285714285,0.14285714285714285,0.14285714285714285,0.14285714285714285,0.14285714285714285,0.0,TP,0.9999999999964029
0.2887040109354651,0.021934892899321497,0.013216855972332483,0.011826443845450273,0.03981989030926458,0.5308477717218543,0.09365013431631176,0.0,TP,0.6364253457505189
0.14285714285714285,0.14285714285714285,0.14285714285714285,0.14285714285714285,0.14285714285714285,0.14285714285714285,0.14285714285714285,0.0,TP,0.9999999999964029
0.14285714285714285,0.14285714285714285,0.14285714285714285,0.14285714285714285,0.14285714285714285,0.14285714285714285,0.14285714285714285,0.0,TP,0.9999999999964029
0.06668514641964497,0.041928932905820594,0.20280111192393027,0.04726219096597119,0.01150014895017376,0.07037368937847975,0.5594487794559794,0.0,TP,0.6908996807744311
0.14285714285714285,0.14285714285714285,0.14285714285714285,0.14285714285714285,0.14285714285714285,0.14285714285714285,0.14285714285714285,0.0,TP,0.9999999999964029
0.14285714285714285,0.14285714285714285,0.14285714285714285,0.14285714285714285,0.14285714285714285,0.14285714285714285,0.14285714285714285,0.0,TP,0.9999999999964029
0.07836477969736103,0.021271733625596395,0.3850083709013219,0.05384913400441596,0.038322929296396475,0.03218523239845542,0.12281680057507219,0.2681810195013807,TP,0.7946179454079394
0.14285714285714285,0.14285714285714285,0.14285714285714285,0.14285714285714285,0.14285714285714285,0.14285714285714285,0.14285714285714285,0.0,TP,0.9999999999964029
0.14285714285714285,0.14285714285714285,0.14285714285714285,0.14285714285714285,0.14285714285714285,0.14285714285714285,0.14285714285714285,0.0,TP,0.9999999999964029
0.14285714285714285,0.14285714285714285,0.14285714285714285,0.14285714285714285,0.14285714285714285,0.14285714285714285,0.14285714285714285,0.0,TP,0.9999999999964029
0.14285714285714285,0.14285714285714285,0.14285714285714285,0.14285714285714285,0.14285714285714285,0.14285714285714285,0.14285714285714285,0.0,TP,0.9999999999964029
0.05086229643139831,0.2035757659622674,0.16877147801221168,0.16076517859444237,9.553324439391542e-05,0.17853269125005014,0.02689157443775607,0.21050548206748007,TP,0.8672586294842056
0.14285714285714285,0.14285714285714285,0.14285714285714285,0.14285714285714285,0.14285714285714285,0.14285714285714285,0.14285714285714285,0.0,TP,0.9999999999964029
0.14285714285714285,0.14285714285714285,0.14285714285714285,0.14285714285714285,0.14285714285714285,0.14285714285714285,0.14285714285714285,0.0,TP,0.9999999999964029
0.14285714285714285,0.14285714285714285,0.14285714285714285,0.14285714285714285,0.14285714285714285,0.14285714285714285,0.14285714285714285,0.0,TP,0.9999999999964029
0.14285714285714285,0.14285714285714285,0.14285714285714285,0.14285714285714285,0.14285714285714285,0.14285714285714285,0.14285714285714285,0.0,TP,0.9999999999964029
0.14285714285714285,0.14285714285714285,0.14285714285714285,0.14285714285714285,0.14285714285714285,0.14285714285714285,0.14285714285714285,0.0,TP,0.9999999999964029
0.14285714285714285,0.14285714285714285,0.14285714285714285,0.14285714285714285,0.14285714285714285,0.14285714285714285,0.14285714285714285,0.0,TP,0.9999999999964029
0.14285714285714285,0.14285714285714285,0.14285714285714285,0.14285714285714285,0.14285714285714285,0.14285714285714285,0.14285714285714285,0.0,TP,0.9999999999964029
0.14285714285714285,0.14285714285714285,0.14285714285714285,0.14285714285714285,0.14285714285714285,0.14285714285714285,0.14285714285714285,0.0,TP,0.9999999999964029
0.14285714285714285,0.14285714285714285,0.14285714285714285,0.14285714285714285,0.14285714285714285,0.14285714285714285,0.14285714285714285,0.0,TP,0.9999999999964029
0.14285714285714285,0.14285714285714285,0.14285714285714285,0.14285714285714285,0.14285714285714285,0.14285714285714285,0.14285714285714285,0.0,TP,0.9999999999964029
0.14285714285714285,0.14285714285714285,0.14285714285714285,0.14285714285714285,0.14285714285714285,0.14285714285714285,0.14285714285714285,0.0,TP,0.9999999999964029
0.14285714285714285,0.14285714285714285,0.14285714285714285,0.14285714285714285,0.14285714285714285,0.14285714285714285,0.14285714285714285,0.0,TP,0.9999999999964029
0.14285714285714285,0.14285714285714285,0.14285714285714285,0.14285714285714285,0.14285714285714285,0.14285714285714285,0.14285714285714285,0.0,TP,0.9999999999964029
0.14285714285714285,0.14285714285714285,0.14285714285714285,0.14285714285714285,0.14285714285714285,0.14285714285714285,0.14285714285714285,0.0,TP,0.9999999999964029
0.14285714285714285,0.14285714285714285,0.14285714285714285,0.14285714285714285,0.14285714285714285,0.14285714285714285,0.14285714285714285,0.0,TP,0.9999999999964029
0.019957426156144296,0.03987793916739642,0.09507915800330216,0.3101340424015264,0.19964766269083487,0.22881568265610946,0.07928328848767775,0.027204800437008476,TP,0.842328030729952
0.14285714285714285,0.14285714285714285,0.14285714285714285,0.14285714285714285,0.14285714285714285,0.14285714285714285,0.14285714285714285,0.0,TP,0.9999999999964029
0.14285714285714285,0.14285714285714285,0.14285714285714285,0.14285714285714285,0.14285714285714285,0.14285714285714285,0.14285714285714285,0.0,TP,0.9999999999964029
0.14285714285714285,0.14285714285714285,0.14285714285714285,0.14285714285714285,0.14285714285714285,0.14285714285714285,0.14285714285714285,0.0,TP,0.9999999999964029
0.14285714285714285,0.14285714285714285,0.14285714285714285,0.14285714285714285,0.14285714285714285,0.14285714285714285,0.14285714285714285,0.0,TP,0.9999999999964029
0.14285714285714285,0.14285714285714285,0.14285714285714285,0.14285714285714285,0.14285714285714285,0.14285714285714285,0.14285714285714285,0.0,TP,0.9999999999964029
0.14285714285714285,0.14285714285714285,0.14285714285714285,0.14285714285714285,0.14285714285714285,0.14285714285714285,0.14285714285714285,0.0,TP,0.9999999999964029
0.14285714285714285,0.14285714285714285,0.14285714285714285,0.14285714285714285,0.14285714285714285,0.14285714285714285,0.14285714285714285,0.0,TP,0.9999999999964029
0.11221433668546235,0.0025940998826314864,0.17660384146206826,0.04321549915367224,0.3180650912755969,0.06411154083266532,0.28319559070790334,0.0,TP,0.8225541467325806
0.14285714285714285,0.14285714285714285,0.14285714285714285,0.14285714285714285,0.14285714285714285,0.14285714285714285,0.14285714285714285,0.0,TP,0.9999999999964029
0.14285714285714285,0.14285714285714285,0.14285714285714285,0.14285714285714285,0.14285714285714285,0.14285714285714285,0.14285714285714285,0.0,TP,0.9999999999964029
0.08092574654781569,0.051699103114352475,0.06678224243584278,0.21969862283820582,0.09803109045205861,0.0008881793855445952,0.06973127528748864,0.4122437399386913,TP,0.7959944863848472
0.14285714285714285,0.14285714285714285,0.14285714285714285,0.14285714285714285,0.14285714285714285,0.14285714285714285,0.14285714285714285,0.0,TP,0.9999999999964029
0.14285714285714285,0.14285714285714285,0.14285714285714285,0.14285714285714285,0.14285714285714285,0.14285714285714285,0.14285714285714285,0.0,TP,0.9999999999964029
0.14285714285714285,0.14285714285714285,0.14285714285714285,0.14285714285714285,0.14285714285714285,0.14285714285714285,0.14285714285714285,0.0,TP,0.9999999999964029
0.14285714285714285,0.14285714285714285,0.14285714285714285,0.14285714285714285,0.14285714285714285,0.14285714285714285,0.14285714285714285,0.0,TP,0.9999999999964029
0.14285714285714285,0.14285714285714285,0.14285714285714285,0.14285714285714285,0.14285714285714285,0.14285714285714285,0.14285714285714285,0.0,TP,0.9999999999964029
0.14285714285714285,0.14285714285714285,0.14285714285714285,0.14285714285714285,0.14285714285714285,0.14285714285714285,0.14285714285714285,0.0,TP,0.9999999999964029
0.14285714285714285,0.14285714285714285,0.14285714285714285,0.14285714285714285,0.14285714285714285,0.14285714285714285,0.14285714285714285,0.0,TP,0.9999999999964029
0.14285714285714285,0.14285714285714285,0.14285714285714285,0.14285714285714285,0.14285714285714285,0.14285714285714285,0.14285714285714285,0.0,TP,0.9999999999964029
0.11807945042877116,0.4345718369267042,0.22695658522275874,0.0554038200817914,0.005905494613301832,0.11044156000588132,0.04864125272079145,0.0,TP,0.7872892709914764
0.14285714285714285,0.14285714285714285,0.14285714285714285,0.14285714285714285,0.14285714285714285,0.14285714285714285,0.14285714285714285,0.0,TP,0.9999999999964029
0.14285714285714285,0.14285714285714285,0.14285714285714285,0.14285714285714285,0.14285714285714285,0.14285714285714285,0.14285714285714285,0.0,TP,0.9999999999964029
0.14285714285714285,0.14285714285714285,0.14285714285714285,0.14285714285714285,0.14285714285714285,0.14285714285714285,0.14285714285714285,0.0,TP,0.9999999999964029
0.14285714285714285,0.14285714285714285,0.14285714285714285,0.14285714285714285,0.14285714285714285,0.14285714285714285,0.14285714285714285,0.0,TP,0.9999999999964029
0.14285714285714285,0.14285714285714285,0.14285714285714285,0.14285714285714285,0.14285714285714285,0.14285714285714285,0.14285714285714285,0.0,TP,0.9999999999964029
0.002359078121142557,0.06607388274208723,0.03601278848371463,0.21421353578046612,0.03192006566867313,0.11016148292794688,0.5392591662759694,0.0,TP,0.6832381535912886
0.14285714285714285,0.14285714285714285,0.14285714285714285,0.14285714285714285,0.14285714285714285,0.14285714285714285,0.14285714285714285,0.0,TP,0.9999999999964029
0.14285714285714285,0.14285714285714285,0.14285714285714285,0.14285714285714285,0.14285714285714285,0.14285714285714285,0.14285714285714285,0.0,TP,0.9999999999964029
0.1044106158302504,0.41057982660956555,0.100175138492464,0.12955475002082778,0.002616445493991518,0.05209453521256362,0.1941015620563223,0.006467126284014797,TP,0.7775826770563358
0.041516092687757813,0.43521523995334177,0.14249884589045705,0.24161145428881592,0.016487707903839792,0.00680767510016717,0.0946249909320161,0.021237993243604304,TP,0.7317165470846565
0.14285714285714285,0.14285714285714285,0.14285714285714285,0.14285714285714285,0.14285714285714285,0.14285714285714285,0.14285714285714285,0.0,TP,0.9999999999964029
0.14285714285714285,0.14285714285714285,0.14285714285714285,0.14285714285714285,0.14285714285714285,0.14285714285714285,0.14285714285714285,0.0,TP,0.9999999999964029
0.14285714285714285,0.14285714285714285,0.14285714285714285,0.14285714285714285,0.14285714285714285,0.14285714285714285,0.14285714285714285,0.0,TP,0.9999999999964029
0.14285714285714285,0.14285714285714285,0.14285714285714285,0.14285714285714285,0.14285714285714285,0.14285714285714285,0.14285714285714285,0.0,TP,0.9999999999964029
0.14285714285714285,0.14285714285714285,0.14285714285714285,0.14285714285714285,0.14285714285714285,0.14285714285714285,0.14285714285714285,0.0,TP,0.9999999999964029
0.14285714285714285,0.14285714285714285,0.14285714285714285,0.14285714285714285,0.14285714285714285,0.14285714285714285,0.14285714285714285,0.0,TP,0.9999999999964029
0.14285714285714285,0.14285714285714285,0.14285714285714285,0.14285714285714285,0.14285714285714285,0.14285714285714285,0.14285714285714285,0.0,TP,0.9999999999964029
0.14285714285714285,0.14285714285714285,0.14285714285714285,0.14285714285714285,0.14285714285714285,0.14285714285714285,0.14285714285714285,0.0,TP,0.9999999999964029
0.13157307819505668,0.14391732597260115,0.024936542114857126,0.22529044156950143,0.14248638934431224,0.23663220806789845,0.09247099585327748,0.0026930188824953647,TP,0.8792913570466636
0.14285714285714285,0.14285714285714285,0.14285714285714285,0.14285714285714285,0.14285714285714285,0.14285714285714285,0.14285714285714285,0.0,TP,0.9999999999964029
0.14285714285714285,0.14285714285714285,0.14285714285714285,0.14285714285714285,0.14285714285714285,0.14285714285714285,0.14285714285714285,0.0,TP,0.9999999999964029
0.14285714285714285,0.14285714285714285,0.14285714285714285,0.14285714285714285,0.14285714285714285,0.14285714285714285,0.14285714285714285,0.0,TP,0.9999999999964029
0.14285714285714285,0.14285714285714285,0.14285714285714285,0.14285714285714285,0.14285714285714285,0.14285714285714285,0.14285714285714285,0.0,TP,0.9999999999964029
0.14285714285714285,0.14285714285714285,0.14285714285714285,0.14285714285714285,0.14285714285714285,0.14285714285714285,0.14285714285714285,0.0,TP,0.9999999999964029
0.3561464122886413,0.005495277397252034,0.1600618002088843,0.09399707518010852,0.05163845195521766,0.16867855284806926,0.1639824301218268,0.0,TP,0.8538542923558485
0.33132442511615817,0.04023517016733124,0.25615005108399996,0.016078872375923228,0.17004066697884176,0.13484535248064874,0.02016304507201595,0.03116241672508091,TP,0.8025263709409103
0.14285714285714285,0.14285714285714285,0.14285714285714285,0.14285714285714285,0.14285714285714285,0.14285714285714285,0.14285714285714285,0.0,TP,0.9999999999964029
0.14285714285714285,0.14285714285714285,0.14285714285714285,0.14285714285714285,0.14285714285714285,0.14285714285714285,0.14285714285714285,0.0,TP,0.9999999999964029
0.14285714285714285,0.14285714285714285,0.14285714285714285,0.14285714285714285,0.14285714285714285,0.14285714285714285,0.14285714285714285,0.0,TP,0.9999999999964029
0.14285714285714285,0.14285714285714285,0.14285714285714285,0.14285714285714285,0.14285714285714285,0.14285714285714285,0.14285714285714285,0.0,TP,0.9999999999964029
0.14285714285714285,0.14285714285714285,0.14285714285714285,0.14285714285714285,0.14285714285714285,0.14285714285714285,0.14285714285714285,0.0,TP,0.9999999999964029
0.14285714285714285,0.14285714285714285,0.14285714285714285,0.14285714285714285,0.14285714285714285,0.14285714285714285,0.14285714285714285,0.0,TP,0.9999999999964029
0.020249835499671787,0.014846241028713235,0.13026955221469827,0.09641660484430144,0.3665921800067917,0.029704739780512485,0.11683507171405469,0.22508577491125645,TP,0.813364893596532
0.14285714285714285,0.14285714285714285,0.14285714285714285,0.14285714285714285,0.14285714285714285,0.14285714285714285,0.14285714285714285,0.0,TP,0.9999999999964029
0.29956138505211094,0.19353320339336214,0.19271832125300234,0.15185940505743217,0.034092710731042725,0.09486287037836558,0.03337210413468418,0.0,TP,0.8913927530187642
0.14285714285714285,0.14285714285714285,0.14285714285714285,0.14285714285714285,0.14285714285714285,0.14285714285714285,0.14285714285714285,0.0,TP,0.9999999999964029
0.14285714285714285,0.14285714285714285,0.14285714285714285,0.14285714285714285,0.14285714285714285,0.14285714285714285,0.14285714285714285,0.0,TP,0.9999999999964029
0.14285714285714285,0.14285714285714285,0.14285714285714285,0.14285714285714285,0.14285714285714285,0.14285714285714285,0.14285714285714285,0.0,TP,0.9999999999964029
0.14285714285714285,0.14285714285714285,0.14285714285714285,0.14285714285714285,0.14285714285714285,0.14285714285714285,0.14285714285714285,0.0,TP,0.9999999999964029
0.14285714285714285,0.14285714285714285,0.14285714285714285,0.14285714285714285,0.14285714285714285,0.14285714285714285,0.14285714285714285,0.0,TP,0.9999999999964029
0.14285714285714285,0.14285714285714285,0.14285714285714285,0.14285714285714285,0.14285714285714285,0.14285714285714285,0.14285714285714285,0.0,TP,0.9999999999964029
0.0461691523025244,0.01683405232890134,0.015740761944729634,0.14360838726632846,0.23563942818086453,0.1656773885897921,0.20064024594154448,0.17569058344531507,TP,0.8757372733666463
0.08741482912043055,0.23206508842038356,0.11842618356723565,0.04607901881996698,0.414958400164148,0.009394305583196073,0.02511552273285004,0.06654665159178916,TP,0.7829923193612166
0.14285714285714285,0.14285714285714285,0.14285714285714285,0.14285714285714285,0.14285714285714285,0.14285714285714285,0.14285714285714285,0.0,TP,0.9999999999964029
0.14285714285714285,0.14285714285714285,0.14285714285714285,0.14285714285714285,0.14285714285714285,0.14285714285714285,0.14285714285714285,0.0,TP,0.9999999999964029
0.14285714285714285,0.14285714285714285,0.14285714285714285,0.14285714285714285,0.14285714285714285,0.14285714285714285,0.14285714285714285,0.0,TP,0.9999999999964029
0.008513660397238682,0.17306438237016775,0.08581522751432381,0.25049689947939247,0.08057737715199563,0.03135276413645937,0.29418820024764686,0.07599148870277525,TP,0.8506714513596865
0.007544340882220648,0.018392625340591537,0.2764277089235019,0.1736311337230972,0.16056568705736127,0.1968620376888527,0.16657646638437484,0.0,TP,0.864366964213808
0.14285714285714285,0.14285714285714285,0.14285714285714285,0.14285714285714285,0.14285714285714285,0.14285714285714285,0.14285714285714285,0.0,TP,0.9999999999964029
0.14285714285714285,0.14285714285714285,0.14285714285714285,0.14285714285714285,0.14285714285714285,0.14285714285714285,0.14285714285714285,0.0,TP,0.9999999999964029
0.012722528588276395,0.010971334049595879,0.406661658146887,0.11541524361230593,0.15731662995867202,0.12719762927820905,0.0011366777229991144,0.16857829864305454,TP,0.7604055960320588
0.14285714285714285,0.14285714285714285,0.14285714285714285,0.14285714285714285,0.14285714285714285,0.14285714285714285,0.14285714285714285,0.0,TP,0.9999999999964029
0.14285714285714285,0.14285714285714285,0.14285714285714285,0.14285714285714285,0.14285714285714285,0.14285714285714285,0.14285714285714285,0.0,TP,0.9999999999964029
0.14285714285714285,0.14285714285714285,0.14285714285714285,0.14285714285714285,0.14285714285714285,0.14285714285714285,0.14285714285714285,0.0,TP,0.9999999999964029
0.14285714285714285,0.14285714285714285,0.14285714285714285,0.14285714285714285,0.14285714285714285,0.14285714285714285,0.14285714285714285,0.0,TP,0.9999999999964029
0.14285714285714285,0.14285714285714285,0.14285714285714285,0.14285714285714285,0.14285714285714285,0.14285714285714285,0.14285714285714285,0.0,TP,0.9999999999964029
0.14285714285714285,0.14285714285714285,0.14285714285714285,0.14285714285714285,0.14285714285714285,0.14285714285714285,0.14285714285714285,0.0,TP,0.9999999999964029
0.14285714285714285,0.14285714285714285,0.14285714285714285,0.14285714285714285,0.14285714285714285,0.14285714285714285,0.14285714285714285,0.0,TP,0.9999999999964029
0.07711506618647371,0.18706734386067123,0.25281887414173193,0.07426222425306975,0.0947620837086486,0.0313730523393423,0.09879662747962595,0.18380472803043651,TP,0.9251776815211444
0.14285714285714285,0.14285714285714285,0.14285714285714285,0.14285714285714285,0.14285714285714285,0.14285714285714285,0.14285714285714285,0.0,TP,0.9999999999964029
0.14285714285714285,0.14285714285714285,0.14285714285714285,0.14285714285714285,0.14285714285714285,0.14285714285714285,0.14285714285714285,0.0,TP,0.9999999999964029
0.05941553050289423,0.21727510135324912,0.2660804345695014,0.3181443074661347,0.04584966970731137,0.033340219222095326,0.05989473717881379,0.0,TP,0.8424827769919795
0.14285714285714285,0.14285714285714285,0.14285714285714285,0.14285714285714285,0.14285714285714285,0.14285714285714285,0.14285714285714285,0.0,TP,0.9999999999964029
0.14285714285714285,0.14285714285714285,0.14285714285714285,0.14285714285714285,0.14285714285714285,0.14285714285714285,0.14285714285714285,0.0,TP,0.9999999999964029
0.14285714285714285,0.14285714285714285,0.14285714285714285,0.14285714285714285,0.14285714285714285,0.14285714285714285,0.14285714285714285,0.0,TP,0.9999999999964029
0.14285714285714285,0.14285714285714285,0.14285714285714285,0.14285714285714285,0.14285714285714285,0.14285714285714285,0.14285714285714285,0.0,TP,0.9999999999964029
0.14285714285714285,0.14285714285714285,0.14285714285714285,0.14285714285714285,0.14285714285714285,0.14285714285714285,0.14285714285714285,0.0,TP,0.9999999999964029
0.14285714285714285,0.14285714285714285,0.14285714285714285,0.14285714285714285,0.14285714285714285,0.14285714285714285,0.14285714285714285,0.0,TP,0.9999999999964029
0.14285714285714285,0.14285714285714285,0.14285714285714285,0.14285714285714285,0.14285714285714285,0.14285714285714285,0.14285714285714285,0.0,TP,0.9999999999964029
0.022409771763146038,0.1834622966802424,0.19697017097125932,0.05264552870277285,0.25713602869572405,0.08028263235832515,0.041965769567541215,0.16512780126098878,TP,0.8913103910650052
0.14285714285714285,0.14285714285714285,0.14285714285714285,0.14285714285714285,0.14285714285714285,0.14285714285714285,0.14285714285714285,0.0,TP,0.9999999999964029
0.14285714285714285,0.14285714285714285,0.14285714285714285,0.14285714285714285,0.14285714285714285,0.14285714285714285,0.14285714285714285,0.0,TP,0.9999999999964029
0.14285714285714285,0.14285714285714285,0.14285714285714285,0.14285714285714285,0.14285714285714285,0.14285714285714285,0.14285714285714285,0.0,TP,0.9999999999964029
0.038441347475463405,0.04619675411020689,0.033539570499963624,0.11210260258672482,0.026030510108334327,0.06418014618381247,0.4165429546367571,0.26296611439873735,TP,0.776054789973051
0.14285714285714285,0.14285714285714285,0.14285714285714285,0.14285714285714285,0.14285714285714285,0.14285714285714285,0.14285714285714285,0.0,TP,0.9999999999964029
0.14285714285714285,0.14285714285714285,0.14285714285714285,0.14285714285714285,0.14285714285714285,0.14285714285714285,0.14285714285714285,0.0,TP,0.9999999999964029
0.14285714285714285,0.14285714285714285,0.14285714285714285,0.14285714285714285,0.14285714285714285,0.14285714285714285,0.14285714285714285,0.0,TP,0.9999999999964029
0.14285714285714285,0.14285714285714285,0.14285714285714285,0.14285714285714285,0.14285714285714285,0.14285714285714285,0.14285714285714285,0.0,TP,0.9999999999964029
0.14285714285714285,0.14285714285714285,0.14285714285714285,0.14285714285714285,0.14285714285714285,0.14285714285714285,0.14285714285714285,0.0,TP,0.9999999999964029
0.14285714285714285,0.14285714285714285,0.14285714285714285,0.14285714285714285,0.14285714285714285,0.14285714285714285,0.14285714285714285,0.0,TP,0.9999999999964029
0.0005671824705555489,0.28448081087992877,0.19838227242204104,0.03088790502033617,0.08264409787810623,0.042742129249617664,0.3545483697740279,0.005747232305386739,TP,0.734929904104811
0.14285714285714285,0.14285714285714285,0.14285714285714285,0.14285714285714285,0.14285714285714285,0.14285714285714285,0.14285714285714285,0.0,TP,0.9999999999964029
0.14285714285714285,0.14285714285714285,0.14285714285714285,0.14285714285714285,0.14285714285714285,0.14285714285714285,0.14285714285714285,0.0,TP,0.9999999999964029
0.14285714285714285,0.14285714285714285,0.14285714285714285,0.14285714285714285,0.14285714285714285,0.14285714285714285,0.14285714285714285,0.0,TP,0.9999999999964029
0.14285714285714285,0.14285714285714285,0.14285714285714285,0.14285714285714285,0.14285714285714285,0.14285714285714285,0.14285714285714285,0.0,TP,0.9999999999964029
0.14285714285714285,0.14285714285714285,0.14285714285714285,0.14285714285714285,0.14285714285714285,0.14285714285714285,0.14285714285714285,0.0,TP,0.9999999999964029
0.14285714285714285,0.14285714285714285,0.14285714285714285,0.14285714285714285,0.14285714285714285,0.14285714285714285,0.14285714285714285,0.0,TP,0.9999999999964029
0.14285714285714285,0.14285714285714285,0.14285714285714285,0.14285714285714285,0.14285714285714285,0.14285714285714285,0.14285714285714285,0.0,TP,0.9999999999964029
0.14285714285714285,0.14285714285714285,0.14285714285714285,0.14285714285714285,0.14285714285714285,0.14285714285714285,0.14285714285714285,0.0,TP,0.9999999999964029
0.12099865076769165,0.1373229012561086,0.05971929906418681,0.013305702226989664,0.09414838215079567,0.23282287878060254,0.341682185753625,0.0,TP,0.8647259785832292
0.3026905441974539,0.09727691938990653,0.06873647193248834,0.04868457833304849,0.06154055266635327,0.04402399019241026,0.1667346573847157,0.2103122859036233,TP,0.8921840523422516
0.14285714285714285,0.14285714285714285,0.14285714285714285,0.14285714285714285,0.14285714285714285,0.14285714285714285,0.14285714285714285,0.0,TP,0.9999999999964029
0.41398643145202974,0.0906999596594173,0.08536132687355434,0.003519520516454185,0.12455216056637297,0.2256481693229895,0.003504613347537001,0.05272781826164507,TP,0.7613125473986108
0.14285714285714285,0.14285714285714285,0.14285714285714285,0.14285714285714285,0.14285714285714285,0.14285714285714285,0.14285714285714285,0.0,TP,0.9999999999964029
0.18802024185460228,0.23967603533898585,0.00017767413575180664,0.023302841768247942,0.10047162605873165,0.25430965501585456,0.19404192582782592,0.0,TP,0.8443163560936544
0.14285714285714285,0.14285714285714285,0.14285714285714285,0.14285714285714285,0.14285714285714285,0.14285714285714285,0.14285714285714285,0.0,TP,0.9999999999964029
0.14285714285714285,0.14285714285714285,0.14285714285714285,0.14285714285714285,0.14285714285714285,0.14285714285714285,0.14285714285714285,0.0,TP,0.9999999999964029
0.14285714285714285,0.14285714285714285,0.14285714285714285,0.14285714285714285,0.14285714285714285,0.14285714285714285,0.14285714285714285,0.0,TP,0.9999999999964029
0.14285714285714285,0.14285714285714285,0.14285714285714285,0.14285714285714285,0.14285714285714285,0.14285714285714285,0.14285714285714285,0.0,TP,0.9999999999964029
0.14285714285714285,0.14285714285714285,0.14285714285714285,0.14285714285714285,0.14285714285714285,0.14285714285714285,0.14285714285714285,0.0,TP,0.9999999999964029
0.14285714285714285,0.14285714285714285,0.14285714285714285,0.14285714285714285,0.14285714285714285,0.14285714285714285,0.14285714285714285,0.0,TP,0.9999999999964029
0.14285714285714285,0.14285714285714285,0.14285714285714285,0.14285714285714285,0.14285714285714285,0.14285714285714285,0.14285714285714285,0.0,TP,0.9999999999964029
0.14285714285714285,0.14285714285714285,0.14285714285714285,0.14285714285714285,0.14285714285714285,0.14285714285714285,0.14285714285714285,0.0,TP,0.9999999999964029
0.14285714285714285,0.14285714285714285,0.14285714285714285,0.14285714285714285,0.14285714285714285,0.14285714285714285,0.14285714285714285,0.0,TP,0.9999999999964029
0.14285714285714285,0.14285714285714285,0.14285714285714285,0.14285714285714285,0.14285714285714285,0.14285714285714285,0.14285714285714285,0.0,TP,0.9999999999964029
0.14285714285714285,0.14285714285714285,0.14285714285714285,0.14285714285714285,0.14285714285714285,0.14285714285714285,0.14285714285714285,0.0,TP,0.9999999999964029
0.1329588238174491,0.13569138784432053,0.016447218911887544,0.16677887518790424,0.2948306240602101,0.03995713862510831,0.21333593155312014,0.0,TP,0.8859123199575237
0.20103004110197845,0.11578208143896597,0.18136905471462922,0.18754261602938538,0.017323563807506916,0.06880247829946926,0.22815016460806484,0.0,TP,0.9184594614912156
0.14285714285714285,0.14285714285714285,0.14285714285714285,0.14285714285714285,0.14285714285714285,0.14285714285714285,0.14285714285714285,0.0,TP,0.9999999999964029
0.14285714285714285,0.14285714285714285,0.14285714285714285,0.14285714285714285,0.14285714285714285,0.14285714285714285,0.14285714285714285,0.0,TP,0.9999999999964029
0.14285714285714285,0.14285714285714285,0.14285714285714285,0.14285714285714285,0.14285714285714285,0.14285714285714285,0.14285714285714285,0.0,TP,0.9999999999964029
0.14285714285714285,0.14285714285714285,0.14285714285714285,0.14285714285714285,0.14285714285714285,0.14285714285714285,0.14285714285714285,0.0,TP,0.9999999999964029
0.14285714285714285,0.14285714285714285,0.14285714285714285,0.14285714285714285,0.14285714285714285,0.14285714285714285,0.14285714285714285,0.0,TP,0.9999999999964029
0.14285714285714285,0.14285714285714285,0.14285714285714285,0.14285714285714285,0.14285714285714285,0.14285714285714285,0.14285714285714285,0.0,TP,0.9999999999964029
0.1968265461594645,0.02222636947066179,0.057015827645860016,0.243193210473423,0.1281615011619485,0.11371775687329247,0.0579091114276841,0.18094967678766566,TP,0.9120460896315871
0.14285714285714285,0.14285714285714285,0.14285714285714285,0.14285714285714285,0.14285714285714285,0.14285714285714285,0.14285714285714285,0.0,TP,0.9999999999964029
0.14285714285714285,0.14285714285714285,0.14285714285714285,0.14285714285714285,0.14285714285714285,0.14285714285714285,0.14285714285714285,0.0,TP,0.9999999999964029
0.14285714285714285,0.14285714285714285,0.14285714285714285,0.14285714285714285,0.14285714285714285,0.14285714285714285,0.14285714285714285,0.0,TP,0.9999999999964029
0.14285714285714285,0.14285714285714285,0.14285714285714285,0.14285714285714285,0.14285714285714285,0.14285714285714285,0.14285714285714285,0.0,TP,0.9999999999964029
0.14285714285714285,0.14285714285714285,0.14285714285714285,0.14285714285714285,0.14285714285714285,0.14285714285714285,0.14285714285714285,0.0,TP,0.9999999999964029
0.14285714285714285,0.14285714285714285,0.14285714285714285,0.14285714285714285,0.14285714285714285,0.14285714285714285,0.14285714285714285,0.0,TP,0.9999999999964029
0.14285714285714285,0.14285714285714285,0.14285714285714285,0.14285714285714285,0.14285714285714285,0.14285714285714285,0.14285714285714285,0.0,TP,0.9999999999964029
0.14285714285714285,0.14285714285714285,0.14285714285714285,0.14285714285714285,0.14285714285714285,0.14285714285714285,0.14285714285714285,0.0,TP,0.9999999999964029
0.13631877600010242,0.45164196389105155,0.09395411049492612,0.11327300072151478,0.046731953958534495,6.095272008886486e-05,0.001132063860624816,0.1568871783531572,TP,0.7413348701494417
0.14285714285714285,0.14285714285714285,0.14285714285714285,0.14285714285714285,0.14285714285714285,0.14285714285714285,0.14285714285714285,0.0,TP,0.9999999999964029
0.2510875814616032,0.239972535629142,0.13338447714277296,0.24047943554455,0.018343546258450732,0.06095201097243885,0.05578041299104219,0.0,TP,0.876595455501354
0.14285714285714285,0.14285714285714285,0.14285714285714285,0.14285714285714285,0.14285714285714285,0.14285714285714285,0.14285714285714285,0.0,TP,0.9999999999964029
0.14285714285714285,0.14285714285714285,0.14285714285714285,0.14285714285714285,0.14285714285714285,0.14285714285714285,0.14285714285714285,0.0,TP,0.9999999999964029
0.14285714285714285,0.14285714285714285,0.14285714285714285,0.14285714285714285,0.14285714285714285,0.14285714285714285,0.14285714285714285,0.0,TP,0.9999999999964029
0.14285714285714285,0.14285714285714285,0.14285714285714285,0.14285714285714285,0.14285714285714285,0.14285714285714285,0.14285714285714285,0.0,TP,0.9999999999964029
0.14285714285714285,0.14285714285714285,0.14285714285714285,0.14285714285714285,0.14285714285714285,0.14285714285714285,0.14285714285714285,0.0,TP,0.9999999999964029
0.14285714285714285,0.14285714285714285,0.14285714285714285,0.14285714285714285,0.14285714285714285,0.14285714285714285,0.14285714285714285,0.0,TP,0.9999999999964029
0.1306671710040491,0.3754024271022812,0.1318320034027724,0.12959569548248182,0.05170545003140357,0.08377099593316378,0.0644782658950346,0.032547991148813446,TP,0.872724459750289
0.14285714285714285,0.14285714285714285,0.14285714285714285,0.14285714285714285,0.14285714285714285,0.14285714285714285,0.14285714285714285,0.0,TP,0.9999999999964029
0.14285714285714285,0.14285714285714285,0.14285714285714285,0.14285714285714285,0.14285714285714285,0.14285714285714285,0.14285714285714285,0.0,TP,0.9999999999964029
0.14285714285714285,0.14285714285714285,0.14285714285714285,0.14285714285714285,0.14285714285714285,0.14285714285714285,0.14285714285714285,0.0,TP,0.9999999999964029
0.14285714285714285,0.14285714285714285,0.14285714285714285,0.14285714285714285,0.14285714285714285,0.14285714285714285,0.14285714285714285,0.0,TP,0.9999999999964029
0.20626421541456855,0.09710788118838933,0.23928920282972307,0.08631244625757095,0.035058426302846515,0.023626330682123886,0.06982178506542334,0.24251971225935443,TP,0.8853780391433894
0.14285714285714285,0.14285714285714285,0.14285714285714285,0.14285714285714285,0.14285714285714285,0.14285714285714285,0.14285714285714285,0.0,TP,0.9999999999964029
0.45405532668411513,0.09442856319684557,0.2718762642019208,0.042684179704817304,0.025204243459502503,0.005735981780453123,0.008740647260697308,0.09727479371164799,TP,0.7023647661613964
0.14285714285714285,0.14285714285714285,0.14285714285714285,0.14285714285714285,0.14285714285714285,0.14285714285714285,0.14285714285714285,0.0,TP,0.9999999999964029
0.14285714285714285,0.14285714285714285,0.14285714285714285,0.14285714285714285,0.14285714285714285,0.14285714285714285,0.14285714285714285,0.0,TP,0.9999999999964029
0.14285714285714285,0.14285714285714285,0.14285714285714285,0.14285714285714285,0.14285714285714285,0.14285714285714285,0.14285714285714285,0.0,TP,0.9999999999964029
0.14285714285714285,0.14285714285714285,0.14285714285714285,0.14285714285714285,0.14285714285714285,0.14285714285714285,0.14285714285714285,0.0,TP,0.9999999999964029
0.14285714285714285,0.14285714285714285,0.14285714285714285,0.14285714285714285,0.14285714285714285,0.14285714285714285,0.14285714285714285,0.0,TP,0.9999999999964029
0.20171048660790955,0.10899390470815533,0.1855895666708727,0.004258071032712621,0.08729662638319077,0.06829899895548197,0.2837988404039946,0.060053505237682554,TP,0.876599626734612
0.11132069424610622,0.13242028278129975,0.1520255697766043,0.09987190788656805,0.12958443593811847,0.003286767328749936,0.25896299669969847,0.11252734534285481,TP,0.9174880018975251
0.040368710233408725,0.12778132998780564,0.14355301788067285,0.01404834392725895,0.6028229490628854,0.0692285009057288,0.00219714800223961,0.0,TP,0.634384963124651
0.012220479098727904,0.1154934997372166,0.13372625062280288,0.003861480846030589,0.14564325806158146,0.08055825924417859,0.0800233823582967,0.4284733900311652,TP,0.7898147475602906
0.14285714285714285,0.14285714285714285,0.14285714285714285,0.14285714285714285,0.14285714285714285,0.14285714285714285,0.14285714285714285,0.0,TP,0.9999999999964029
0.14285714285714285,0.14285714285714285,0.14285714285714285,0.14285714285714285,0.14285714285714285,0.14285714285714285,0.14285714285714285,0.0,TP,0.9999999999964029
0.14285714285714285,0.14285714285714285,0.14285714285714285,0.14285714285714285,0.14285714285714285,0.14285714285714285,0.14285714285714285,0.0,TP,0.9999999999964029
0.14285714285714285,0.14285714285714285,0.14285714285714285,0.14285714285714285,0.14285714285714285,0.14285714285714285,0.14285714285714285,0.0,TP,0.9999999999964029
0.14285714285714285,0.14285714285714285,0.14285714285714285,0.14285714285714285,0.14285714285714285,0.14285714285714285,0.14285714285714285,0.0,TP,0.9999999999964029
0.3456790574042248,0.058970111461244465,0.04695823025997255,0.027898696156630414,0.11948254404133862,0.17569858835483765,0.11827288404591252,0.10703988827583909,TP,0.8793988609319604
0.10518809463259875,0.03370643006991232,0.10213745976299575,0.02734907671283264,0.10499283608009898,0.3064957190056272,0.006749144231721022,0.3133812395042134,TP,0.8074526901983899
0.14285714285714285,0.14285714285714285,0.14285714285714285,0.14285714285714285,0.14285714285714285,0.14285714285714285,0.14285714285714285,0.0,TP,0.9999999999964029
0.14285714285714285,0.14285714285714285,0.14285714285714285,0.14285714285714285,0.14285714285714285,0.14285714285714285,0.14285714285714285,0.0,TP,0.9999999999964029
0.49743165550840623,0.029465063206099214,0.04034631083032274,0.055996485893045615,0.0014594575319653298,0.3091509879185466,0.06615003911161436,0.0,TP,0.6651069670783193
0.14285714285714285,0.14285714285714285,0.14285714285714285,0.14285714285714285,0.14285714285714285,0.14285714285714285,0.14285714285714285,0.0,TP,0.9999999999964029
0.14285714285714285,0.14285714285714285,0.14285714285714285,0.14285714285714285,0.14285714285714285,0.14285714285714285,0.14285714285714285,0.0,TP,0.9999999999964029
0.14285714285714285,0.14285714285714285,0.14285714285714285,0.14285714285714285,0.14285714285714285,0.14285714285714285,0.14285714285714285,0.0,TP,0.9999999999964029
0.14285714285714285,0.14285714285714285,0.14285714285714285,0.14285714285714285,0.14285714285714285,0.14285714285714285,0.14285714285714285,0.0,TP,0.9999999999964029
0.14285714285714285,0.14285714285714285,0.14285714285714285,0.14285714285714285,0.14285714285714285,0.14285714285714285,0.14285714285714285,0.0,TP,0.9999999999964029
0.14285714285714285,0.14285714285714285,0.14285714285714285,0.14285714285714285,0.14285714285714285,0.14285714285714285,0.14285714285714285,0.0,TP,0.9999999999964029
0.36022336920485176,0.25426210054578896,0.021397326537263575,0.011084570461954983,0.033770871337575344,0.06657508897571539,0.25268667293685,0.0,TP,0.7659902061938623
0.14285714285714285,0.14285714285714285,0.14285714285714285,0.14285714285714285,0.14285714285714285,0.14285714285714285,0.14285714285714285,0.0,TP,0.9999999999964029
0.14285714285714285,0.14285714285714285,0.14285714285714285,0.14285714285714285,0.14285714285714285,0.14285714285714285,0.14285714285714285,0.0,TP,0.9999999999964029
0.14285714285714285,0.14285714285714285,0.14285714285714285,0.14285714285714285,0.14285714285714285,0.14285714285714285,0.14285714285714285,0.0,TP,0.9999999999964029
0.05561783367266747,0.2750521584225004,0.017787992793945016,0.47786619152134313,0.04945957350355292,0.08340269774140902,0.02052713112140714,0.020286421223174866,TP,0.6997044581891628
0.14285714285714285,0.14285714285714285,0.14285714285714285,0.14285714285714285,0.14285714285714285,0.14285714285714285,0.14285714285714285,0.0,TP,0.9999999999964029
0.14285714285714285,0.14285714285714285,0.14285714285714285,0.14285714285714285,0.14285714285714285,0.14285714285714285,0.14285714285714285,0.0,TP,0.9999999999964029
0.14285714285714285,0.14285714285714285,0.14285714285714285,0.14285714285714285,0.14285714285714285,0.14285714285714285,0.14285714285714285,0.0,TP,0.9999999999964029
0.14285714285714285,0.14285714285714285,0.14285714285714285,0.14285714285714285,0.14285714285714285,0.14285714285714285,0.14285714285714285,0.0,TP,0.9999999999964029
0.14285714285714285,0.14285714285714285,0.14285714285714285,0.14285714285714285,0.14285714285714285,0.14285714285714285,0.14285714285714285,0.0,TP,0.9999999999964029
0.14285714285714285,0.14285714285714285,0.14285714285714285,0.14285714285714285,0.14285714285714285,0.14285714285714285,0.14285714285714285,0.0,TP,0.9999999999964029
0.14285714285714285,0.14285714285714285,0.14285714285714285,0.14285714285714285,0.14285714285714285,0.14285714285714285,0.14285714285714285,0.0,TP,0.9999999999964029
0.14285714285714285,0.14285714285714285,0.14285714285714285,0.14285714285714285,0.14285714285714285,0.14285714285714285,0.14285714285714285,0.0,TP,0.9999999999964029
0.14285714285714285,0.14285714285714285,0.14285714285714285,0.14285714285714285,0.14285714285714285,0.14285714285714285,0.14285714285714285,0.0,TP,0.9999999999964029
0.14285714285714285,0.14285714285714285,0.14285714285714285,0.14285714285714285,0.14285714285714285,0.14285714285714285,0.14285714285714285,0.0,TP,0.9999999999964029
0.14285714285714285,0.14285714285714285,0.14285714285714285,0.14285714285714285,0.14285714285714285,0.14285714285714285,0.14285714285714285,0.0,TP,0.9999999999964029
0.14285714285714285,0.14285714285714285,0.14285714285714285,0.14285714285714285,0.14285714285714285,0.14285714285714285,0.14285714285714285,0.0,TP,0.9999999999964029
0.14285714285714285,0.14285714285714285,0.14285714285714285,0.14285714285714285,0.14285714285714285,0.14285714285714285,0.14285714285714285,0.0,TP,0.9999999999964029
0.0958894483682178,0.14047779670192712,0.5174970428952544,0.16607133630232448,0.025444302465058098,7.509265866174147e-06,0.05461256400135181,0.0,TP,0.7152838386605641
0.14285714285714285,0.14285714285714285,0.14285714285714285,0.14285714285714285,0.14285714285714285,0.14285714285714285,0.14285714285714285,0.0,TP,0.9999999999964029
0.14285714285714285,0.14285714285714285,0.14285714285714285,0.14285714285714285,0.14285714285714285,0.14285714285714285,0.14285714285714285,0.0,TP,0.9999999999964029
0.14285714285714285,0.14285714285714285,0.14285714285714285,0.14285714285714285,0.14285714285714285,0.14285714285714285,0.14285714285714285,0.0,TP,0.9999999999964029
0.14285714285714285,0.14285714285714285,0.14285714285714285,0.14285714285714285,0.14285714285714285,0.14285714285714285,0.14285714285714285,0.0,TP,0.9999999999964029
0.14285714285714285,0.14285714285714285,0.14285714285714285,0.14285714285714285,0.14285714285714285,0.14285714285714285,0.14285714285714285,0.0,TP,0.9999999999964029
0.16852411639601442,0.2705093842075847,0.046912868584687746,0.0881688981062818,0.04406580129413327,0.1791283443328915,0.026687731333861826,0.17600285574454483,TP,0.8942265298843776
0.28199186393965275,0.005298196009438961,0.003156983908348641,0.05760944776368724,0.09494580973671392,0.306391666364758,0.1010388584004489,0.1495671738769515,TP,0.8026624971436435
0.14285714285714285,0.14285714285714285,0.14285714285714285,0.14285714285714285,0.14285714285714285,0.14285714285714285,0.14285714285714285,0.0,TP,0.9999999999964029
0.14285714285714285,0.14285714285714285,0.14285714285714285,0.14285714285714285,0.14285714285714285,0.14285714285714285,0.14285714285714285,0.0,TP,0.9999999999964029
0.14285714285714285,0.14285714285714285,0.14285714285714285,0.14285714285714285,0.14285714285714285,0.14285714285714285,0.14285714285714285,0.0,TP,0.9999999999964029
0.14285714285714285,0.14285714285714285,0.14285714285714285,0.14285714285714285,0.14285714285714285,0.14285714285714285,0.14285714285714285,0.0,TP,0.9999999999964029
0.14285714285714285,0.14285714285714285,0.14285714285714285,0.14285714285714285,0.14285714285714285,0.14285714285714285,0.14285714285714285,0.0,TP,0.9999999999964029
0.14285714285714285,0.14285714285714285,0.14285714285714285,0.14285714285714285,0.14285714285714285,0.14285714285714285,0.14285714285714285,0.0,TP,0.9999999999964029
0.14285714285714285,0.14285714285714285,0.14285714285714285,0.14285714285714285,0.14285714285714285,0.14285714285714285,0.14285714285714285,0.0,TP,0.9999999999964029
0.14285714285714285,0.14285714285714285,0.14285714285714285,0.14285714285714285,0.14285714285714285,0.14285714285714285,0.14285714285714285,0.0,TP,0.9999999999964029
0.14285714285714285,0.14285714285714285,0.14285714285714285,0.14285714285714285,0.14285714285714285,0.14285714285714285,0.14285714285714285,0.0,TP,0.9999999999964029
0.14285714285714285,0.14285714285714285,0.14285714285714285,0.14285714285714285,0.14285714285714285,0.14285714285714285,0.14285714285714285,0.0,TP,0.9999999999964029
0.14285714285714285,0.14285714285714285,0.14285714285714285,0.14285714285714285,0.14285714285714285,0.14285714285714285,0.14285714285714285,0.0,TP,0.9999999999964029
0.14285714285714285,0.14285714285714285,0.14285714285714285,0.14285714285714285,0.14285714285714285,0.14285714285714285,0.14285714285714285,0.0,TP,0.9999999999964029
0.14285714285714285,0.14285714285714285,0.14285714285714285,0.14285714285714285,0.14285714285714285,0.14285714285714285,0.14285714285714285,0.0,TP,0.9999999999964029
0.14285714285714285,0.14285714285714285,0.14285714285714285,0.14285714285714285,0.14285714285714285,0.14285714285714285,0.14285714285714285,0.0,TP,0.9999999999964029
0.14285714285714285,0.14285714285714285,0.14285714285714285,0.14285714285714285,0.14285714285714285,0.14285714285714285,0.14285714285714285,0.0,TP,0.9999999999964029
0.10849994019327801,0.3488344192493498,0.11549552461091529,0.04810822116806618,0.19334412841801019,0.0846984822411615,0.10101928411921908,0.0,TP,0.9055008139888827
0.14285714285714285,0.14285714285714285,0.14285714285714285,0.14285714285714285,0.14285714285714285,0.14285714285714285,0.14285714285714285,0.0,TP,0.9999999999964029
0.14285714285714285,0.14285714285714285,0.14285714285714285,0.14285714285714285,0.14285714285714285,0.14285714285714285,0.14285714285714285,0.0,TP,0.9999999999964029
0.14285714285714285,0.14285714285714285,0.14285714285714285,0.14285714285714285,0.14285714285714285,0.14285714285714285,0.14285714285714285,0.0,TP,0.9999999999964029
0.14285714285714285,0.14285714285714285,0.14285714285714285,0.14285714285714285,0.14285714285714285,0.14285714285714285,0.14285714285714285,0.0,TP,0.9999999999964029
0.14285714285714285,0.14285714285714285,0.14285714285714285,0.14285714285714285,0.14285714285714285,0.14285714285714285,0.14285714285714285,0.0,TP,0.9999999999964029
0.14285714285714285,0.14285714285714285,0.14285714285714285,0.14285714285714285,0.14285714285714285,0.14285714285714285,0.14285714285714285,0.0,TP,0.9999999999964029
0.25242149299447936,0.5537847988444085,0.0480448115912876,0.007178636580365525,0.02961855333890238,0.05710349233849671,0.05184821431205982,0.0,TP,0.6563599059835568
0.14285714285714285,0.14285714285714285,0.14285714285714285,0.14285714285714285,0.14285714285714285,0.14285714285714285,0.14285714285714285,0.0,TP,0.9999999999964029
0.10643695474124718,0.059678724260731356,0.26486266199337294,0.31555733672599157,0.09849130423990474,0.15246601678576585,0.0025070012529864035,0.0,TP,0.8492515980883641
0.14285714285714285,0.14285714285714285,0.14285714285714285,0.14285714285714285,0.14285714285714285,0.14285714285714285,0.14285714285714285,0.0,TP,0.9999999999964029
0.14285714285714285,0.14285714285714285,0.14285714285714285,0.14285714285714285,0.14285714285714285,0.14285714285714285,0.14285714285714285,0.0,TP,0.9999999999964029
0.14285714285714285,0.14285714285714285,0.14285714285714285,0.14285714285714285,0.14285714285714285,0.14285714285714285,0.14285714285714285,0.0,TP,0.9999999999964029
0.0018450220247623855,0.2977830933537933,0.03244251481998086,0.04440233745807896,0.044005367180880085,0.23101988472204732,0.09736263474240468,0.2511391456980524,TP,0.8038733218312439
0.14285714285714285,0.14285714285714285,0.14285714285714285,0.14285714285714285,0.14285714285714285,0.14285714285714285,0.14285714285714285,0.0,TP,0.9999999999964029
0.14285714285714285,0.14285714285714285,0.14285714285714285,0.14285714285714285,0.14285714285714285,0.14285714285714285,0.14285714285714285,0.0,TP,0.9999999999964029
0.14285714285714285,0.14285714285714285,0.14285714285714285,0.14285714285714285,0.14285714285714285,0.14285714285714285,0.14285714285714285,0.0,TP,0.9999999999964029
0.14285714285714285,0.14285714285714285,0.14285714285714285,0.14285714285714285,0.14285714285714285,0.14285714285714285,0.14285714285714285,0.0,TP,0.9999999999964029
0.15642765129878303,0.04993910511032507,0.12382501477766869,0.04664240971032715,0.14658776004911567,0.07245660895911839,0.31243863414852535,0.09168281594613671,TP,0.9116309212509012
0.14285714285714285,0.14285714285714285,0.14285714285714285,0.14285714285714285,0.14285714285714285,0.14285714285714285,0.14285714285714285,0.0,TP,0.9999999999964029
0.14285714285714285,0.14285714285714285,0.14285714285714285,0.14285714285714285,0.14285714285714285,0.14285714285714285,0.14285714285714285,0.0,TP,0.9999999999964029
0.14285714285714285,0.14285714285714285,0.14285714285714285,0.14285714285714285,0.14285714285714285,0.14285714285714285,0.14285714285714285,0.0,TP,0.9999999999964029
0.13434161395568897,0.13324733639579756,0.008555715525755117,0.17092579758781387,0.022409293522657196,0.3385454453006225,0.1919747977116648,0.0,TP,0.8476996723928779
0.1699841869743078,0.14371000557516253,0.3698678583416662,0.18604202749601392,0.01865861002435382,0.012644875636204355,0.09909243595229131,0.0,TP,0.8322034260531128
0.14285714285714285,0.14285714285714285,0.14285714285714285,0.14285714285714285,0.14285714285714285,0.14285714285714285,0.14285714285714285,0.0,TP,0.9999999999964029
0.05113829647402515,0.1824444270858169,0.052442276987473814,0.11255270622872952,0.3827295047469558,0.0030429550570395636,0.012919858481024048,0.2027299749389351,TP,0.7828222729525526
0.14285714285714285,0.14285714285714285,0.14285714285714285,0.14285714285714285,0.14285714285714285,0.14285714285714285,0.14285714285714285,0.0,TP,0.9999999999964029
0.028898969242872278,0.08075866332220731,0.00010164223014468873,0.006221421513969587,0.015531426689823038,0.15715585430622675,0.49590134995770435,0.21543067273705202,TP,0.6598879156378322
0.14285714285714285,0.14285714285714285,0.14285714285714285,0.14285714285714285,0.14285714285714285,0.14285714285714285,0.14285714285714285,0.0,TP,0.9999999999964029
0.14285714285714285,0.14285714285714285,0.14285714285714285,0.14285714285714285,0.14285714285714285,0.14285714285714285,0.14285714285714285,0.0,TP,0.9999999999964029
0.14285714285714285,0.14285714285714285,0.14285714285714285,0.14285714285714285,0.14285714285714285,0.14285714285714285,0.14285714285714285,0.0,TP,0.9999999999964029
0.14285714285714285,0.14285714285714285,0.14285714285714285,0.14285714285714285,0.14285714285714285,0.14285714285714285,0.14285714285714285,0.0,TP,0.9999999999964029
0.14285714285714285,0.14285714285714285,0.14285714285714285,0.14285714285714285,0.14285714285714285,0.14285714285714285,0.14285714285714285,0.0,TP,0.9999999999964029
0.14285714285714285,0.14285714285714285,0.14285714285714285,0.14285714285714285,0.14285714285714285,0.14285714285714285,0.14285714285714285,0.0,TP,0.9999999999964029
0.443933880911447,0.1470071091955247,0.12679823444580182,0.026312484403955703,0.04917541052059394,0.16084920104489484,0.04592367947778196,0.0,TP,0.8137429650113783
0.06808598489192995,0.04086402116897038,0.6542280124941648,0.012644954819652481,0.08171538303648732,0.0612121820149699,0.08124946157382507,0.0,TP,0.6300727452038556
0.14285714285714285,0.14285714285714285,0.14285714285714285,0.14285714285714285,0.14285714285714285,0.14285714285714285,0.14285714285714285,0.0,TP,0.9999999999964029
0.2966673270408946,0.02551705842404259,0.21662470647798243,0.03612473580359789,0.047038351410203814,0.11693664396246771,0.22640912755288217,0.03468204932792886,TP,0.8430397620041484
0.14285714285714285,0.14285714285714285,0.14285714285714285,0.14285714285714285,0.14285714285714285,0.14285714285714285,0.14285714285714285,0.0,TP,0.9999999999964029
0.3628795319934011,0.04277225576323969,0.14238450136318245,0.030015927330620154,0.08322931238830908,0.15490957390586244,0.18380889725538507,0.0,TP,0.8698212422523989
0.14285714285714285,0.14285714285714285,0.14285714285714285,0.14285714285714285,0.14285714285714285,0.14285714285714285,0.14285714285714285,0.0,TP,0.9999999999964029
0.14285714285714285,0.14285714285714285,0.14285714285714285,0.14285714285714285,0.14285714285714285,0.14285714285714285,0.14285714285714285,0.0,TP,0.9999999999964029
0.14285714285714285,0.14285714285714285,0.14285714285714285,0.14285714285714285,0.14285714285714285,0.14285714285714285,0.14285714285714285,0.0,TP,0.9999999999964029
0.14285714285714285,0.14285714285714285,0.14285714285714285,0.14285714285714285,0.14285714285714285,0.14285714285714285,0.14285714285714285,0.0,TP,0.9999999999964029
0.14285714285714285,0.14285714285714285,0.14285714285714285,0.14285714285714285,0.14285714285714285,0.14285714285714285,0.14285714285714285,0.0,TP,0.9999999999964029
0.14285714285714285,0.14285714285714285,0.14285714285714285,0.14285714285714285,0.14285714285714285,0.14285714285714285,0.14285714285714285,0.0,TP,0.9999999999964029
0.14285714285714285,0.14285714285714285,0.14285714285714285,0.14285714285714285,0.14285714285714285,0.14285714285714285,0.14285714285714285,0.0,TP,0.9999999999964029
0.14285714285714285,0.14285714285714285,0.14285714285714285,0.14285714285714285,0.14285714285714285,0.14285714285714285,0.14285714285714285,0.0,TP,0.9999999999964029
0.14285714285714285,0.14285714285714285,0.14285714285714285,0.14285714285714285,0.14285714285714285,0.14285714285714285,0.14285714285714285,0.0,TP,0.9999999999964029
0.14285714285714285,0.14285714285714285,0.14285714285714285,0.14285714285714285,0.14285714285714285,0.14285714285714285,0.14285714285714285,0.0,TP,0.9999999999964029
0.04420082015224561,0.5490336810356689,0.007721661928486294,0.08532033446566695,0.03145634629339786,0.007606359393079347,0.10706516395611121,0.16759563277534378,TP,0.6728338948330175
0.2790147145932305,0.060645169429086494,0.01609258262484643,0.05591970230781932,0.10373033063039054,0.17588747678107206,0.002869529501525967,0.30584049413202846,TP,0.8048777639053898
0.14285714285714285,0.14285714285714285,0.14285714285714285,0.14285714285714285,0.14285714285714285,0.14285714285714285,0.14285714285714285,0.0,TP,0.9999999999964029
0.011490184175559302,0.07461369722396287,0.035330674058502994,0.3505996826695917,0.05533744373264476,0.035930431108172844,0.02077646830424035,0.41592141872732513,TP,0.6999870935304944
0.14285714285714285,0.14285714285714285,0.14285714285714285,0.14285714285714285,0.14285714285714285,0.14285714285714285,0.14285714285714285,0.0,TP,0.9999999999964029
0.14285714285714285,0.14285714285714285,0.14285714285714285,0.14285714285714285,0.14285714285714285,0.14285714285714285,0.14285714285714285,0.0,TP,0.9999999999964029
0.14285714285714285,0.14285714285714285,0.14285714285714285,0.14285714285714285,0.14285714285714285,0.14285714285714285,0.14285714285714285,0.0,TP,0.9999999999964029
0.23242216446011482,0.014680027633983605,0.12147497258942809,0.0067973879717894625,0.0801724976916997,0.44137239228999514,0.10308055736298916,0.0,TP,0.7650147920614522
0.14285714285714285,0.14285714285714285,0.14285714285714285,0.14285714285714285,0.14285714285714285,0.14285714285714285,0.14285714285714285,0.0,TP,0.9999999999964029
0.14285714285714285,0.14285714285714285,0.14285714285714285,0.14285714285714285,0.14285714285714285,0.14285714285714285,0.14285714285714285,0.0,TP,0.9999999999964029
0.14285714285714285,0.14285714285714285,0.14285714285714285,0.14285714285714285,0.14285714285714285,0.14285714285714285,0.14285714285714285,0.0,TP,0.9999999999964029
0.14285714285714285,0.14285714285714285,0.14285714285714285,0.14285714285714285,0.14285714285714285,0.14285714285714285,0.14285714285714285,0.0,TP,0.9999999999964029
0.14285714285714285,0.14285714285714285,0.14285714285714285,0.14285714285714285,0.14285714285714285,0.14285714285714285,0.14285714285714285,0.0,TP,0.9999999999964029
0.09114565884631083,0.05131339208295324,0.1826308948972488,0.2063940954393714,0.0011688561583101209,0.10655122377901183,0.3607958787967938,0.0,TP,0.8331343233766918
0.14285714285714285,0.14285714285714285,0.14285714285714285,0.14285714285714285,0.14285714285714285,0.14285714285714285,0.14285714285714285,0.0,TP,0.9999999999964029
0.14285714285714285,0.14285714285714285,0.14285714285714285,0.14285714285714285,0.14285714285714285,0.14285714285714285,0.14285714285714285,0.0,TP,0.9999999999964029
0.14285714285714285,0.14285714285714285,0.14285714285714285,0.14285714285714285,0.14285714285714285,0.14285714285714285,0.14285714285714285,0.0,TP,0.9999999999964029
0.14285714285714285,0.14285714285714285,0.14285714285714285,0.14285714285714285,0.14285714285714285,0.14285714285714285,0.14285714285714285,0.0,TP,0.9999999999964029
0.006955231778599901,0.1377066303438835,0.12270605457252129,0.15387029359217286,0.13426788688747526,0.032518888869820864,0.41197501395552644,0.0,TP,0.8218997245131798
0.16564670091514924,0.13739896501972632,0.24601631436789367,0.14548436381896726,0.14785408076584483,0.008777343782664286,0.06443035780318582,0.08439187352656863,TP,0.9163510854915602
0.05182655198050915,0.027491105045366823,0.03966670130241657,0.18030658262531615,0.09748192014151187,0.583725401511119,0.004672082329247906,0.014829655064512481,TP,0.6337262331995576
0.14285714285714285,0.14285714285714285,0.14285714285714285,0.14285714285714285,0.14285714285714285,0.14285714285714285,0.14285714285714285,0.0,TP,0.9999999999964029
0.14285714285714285,0.14285714285714285,0.14285714285714285,0.14285714285714285,0.14285714285714285,0.14285714285714285,0.14285714285714285,0.0,TP,0.9999999999964029
0.22685829366699742,0.05896855844715173,0.07550167234310975,0.08023287396163502,0.1258997135274951,0.3460298226047663,0.07435155102217968,0.012157514426665022,TP,0.8540258614228668
0.14285714285714285,0.14285714285714285,0.14285714285714285,0.14285714285714285,0.14285714285714285,0.14285714285714285,0.14285714285714285,0.0,TP,0.9999999999964029
0.14285714285714285,0.14285714285714285,0.14285714285714285,0.14285714285714285,0.14285714285714285,0.14285714285714285,0.14285714285714285,0.0,TP,0.9999999999964029
0.14285714285714285,0.14285714285714285,0.14285714285714285,0.14285714285714285,0.14285714285714285,0.14285714285714285,0.14285714285714285,0.0,TP,0.9999999999964029
0.17970914111402608,0.40915165256234154,0.01801249024932068,0.01975636145635539,0.14518138765934266,0.009430698022592223,0.004161451309896325,0.21459681762612517,TP,0.7219282046038915
0.14285714285714285,0.14285714285714285,0.14285714285714285,0.14285714285714285,0.14285714285714285,0.14285714285714285,0.14285714285714285,0.0,TP,0.9999999999964029
0.14285714285714285,0.14285714285714285,0.14285714285714285,0.14285714285714285,0.14285714285714285,0.14285714285714285,0.14285714285714285,0.0,TP,0.9999999999964029
0.1492362941364091,0.07220475119781904,0.041308462716836886,0.001892326242060073,0.17014524762034353,0.26972839047254665,0.29548452761398464,0.0,TP,0.8387705868766023
0.14285714285714285,0.14285714285714285,0.14285714285714285,0.14285714285714285,0.14285714285714285,0.14285714285714285,0.14285714285714285,0.0,TP,0.9999999999964029
0.14285714285714285,0.14285714285714285,0.14285714285714285,0.14285714285714285,0.14285714285714285,0.14285714285714285,0.14285714285714285,0.0,TP,0.9999999999964029
0.14285714285714285,0.14285714285714285,0.14285714285714285,0.14285714285714285,0.14285714285714285,0.14285714285714285,0.14285714285714285,0.0,TP,0.9999999999964029
0.14285714285714285,0.14285714285714285,0.14285714285714285,0.14285714285714285,0.14285714285714285,0.14285714285714285,0.14285714285714285,0.0,TP,0.9999999999964029
0.14285714285714285,0.14285714285714285,0.14285714285714285,0.14285714285714285,0.14285714285714285,0.14285714285714285,0.14285714285714285,0.0,TP,0.9999999999964029
0.14285714285714285,0.14285714285714285,0.14285714285714285,0.14285714285714285,0.14285714285714285,0.14285714285714285,0.14285714285714285,0.0,TP,0.9999999999964029
0.0009854349329166056,0.4038167702534269,0.010385189747074423,0.18629977447935334,0.1462659423804547,0.16086108651092354,0.015075803490998851,0.07630999820485189,TP,0.7541302764038543
0.14285714285714285,0.14285714285714285,0.14285714285714285,0.14285714285714285,0.14285714285714285,0.14285714285714285,0.14285714285714285,0.0,TP,0.9999999999964029
0.14285714285714285,0.14285714285714285,0.14285714285714285,0.14285714285714285,0.14285714285714285,0.14285714285714285,0.14285714285714285,0.0,TP,0.9999999999964029
0.14285714285714285,0.14285714285714285,0.14285714285714285,0.14285714285714285,0.14285714285714285,0.14285714285714285,0.14285714285714285,0.0,TP,0.9999999999964029
0.14285714285714285,0.14285714285714285,0.14285714285714285,0.14285714285714285,0.14285714285714285,0.14285714285714285,0.14285714285714285,0.0,TP,0.9999999999964029
0.14285714285714285,0.14285714285714285,0.14285714285714285,0.14285714285714285,0.14285714285714285,0.14285714285714285,0.14285714285714285,0.0,TP,0.9999999999964029
0.14285714285714285,0.14285714285714285,0.14285714285714285,0.14285714285714285,0.14285714285714285,0.14285714285714285,0.14285714285714285,0.0,TP,0.9999999999964029
0.14285714285714285,0.14285714285714285,0.14285714285714285,0.14285714285714285,0.14285714285714285,0.14285714285714285,0.14285714285714285,0.0,TP,0.9999999999964029
0.14285714285714285,0.14285714285714285,0.14285714285714285,0.14285714285714285,0.14285714285714285,0.14285714285714285,0.14285714285714285,0.0,TP,0.9999999999964029
0.14285714285714285,0.14285714285714285,0.14285714285714285,0.14285714285714285,0.14285714285714285,0.14285714285714285,0.14285714285714285,0.0,TP,0.9999999999964029
0.14285714285714285,0.14285714285714285,0.14285714285714285,0.14285714285714285,0.14285714285714285,0.14285714285714285,0.14285714285714285,0.0,TP,0.9999999999964029
0.14285714285714285,0.14285714285714285,0.14285714285714285,0.14285714285714285,0.14285714285714285,0.14285714285714285,0.14285714285714285,0.0,TP,0.9999999999964029
0.43642260192382243,0.002602832348008376,0.31251097718271736,0.03016985299511165,0.02808945029385764,0.12231658321892751,0.06788770203755509,0.0,TP,0.7124773843909019
0.14285714285714285,0.14285714285714285,0.14285714285714285,0.14285714285714285,0.14285714285714285,0.14285714285714285,0.14285714285714285,0.0,TP,0.9999999999964029
0.14285714285714285,0.14285714285714285,0.14285714285714285,0.14285714285714285,0.14285714285714285,0.14285714285714285,0.14285714285714285,0.0,TP,0.9999999999964029
0.14285714285714285,0.14285714285714285,0.14285714285714285,0.14285714285714285,0.14285714285714285,0.14285714285714285,0.14285714285714285,0.0,TP,0.9999999999964029
0.14285714285714285,0.14285714285714285,0.14285714285714285,0.14285714285714285,0.14285714285714285,0.14285714285714285,0.14285714285714285,0.0,TP,0.9999999999964029
0.14285714285714285,0.14285714285714285,0.14285714285714285,0.14285714285714285,0.14285714285714285,0.14285714285714285,0.14285714285714285,0.0,TP,0.9999999999964029
0.14285714285714285,0.14285714285714285,0.14285714285714285,0.14285714285714285,0.14285714285714285,0.14285714285714285,0.14285714285714285,0.0,TP,0.9999999999964029
0.01515732087954292,0.17136059091605654,0.05409716144624266,0.2529326644913861,0.10125821803852071,0.0896669292748872,0.31552711495336383,0.0,TP,0.8650779678743253
0.14285714285714285,0.14285714285714285,0.14285714285714285,0.14285714285714285,0.14285714285714285,0.14285714285714285,0.14285714285714285,0.0,TP,0.9999999999964029
0.14285714285714285,0.14285714285714285,0.14285714285714285,0.14285714285714285,0.14285714285714285,0.14285714285714285,0.14285714285714285,0.0,TP,0.9999999999964029
0.14285714285714285,0.14285714285714285,0.14285714285714285,0.14285714285714285,0.14285714285714285,0.14285714285714285,0.14285714285714285,0.0,TP,0.9999999999964029
0.001582515692824439,0.5765945354754054,0.03944027546787325,0.08632986626019588,0.06022642016767028,0.19668900162586553,0.03262130151999716,0.006516083790167814,TP,0.6252543388035318
0.14977285608044882,0.13033199478490623,0.05269210972258228,0.09342814909637684,0.018522631577919977,0.2087138542059745,0.32682998547827397,0.019708419053517192,TP,0.8513269529476439
0.14285714285714285,0.14285714285714285,0.14285714285714285,0.14285714285714285,0.14285714285714285,0.14285714285714285,0.14285714285714285,0.0,TP,0.9999999999964029
0.14285714285714285,0.14285714285714285,0.14285714285714285,0.14285714285714285,0.14285714285714285,0.14285714285714285,0.14285714285714285,0.0,TP,0.9999999999964029
0.14285714285714285,0.14285714285714285,0.14285714285714285,0.14285714285714285,0.14285714285714285,0.14285714285714285,0.14285714285714285,0.0,TP,0.9999999999964029
0.14285714285714285,0.14285714285714285,0.14285714285714285,0.14285714285714285,0.14285714285714285,0.14285714285714285,0.14285714285714285,0.0,TP,0.9999999999964029
0.14285714285714285,0.14285714285714285,0.14285714285714285,0.14285714285714285,0.14285714285714285,0.14285714285714285,0.14285714285714285,0.0,TP,0.9999999999964029
0.14285714285714285,0.14285714285714285,0.14285714285714285,0.14285714285714285,0.14285714285714285,0.14285714285714285,0.14285714285714285,0.0,TP,0.9999999999964029
0.14285714285714285,0.14285714285714285,0.14285714285714285,0.14285714285714285,0.14285714285714285,0.14285714285714285,0.14285714285714285,0.0,TP,0.9999999999964029
0.14285714285714285,0.14285714285714285,0.14285714285714285,0.14285714285714285,0.14285714285714285,0.14285714285714285,0.14285714285714285,0.0,TP,0.9999999999964029
0.14285714285714285,0.14285714285714285,0.14285714285714285,0.14285714285714285,0.14285714285714285,0.14285714285714285,0.14285714285714285,0.0,TP,0.9999999999964029
0.14285714285714285,0.14285714285714285,0.14285714285714285,0.14285714285714285,0.14285714285714285,0.14285714285714285,0.14285714285714285,0.0,TP,0.9999999999964029
0.14285714285714285,0.14285714285714285,0.14285714285714285,0.14285714285714285,0.14285714285714285,0.14285714285714285,0.14285714285714285,0.0,TP,0.9999999999964029
0.14285714285714285,0.14285714285714285,0.14285714285714285,0.14285714285714285,0.14285714285714285,0.14285714285714285,0.14285714285714285,0.0,TP,0.9999999999964029
0.14285714285714285,0.14285714285714285,0.14285714285714285,0.14285714285714285,0.14285714285714285,0.14285714285714285,0.14285714285714285,0.0,TP,0.9999999999964029
0.14285714285714285,0.14285714285714285,0.14285714285714285,0.14285714285714285,0.14285714285714285,0.14285714285714285,0.14285714285714285,0.0,TP,0.9999999999964029
0.14285714285714285,0.14285714285714285,0.14285714285714285,0.14285714285714285,0.14285714285714285,0.14285714285714285,0.14285714285714285,0.0,TP,0.9999999999964029
0.14285714285714285,0.14285714285714285,0.14285714285714285,0.14285714285714285,0.14285714285714285,0.14285714285714285,0.14285714285714285,0.0,TP,0.9999999999964029
0.14285714285714285,0.14285714285714285,0.14285714285714285,0.14285714285714285,0.14285714285714285,0.14285714285714285,0.14285714285714285,0.0,TP,0.9999999999964029
0.1257206324776319,0.185494731313335,0.00567111190931715,0.12422362297965833,0.03605241474778679,0.1870746067951331,0.2843471261040807,0.05141575367305696,TP,0.8681131137602631
0.3356253048239102,0.42473374995081564,0.04891691243597298,0.004633426810677193,0.046363192555762364,0.09214974125544909,0.04757767216741256,0.0,TP,0.724409616323554
0.14285714285714285,0.14285714285714285,0.14285714285714285,0.14285714285714285,0.14285714285714285,0.14285714285714285,0.14285714285714285,0.0,TP,0.9999999999964029
0.14285714285714285,0.14285714285714285,0.14285714285714285,0.14285714285714285,0.14285714285714285,0.14285714285714285,0.14285714285714285,0.0,TP,0.9999999999964029
0.004679092931252401,0.22104084208421246,0.44799132020667803,0.15285519151704996,0.022507270375566303,0.08437365140023873,0.06655263148500204,0.0,TP,0.7605284354030126
0.02598268530108147,0.034994657706916,0.7477905431090355,0.004325251135005488,0.022648942624846288,0.010408643299375395,0.15384927682373986,0.0,TP,0.44931041950904055
0.10056257654950142,0.05454130645482527,0.17434892010978745,0.04027607721845563,0.12767569950816884,0.19396616176653414,0.16080900263416575,0.1478202557585615,TP,0.9526260652887972
0.14285714285714285,0.14285714285714285,0.14285714285714285,0.14285714285714285,0.14285714285714285,0.14285714285714285,0.14285714285714285,0.0,TP,0.9999999999964029
0.14285714285714285,0.14285714285714285,0.14285714285714285,0.14285714285714285,0.14285714285714285,0.14285714285714285,0.14285714285714285,0.0,TP,0.9999999999964029
0.14285714285714285,0.14285714285714285,0.14285714285714285,0.14285714285714285,0.14285714285714285,0.14285714285714285,0.14285714285714285,0.0,TP,0.9999999999964029
0.14285714285714285,0.14285714285714285,0.14285714285714285,0.14285714285714285,0.14285714285714285,0.14285714285714285,0.14285714285714285,0.0,TP,0.9999999999964029
0.11278752405124852,0.5134729967656837,0.04144822741714473,0.0021441521134280606,0.08958541460936581,0.15724594078387957,0.08331574425924951,0.0,TP,0.7439112547068865
0.14285714285714285,0.14285714285714285,0.14285714285714285,0.14285714285714285,0.14285714285714285,0.14285714285714285,0.14285714285714285,0.0,TP,0.9999999999964029
0.14285714285714285,0.14285714285714285,0.14285714285714285,0.14285714285714285,0.14285714285714285,0.14285714285714285,0.14285714285714285,0.0,TP,0.9999999999964029
0.14285714285714285,0.14285714285714285,0.14285714285714285,0.14285714285714285,0.14285714285714285,0.14285714285714285,0.14285714285714285,0.0,TP,0.9999999999964029
0.15575683919599445,0.02047017856960967,0.1064539129858529,0.014519968027317995,0.38759291098015364,0.2816330802603194,0.03357310998075194,0.0,TP,0.7746096769221895
0.14285714285714285,0.14285714285714285,0.14285714285714285,0.14285714285714285,0.14285714285714285,0.14285714285714285,0.14285714285714285,0.0,TP,0.9999999999964029
0.02839617997180131,0.020091194671100692,0.025391606385747598,0.16548137034734126,0.002580615952197256,0.7400664421554148,0.017992590516397084,0.0,TP,0.45276307843193386
0.14285714285714285,0.14285714285714285,0.14285714285714285,0.14285714285714285,0.14285714285714285,0.14285714285714285,0.14285714285714285,0.0,TP,0.9999999999964029
0.14285714285714285,0.14285714285714285,0.14285714285714285,0.14285714285714285,0.14285714285714285,0.14285714285714285,0.14285714285714285,0.0,TP,0.9999999999964029
0.14285714285714285,0.14285714285714285,0.14285714285714285,0.14285714285714285,0.14285714285714285,0.14285714285714285,0.14285714285714285,0.0,TP,0.9999999999964029
0.14285714285714285,0.14285714285714285,0.14285714285714285,0.14285714285714285,0.14285714285714285,0.14285714285714285,0.14285714285714285,0.0,TP,0.9999999999964029
0.14285714285714285,0.14285714285714285,0.14285714285714285,0.14285714285714285,0.14285714285714285,0.14285714285714285,0.14285714285714285,0.0,TP,0.9999999999964029
0.14285714285714285,0.14285714285714285,0.14285714285714285,0.14285714285714285,0.14285714285714285,0.14285714285714285,0.14285714285714285,0.0,TP,0.9999999999964029
0.14285714285714285,0.14285714285714285,0.14285714285714285,0.14285714285714285,0.14285714285714285,0.14285714285714285,0.14285714285714285,0.0,TP,0.9999999999964029
0.14285714285714285,0.14285714285714285,0.14285714285714285,0.14285714285714285,0.14285714285714285,0.14285714285714285,0.14285714285714285,0.0,TP,0.9999999999964029
0.14285714285714285,0.14285714285714285,0.14285714285714285,0.14285714285714285,0.14285714285714285,0.14285714285714285,0.14285714285714285,0.0,TP,0.9999999999964029
0.14285714285714285,0.14285714285714285,0.14285714285714285,0.14285714285714285,0.14285714285714285,0.14285714285714285,0.14285714285714285,0.0,TP,0.9999999999964029
0.14285714285714285,0.14285714285714285,0.14285714285714285,0.14285714285714285,0.14285714285714285,0.14285714285714285,0.14285714285714285,0.0,TP,0.9999999999964029
0.2533221719732044,0.06035804071675006,0.04175434486606579,0.029300776806724816,0.1760588967790205,0.1624121699291326,0.20950958905356232,0.06728400987553947,TP,0.8961005392162523
0.14285714285714285,0.14285714285714285,0.14285714285714285,0.14285714285714285,0.14285714285714285,0.14285714285714285,0.14285714285714285,0.0,TP,0.9999999999964029
0.14285714285714285,0.14285714285714285,0.14285714285714285,0.14285714285714285,0.14285714285714285,0.14285714285714285,0.14285714285714285,0.0,TP,0.9999999999964029
0.14285714285714285,0.14285714285714285,0.14285714285714285,0.14285714285714285,0.14285714285714285,0.14285714285714285,0.14285714285714285,0.0,TP,0.9999999999964029
0.14285714285714285,0.14285714285714285,0.14285714285714285,0.14285714285714285,0.14285714285714285,0.14285714285714285,0.14285714285714285,0.0,TP,0.9999999999964029
0.14285714285714285,0.14285714285714285,0.14285714285714285,0.14285714285714285,0.14285714285714285,0.14285714285714285,0.14285714285714285,0.0,TP,0.9999999999964029
0.14285714285714285,0.14285714285714285,0.14285714285714285,0.14285714285714285,0.14285714285714285,0.14285714285714285,0.14285714285714285,0.0,TP,0.9999999999964029
0.14285714285714285,0.14285714285714285,0.14285714285714285,0.14285714285714285,0.14285714285714285,0.14285714285714285,0.14285714285714285,0.0,TP,0.9999999999964029
0.5616781158996772,0.015727286008955225,0.05680326984061454,0.07599505428801852,0.014584577272785101,0.13416404161657933,0.14104765507337005,0.0,TP,0.6965797951907793
0.14285714285714285,0.14285714285714285,0.14285714285714285,0.14285714285714285,0.14285714285714285,0.14285714285714285,0.14285714285714285,0.0,TP,0.9999999999964029
0.14285714285714285,0.14285714285714285,0.14285714285714285,0.14285714285714285,0.14285714285714285,0.14285714285714285,0.14285714285714285,0.0,TP,0.9999999999964029
0.14285714285714285,0.14285714285714285,0.14285714285714285,0.14285714285714285,0.14285714285714285,0.14285714285714285,0.14285714285714285,0.0,TP,0.9999999999964029
0.15421044535739264,0.032825228300522785,0.35023666471374026,0.020250354110164175,0.20978538404641262,0.007687753877258019,0.22500416959450945,0.0,TP,0.795267119674095
0.1154046537821961,0.13307969089224578,0.030745160547215183,0.17479656185439432,0.44130232818667614,0.09840648819740382,0.006265116539868669,0.0,TP,0.7967799177099484
0.14285714285714285,0.14285714285714285,0.14285714285714285,0.14285714285714285,0.14285714285714285,0.14285714285714285,0.14285714285714285,0.0,TP,0.9999999999964029
0.14285714285714285,0.14285714285714285,0.14285714285714285,0.14285714285714285,0.14285714285714285,0.14285714285714285,0.14285714285714285,0.0,TP,0.9999999999964029
0.5509501728544152,0.06372472600277718,0.04668051902044074,0.13515847010479662,0.0011948950330191296,0.1656429936729979,0.036648223311553256,0.0,TP,0.6909072840131054
0.14285714285714285,0.14285714285714285,0.14285714285714285,0.14285714285714285,0.14285714285714285,0.14285714285714285,0.14285714285714285,0.0,TP,0.9999999999964029
0.14285714285714285,0.14285714285714285,0.14285714285714285,0.14285714285714285,0.14285714285714285,0.14285714285714285,0.14285714285714285,0.0,TP,0.9999999999964029
0.023027722261626315,0.12914537202252613,0.1829017840250956,0.020849832439523756,0.08885564851242268,0.2894505492000556,0.2589897444569703,0.0067793470817795395,TP,0.8176611082288227
0.579534191374318,0.04888143886036314,0.07089782089920486,0.0502318981665952,0.028969003377888682,0.04490300923192341,0.17658263808970673,0.0,TP,0.6936109390227316
0.23925373643338782,0.10035175720126205,0.05320663166337726,0.24204552270590565,0.024899501206345664,0.09733584504150757,0.242907005748214,0.0,TP,0.8915100745024123
0.02263502920171012,0.006693672303220236,0.8065335604871021,0.016219039275993496,0.13053591815418594,0.009917520467488198,0.00746526011029994,0.0,TP,0.3636449718866825
0.12010531254467548,0.20092853144265416,0.00018006665030412925,0.006181635036114698,0.0020731155422929644,0.4999685401748857,0.1705627986090729,0.0,TP,0.6531919755481903
0.14285714285714285,0.14285714285714285,0.14285714285714285,0.14285714285714285,0.14285714285714285,0.14285714285714285,0.14285714285714285,0.0,TP,0.9999999999964029
0.04491920648706306,0.08467622811870802,0.11427095188921332,0.10031839669835234,0.2581194329139085,0.04195689558217729,0.05327489065364486,0.30246399765693266,TP,0.878849901673706
0.14285714285714285,0.14285714285714285,0.14285714285714285,0.14285714285714285,0.14285714285714285,0.14285714285714285,0.14285714285714285,0.0,TP,0.9999999999964029
0.14285714285714285,0.14285714285714285,0.14285714285714285,0.14285714285714285,0.14285714285714285,0.14285714285714285,0.14285714285714285,0.0,TP,0.9999999999964029
0.2932626576338461,0.026914738804916148,0.03314838825807932,0.01244946301897609,0.054616388997292445,0.14751747002476687,0.368663786395127,0.06342710686699606,TP,0.7735193672519264
0.14285714285714285,0.14285714285714285,0.14285714285714285,0.14285714285714285,0.14285714285714285,0.14285714285714285,0.14285714285714285,0.0,TP,0.9999999999964029
0.14285714285714285,0.14285714285714285,0.14285714285714285,0.14285714285714285,0.14285714285714285,0.14285714285714285,0.14285714285714285,0.0,TP,0.9999999999964029
0.14285714285714285,0.14285714285714285,0.14285714285714285,0.14285714285714285,0.14285714285714285,0.14285714285714285,0.14285714285714285,0.0,TP,0.9999999999964029
0.23592236074453785,0.43917919928170845,0.048467724272670626,0.012731397347574407,0.1901477599011346,0.011801163649391964,0.06175039480298202,0.0,TP,0.7422499622473416
0.14285714285714285,0.14285714285714285,0.14285714285714285,0.14285714285714285,0.14285714285714285,0.14285714285714285,0.14285714285714285,0.0,TP,0.9999999999964029
0.0835664662040222,0.04095679250630204,0.05416940779966015,0.010597421978496106,0.3164668100667173,0.02949695779731175,0.21861372369333212,0.24613241995415833,TP,0.8126669279973577
0.011472288004858012,0.056623597521427566,0.3028615522104503,0.09843514548467815,0.1427075280731798,0.06517934742465355,0.100073893746412,0.22264664753434077,TP,0.877371959129026
0.14285714285714285,0.14285714285714285,0.14285714285714285,0.14285714285714285,0.14285714285714285,0.14285714285714285,0.14285714285714285,0.0,TP,0.9999999999964029
0.14285714285714285,0.14285714285714285,0.14285714285714285,0.14285714285714285,0.14285714285714285,0.14285714285714285,0.14285714285714285,0.0,TP,0.9999999999964029
0.14285714285714285,0.14285714285714285,0.14285714285714285,0.14285714285714285,0.14285714285714285,0.14285714285714285,0.14285714285714285,0.0,TP,0.9999999999964029
0.12961759688638358,0.30788648346119524,0.1553232601215131,0.05883113838615541,0.0005728108482216472,0.012302620057128425,0.12242553678903675,0.21304055345036585,TP,0.8311738389122048
0.14285714285714285,0.14285714285714285,0.14285714285714285,0.14285714285714285,0.14285714285714285,0.14285714285714285,0.14285714285714285,0.0,TP,0.9999999999964029
0.14285714285714285,0.14285714285714285,0.14285714285714285,0.14285714285714285,0.14285714285714285,0.14285714285714285,0.14285714285714285,0.0,TP,0.9999999999964029
0.14285714285714285,0.14285714285714285,0.14285714285714285,0.14285714285714285,0.14285714285714285,0.14285714285714285,0.14285714285714285,0.0,TP,0.9999999999964029
0.14285714285714285,0.14285714285714285,0.14285714285714285,0.14285714285714285,0.14285714285714285,0.14285714285714285,0.14285714285714285,0.0,TP,0.9999999999964029
0.14285714285714285,0.14285714285714285,0.14285714285714285,0.14285714285714285,0.14285714285714285,0.14285714285714285,0.14285714285714285,0.0,TP,0.9999999999964029
0.07518843011673355,0.08590775317415227,0.006615341981575709,0.37923832689291015,0.32166117356139323,0.03414989362438333,0.09723908064885178,0.0,TP,0.7775932080290846
0.5196450906076152,0.07740691694596637,0.1409293534052943,0.20867076447318653,0.028687105043771633,0.009788341827181532,0.014872427696984524,0.0,TP,0.6943337260892561
0.14285714285714285,0.14285714285714285,0.14285714285714285,0.14285714285714285,0.14285714285714285,0.14285714285714285,0.14285714285714285,0.0,TP,0.9999999999964029
0.14285714285714285,0.14285714285714285,0.14285714285714285,0.14285714285714285,0.14285714285714285,0.14285714285714285,0.14285714285714285,0.0,TP,0.9999999999964029
0.030094485098135632,0.23857436572271043,0.04766755532141289,0.2778639311371101,0.1240664347160708,0.09944602279736775,0.18228720520719247,0.0,TP,0.897771268959827
0.14285714285714285,0.14285714285714285,0.14285714285714285,0.14285714285714285,0.14285714285714285,0.14285714285714285,0.14285714285714285,0.0,TP,0.9999999999964029
0.14285714285714285,0.14285714285714285,0.14285714285714285,0.14285714285714285,0.14285714285714285,0.14285714285714285,0.14285714285714285,0.0,TP,0.9999999999964029
0.14285714285714285,0.14285714285714285,0.14285714285714285,0.14285714285714285,0.14285714285714285,0.14285714285714285,0.14285714285714285,0.0,TP,0.9999999999964029
0.14285714285714285,0.14285714285714285,0.14285714285714285,0.14285714285714285,0.14285714285714285,0.14285714285714285,0.14285714285714285,0.0,TN,0.9999999999964029
0.14285714285714285,0.14285714285714285,0.14285714285714285,0.14285714285714285,0.14285714285714285,0.14285714285714285,0.14285714285714285,0.0,TN,0.9999999999964029
0.14285714285714285,0.14285714285714285,0.14285714285714285,0.14285714285714285,0.14285714285714285,0.14285714285714285,0.14285714285714285,0.0,TN,0.9999999999964029
0.14285714285714285,0.14285714285714285,0.14285714285714285,0.14285714285714285,0.14285714285714285,0.14285714285714285,0.14285714285714285,0.0,TN,0.9999999999964029
0.14285714285714285,0.14285714285714285,0.14285714285714285,0.14285714285714285,0.14285714285714285,0.14285714285714285,0.14285714285714285,0.0,TN,0.9999999999964029
0.14285714285714285,0.14285714285714285,0.14285714285714285,0.14285714285714285,0.14285714285714285,0.14285714285714285,0.14285714285714285,0.0,TN,0.9999999999964029
0.14285714285714285,0.14285714285714285,0.14285714285714285,0.14285714285714285,0.14285714285714285,0.14285714285714285,0.14285714285714285,0.0,TN,0.9999999999964029
0.14285714285714285,0.14285714285714285,0.14285714285714285,0.14285714285714285,0.14285714285714285,0.14285714285714285,0.14285714285714285,0.0,TN,0.9999999999964029
0.04763921058501519,0.0844164302807728,0.11796662815969695,0.44758076311466793,0.01845701381153075,0.24153873306435428,0.04240122098396211,0.0,TN,0.7793267556424474
0.02885947216600725,0.13516079797843356,0.14853491468250493,0.23710566636640656,0.060472989176936956,0.27538382179219867,0.08947491590857581,0.02500742192893637,TN,0.8801985314082594
0.14285714285714285,0.14285714285714285,0.14285714285714285,0.14285714285714285,0.14285714285714285,0.14285714285714285,0.14285714285714285,0.0,TN,0.9999999999964029
0.14285714285714285,0.14285714285714285,0.14285714285714285,0.14285714285714285,0.14285714285714285,0.14285714285714285,0.14285714285714285,0.0,TN,0.9999999999964029
0.34546795710654976,0.02621682904958236,0.04480650818094059,0.12757919860390796,0.287346524582689,0.014858828843853948,0.012275287241149131,0.14144886639132712,TN,0.7771423613294642
0.14285714285714285,0.14285714285714285,0.14285714285714285,0.14285714285714285,0.14285714285714285,0.14285714285714285,0.14285714285714285,0.0,TN,0.9999999999964029
0.14285714285714285,0.14285714285714285,0.14285714285714285,0.14285714285714285,0.14285714285714285,0.14285714285714285,0.14285714285714285,0.0,TN,0.9999999999964029
0.14285714285714285,0.14285714285714285,0.14285714285714285,0.14285714285714285,0.14285714285714285,0.14285714285714285,0.14285714285714285,0.0,TN,0.9999999999964029
0.14285714285714285,0.14285714285714285,0.14285714285714285,0.14285714285714285,0.14285714285714285,0.14285714285714285,0.14285714285714285,0.0,TN,0.9999999999964029
0.14285714285714285,0.14285714285714285,0.14285714285714285,0.14285714285714285,0.14285714285714285,0.14285714285714285,0.14285714285714285,0.0,TN,0.9999999999964029
0.14285714285714285,0.14285714285714285,0.14285714285714285,0.14285714285714285,0.14285714285714285,0.14285714285714285,0.14285714285714285,0.0,TN,0.9999999999964029
0.13350275871037587,0.290450533329989,0.005229527467887035,0.20174410971499537,0.06645116835414033,0.20267896558371787,0.017525692157505938,0.08241724468138847,TN,0.8457021222217943
0.14285714285714285,0.14285714285714285,0.14285714285714285,0.14285714285714285,0.14285714285714285,0.14285714285714285,0.14285714285714285,0.0,TN,0.9999999999964029
0.30982048574763965,0.20200287608603332,0.029127664365971525,0.15630018478281948,0.07326654169769396,0.08723616666264519,0.1422460806571968,0.0,TN,0.9049251251021505
0.14285714285714285,0.14285714285714285,0.14285714285714285,0.14285714285714285,0.14285714285714285,0.14285714285714285,0.14285714285714285,0.0,TN,0.9999999999964029
0.14285714285714285,0.14285714285714285,0.14285714285714285,0.14285714285714285,0.14285714285714285,0.14285714285714285,0.14285714285714285,0.0,TN,0.9999999999964029
0.14285714285714285,0.14285714285714285,0.14285714285714285,0.14285714285714285,0.14285714285714285,0.14285714285714285,0.14285714285714285,0.0,TN,0.9999999999964029
0.14285714285714285,0.14285714285714285,0.14285714285714285,0.14285714285714285,0.14285714285714285,0.14285714285714285,0.14285714285714285,0.0,TN,0.9999999999964029
0.23024602996436658,0.06636564331482085,0.11411481943530934,0.3116411504854291,0.06488166311059325,0.005692596694637895,0.20705809699484304,0.0,TN,0.8541762996723614
0.14285714285714285,0.14285714285714285,0.14285714285714285,0.14285714285714285,0.14285714285714285,0.14285714285714285,0.14285714285714285,0.0,TN,0.9999999999964029
0.14285714285714285,0.14285714285714285,0.14285714285714285,0.14285714285714285,0.14285714285714285,0.14285714285714285,0.14285714285714285,0.0,TN,0.9999999999964029
0.14285714285714285,0.14285714285714285,0.14285714285714285,0.14285714285714285,0.14285714285714285,0.14285714285714285,0.14285714285714285,0.0,TN,0.9999999999964029
0.14285714285714285,0.14285714285714285,0.14285714285714285,0.14285714285714285,0.14285714285714285,0.14285714285714285,0.14285714285714285,0.0,TN,0.9999999999964029
0.14285714285714285,0.14285714285714285,0.14285714285714285,0.14285714285714285,0.14285714285714285,0.14285714285714285,0.14285714285714285,0.0,TN,0.9999999999964029
0.14285714285714285,0.14285714285714285,0.14285714285714285,0.14285714285714285,0.14285714285714285,0.14285714285714285,0.14285714285714285,0.0,TN,0.9999999999964029
0.14285714285714285,0.14285714285714285,0.14285714285714285,0.14285714285714285,0.14285714285714285,0.14285714285714285,0.14285714285714285,0.0,TN,0.9999999999964029
0.14285714285714285,0.14285714285714285,0.14285714285714285,0.14285714285714285,0.14285714285714285,0.14285714285714285,0.14285714285714285,0.0,TN,0.9999999999964029
0.14285714285714285,0.14285714285714285,0.14285714285714285,0.14285714285714285,0.14285714285714285,0.14285714285714285,0.14285714285714285,0.0,TN,0.9999999999964029
0.14285714285714285,0.14285714285714285,0.14285714285714285,0.14285714285714285,0.14285714285714285,0.14285714285714285,0.14285714285714285,0.0,TN,0.9999999999964029
0.012591001327957615,0.016977070156865434,0.22329471795198752,0.09080834233705366,0.008070277848815066,0.06891096236798369,0.4262385185105185,0.15310910949881845,TN,0.7458431493040244
0.0012460728006286172,0.12625157557433755,0.22053910989946962,0.021300783417171364,0.3415833990753612,0.10233631951023055,0.1867427397228011,0.0,TN,0.8214817647064878
0.14285714285714285,0.14285714285714285,0.14285714285714285,0.14285714285714285,0.14285714285714285,0.14285714285714285,0.14285714285714285,0.0,TN,0.9999999999964029
0.04244600530788146,0.018203743638962534,0.01095292930960491,0.03425417094908245,0.8761910025940526,0.0031820245041988666,0.014770123696217193,0.0,TN,0.2921067021885926
0.14285714285714285,0.14285714285714285,0.14285714285714285,0.14285714285714285,0.14285714285714285,0.14285714285714285,0.14285714285714285,0.0,TN,0.9999999999964029
0.14285714285714285,0.14285714285714285,0.14285714285714285,0.14285714285714285,0.14285714285714285,0.14285714285714285,0.14285714285714285,0.0,TN,0.9999999999964029
0.026065806305037797,0.6019123830703157,0.1122646393039189,0.004837212951697999,0.028600170831258848,0.17457999761927628,0.0032286000366906213,0.04851118988180364,TN,0.5980431247072518
0.14285714285714285,0.14285714285714285,0.14285714285714285,0.14285714285714285,0.14285714285714285,0.14285714285714285,0.14285714285714285,0.0,TN,0.9999999999964029
0.14285714285714285,0.14285714285714285,0.14285714285714285,0.14285714285714285,0.14285714285714285,0.14285714285714285,0.14285714285714285,0.0,TN,0.9999999999964029
0.32708311745912955,0.05527241403460379,0.04281272203862576,0.3875330464177345,0.03783292216472691,0.06844351155626056,0.00255772041693992,0.07846454591197888,TN,0.7455048925235779
0.14285714285714285,0.14285714285714285,0.14285714285714285,0.14285714285714285,0.14285714285714285,0.14285714285714285,0.14285714285714285,0.0,TN,0.9999999999964029
0.14285714285714285,0.14285714285714285,0.14285714285714285,0.14285714285714285,0.14285714285714285,0.14285714285714285,0.14285714285714285,0.0,TN,0.9999999999964029
0.14285714285714285,0.14285714285714285,0.14285714285714285,0.14285714285714285,0.14285714285714285,0.14285714285714285,0.14285714285714285,0.0,TN,0.9999999999964029
0.14285714285714285,0.14285714285714285,0.14285714285714285,0.14285714285714285,0.14285714285714285,0.14285714285714285,0.14285714285714285,0.0,TN,0.9999999999964029
0.14285714285714285,0.14285714285714285,0.14285714285714285,0.14285714285714285,0.14285714285714285,0.14285714285714285,0.14285714285714285,0.0,TN,0.9999999999964029
0.14285714285714285,0.14285714285714285,0.14285714285714285,0.14285714285714285,0.14285714285714285,0.14285714285714285,0.14285714285714285,0.0,TN,0.9999999999964029
0.14285714285714285,0.14285714285714285,0.14285714285714285,0.14285714285714285,0.14285714285714285,0.14285714285714285,0.14285714285714285,0.0,TN,0.9999999999964029
0.27046164638174286,0.09614880042996679,0.13266029206595784,0.005433300150117907,0.006155511825993942,0.312548096378654,0.17659235276756666,0.0,TN,0.8099839735311334
0.14285714285714285,0.14285714285714285,0.14285714285714285,0.14285714285714285,0.14285714285714285,0.14285714285714285,0.14285714285714285,0.0,TN,0.9999999999964029
0.14285714285714285,0.14285714285714285,0.14285714285714285,0.14285714285714285,0.14285714285714285,0.14285714285714285,0.14285714285714285,0.0,TN,0.9999999999964029
0.14285714285714285,0.14285714285714285,0.14285714285714285,0.14285714285714285,0.14285714285714285,0.14285714285714285,0.14285714285714285,0.0,TN,0.9999999999964029
0.14285714285714285,0.14285714285714285,0.14285714285714285,0.14285714285714285,0.14285714285714285,0.14285714285714285,0.14285714285714285,0.0,TN,0.9999999999964029
0.14285714285714285,0.14285714285714285,0.14285714285714285,0.14285714285714285,0.14285714285714285,0.14285714285714285,0.14285714285714285,0.0,TN,0.9999999999964029
0.14285714285714285,0.14285714285714285,0.14285714285714285,0.14285714285714285,0.14285714285714285,0.14285714285714285,0.14285714285714285,0.0,TN,0.9999999999964029
0.14285714285714285,0.14285714285714285,0.14285714285714285,0.14285714285714285,0.14285714285714285,0.14285714285714285,0.14285714285714285,0.0,TN,0.9999999999964029
0.14285714285714285,0.14285714285714285,0.14285714285714285,0.14285714285714285,0.14285714285714285,0.14285714285714285,0.14285714285714285,0.0,TN,0.9999999999964029
0.14285714285714285,0.14285714285714285,0.14285714285714285,0.14285714285714285,0.14285714285714285,0.14285714285714285,0.14285714285714285,0.0,TN,0.9999999999964029
0.20811207888226776,0.18303210267500797,0.11610357634620035,0.10896318299501191,0.00035530920588773123,0.0024537960761210377,0.20966557015177492,0.17131438366772822,TN,0.8542587573610188
0.14285714285714285,0.14285714285714285,0.14285714285714285,0.14285714285714285,0.14285714285714285,0.14285714285714285,0.14285714285714285,0.0,TN,0.9999999999964029
0.14285714285714285,0.14285714285714285,0.14285714285714285,0.14285714285714285,0.14285714285714285,0.14285714285714285,0.14285714285714285,0.0,TN,0.9999999999964029
0.14285714285714285,0.14285714285714285,0.14285714285714285,0.14285714285714285,0.14285714285714285,0.14285714285714285,0.14285714285714285,0.0,TN,0.9999999999964029
0.14285714285714285,0.14285714285714285,0.14285714285714285,0.14285714285714285,0.14285714285714285,0.14285714285714285,0.14285714285714285,0.0,TN,0.9999999999964029
0.09627233282328085,0.0889262843227491,0.2127991620571986,0.04980962791620848,0.18657803874156567,0.0014921205791920268,0.2382796198616729,0.12584281369813244,TN,0.8871534148187789
0.14285714285714285,0.14285714285714285,0.14285714285714285,0.14285714285714285,0.14285714285714285,0.14285714285714285,0.14285714285714285,0.0,TN,0.9999999999964029
0.25287838681177305,0.017070012265824074,0.20143558546417914,0.006724523990943842,0.3423485467100599,0.002721387074558918,0.17682155768266122,0.0,TN,0.7518099897914301
0.14285714285714285,0.14285714285714285,0.14285714285714285,0.14285714285714285,0.14285714285714285,0.14285714285714285,0.14285714285714285,0.0,TN,0.9999999999964029
0.14285714285714285,0.14285714285714285,0.14285714285714285,0.14285714285714285,0.14285714285714285,0.14285714285714285,0.14285714285714285,0.0,TN,0.9999999999964029
0.14285714285714285,0.14285714285714285,0.14285714285714285,0.14285714285714285,0.14285714285714285,0.14285714285714285,0.14285714285714285,0.0,TN,0.9999999999964029
0.14285714285714285,0.14285714285714285,0.14285714285714285,0.14285714285714285,0.14285714285714285,0.14285714285714285,0.14285714285714285,0.0,TN,0.9999999999964029
0.14285714285714285,0.14285714285714285,0.14285714285714285,0.14285714285714285,0.14285714285714285,0.14285714285714285,0.14285714285714285,0.0,TN,0.9999999999964029
0.14285714285714285,0.14285714285714285,0.14285714285714285,0.14285714285714285,0.14285714285714285,0.14285714285714285,0.14285714285714285,0.0,TN,0.9999999999964029
0.14285714285714285,0.14285714285714285,0.14285714285714285,0.14285714285714285,0.14285714285714285,0.14285714285714285,0.14285714285714285,0.0,TN,0.9999999999964029
0.14285714285714285,0.14285714285714285,0.14285714285714285,0.14285714285714285,0.14285714285714285,0.14285714285714285,0.14285714285714285,0.0,TN,0.9999999999964029
0.14285714285714285,0.14285714285714285,0.14285714285714285,0.14285714285714285,0.14285714285714285,0.14285714285714285,0.14285714285714285,0.0,TN,0.9999999999964029
0.07435340459565683,0.015158106987263187,0.05766059251903546,0.0004955309444736729,0.24711914161643284,0.48450674644769914,0.12070647688943877,0.0,TN,0.7075233755585019
0.14285714285714285,0.14285714285714285,0.14285714285714285,0.14285714285714285,0.14285714285714285,0.14285714285714285,0.14285714285714285,0.0,TN,0.9999999999964029
0.14285714285714285,0.14285714285714285,0.14285714285714285,0.14285714285714285,0.14285714285714285,0.14285714285714285,0.14285714285714285,0.0,TN,0.9999999999964029
0.14285714285714285,0.14285714285714285,0.14285714285714285,0.14285714285714285,0.14285714285714285,0.14285714285714285,0.14285714285714285,0.0,TN,0.9999999999964029
0.14285714285714285,0.14285714285714285,0.14285714285714285,0.14285714285714285,0.14285714285714285,0.14285714285714285,0.14285714285714285,0.0,TN,0.9999999999964029
0.021048833407259618,0.014769304137872075,0.030226905009409187,0.43570118091865306,0.2353983097695598,0.1544595702942241,3.000105589586951e-07,0.10839559645246323,TN,0.7122706070112415
0.14285714285714285,0.14285714285714285,0.14285714285714285,0.14285714285714285,0.14285714285714285,0.14285714285714285,0.14285714285714285,0.0,TN,0.9999999999964029
0.1408331144265303,0.21516901346289044,0.3780823483457173,0.00024827862577291753,0.040177140097165664,0.11205531346170088,0.11343479158022238,0.0,TN,0.8210725499118792
0.14285714285714285,0.14285714285714285,0.14285714285714285,0.14285714285714285,0.14285714285714285,0.14285714285714285,0.14285714285714285,0.0,TN,0.9999999999964029
0.14285714285714285,0.14285714285714285,0.14285714285714285,0.14285714285714285,0.14285714285714285,0.14285714285714285,0.14285714285714285,0.0,TN,0.9999999999964029
0.14285714285714285,0.14285714285714285,0.14285714285714285,0.14285714285714285,0.14285714285714285,0.14285714285714285,0.14285714285714285,0.0,TN,0.9999999999964029
0.09231252671372996,0.0593964725041389,0.11308484305960805,0.06700356385272874,0.007474053151257342,0.23311133019680144,0.42761721052173557,0.0,TN,0.7988935665757977
0.14285714285714285,0.14285714285714285,0.14285714285714285,0.14285714285714285,0.14285714285714285,0.14285714285714285,0.14285714285714285,0.0,TN,0.9999999999964029
0.14285714285714285,0.14285714285714285,0.14285714285714285,0.14285714285714285,0.14285714285714285,0.14285714285714285,0.14285714285714285,0.0,TN,0.9999999999964029
0.14285714285714285,0.14285714285714285,0.14285714285714285,0.14285714285714285,0.14285714285714285,0.14285714285714285,0.14285714285714285,0.0,TN,0.9999999999964029
0.14285714285714285,0.14285714285714285,0.14285714285714285,0.14285714285714285,0.14285714285714285,0.14285714285714285,0.14285714285714285,0.0,TN,0.9999999999964029
0.14285714285714285,0.14285714285714285,0.14285714285714285,0.14285714285714285,0.14285714285714285,0.14285714285714285,0.14285714285714285,0.0,TN,0.9999999999964029
0.14285714285714285,0.14285714285714285,0.14285714285714285,0.14285714285714285,0.14285714285714285,0.14285714285714285,0.14285714285714285,0.0,TN,0.9999999999964029
0.14285714285714285,0.14285714285714285,0.14285714285714285,0.14285714285714285,0.14285714285714285,0.14285714285714285,0.14285714285714285,0.0,TN,0.9999999999964029
0.14285714285714285,0.14285714285714285,0.14285714285714285,0.14285714285714285,0.14285714285714285,0.14285714285714285,0.14285714285714285,0.0,TN,0.9999999999964029
0.14285714285714285,0.14285714285714285,0.14285714285714285,0.14285714285714285,0.14285714285714285,0.14285714285714285,0.14285714285714285,0.0,TN,0.9999999999964029
0.14285714285714285,0.14285714285714285,0.14285714285714285,0.14285714285714285,0.14285714285714285,0.14285714285714285,0.14285714285714285,0.0,TN,0.9999999999964029
0.14285714285714285,0.14285714285714285,0.14285714285714285,0.14285714285714285,0.14285714285714285,0.14285714285714285,0.14285714285714285,0.0,TN,0.9999999999964029
0.14285714285714285,0.14285714285714285,0.14285714285714285,0.14285714285714285,0.14285714285714285,0.14285714285714285,0.14285714285714285,0.0,TN,0.9999999999964029
0.14285714285714285,0.14285714285714285,0.14285714285714285,0.14285714285714285,0.14285714285714285,0.14285714285714285,0.14285714285714285,0.0,TN,0.9999999999964029
0.14285714285714285,0.14285714285714285,0.14285714285714285,0.14285714285714285,0.14285714285714285,0.14285714285714285,0.14285714285714285,0.0,TN,0.9999999999964029
0.1113547686560373,0.028845684046697,0.1969135994507643,0.024946665072207497,0.1936403442329365,0.3003056178413651,0.14399332069999232,0.0,TN,0.8823585979353624
0.14285714285714285,0.14285714285714285,0.14285714285714285,0.14285714285714285,0.14285714285714285,0.14285714285714285,0.14285714285714285,0.0,TN,0.9999999999964029
0.14285714285714285,0.14285714285714285,0.14285714285714285,0.14285714285714285,0.14285714285714285,0.14285714285714285,0.14285714285714285,0.0,TN,0.9999999999964029
0.09412579654208768,0.30243903068272315,0.008433745775831869,0.10136804622050181,0.350057911308595,0.008810979818306459,0.12351409787531246,0.01125039177664163,TN,0.7571027209704252
0.0019968424017714776,0.16681003877148168,0.000979989249406339,0.09263742304308996,0.07818283124529286,0.34971877908440474,0.30967409620455294,0.0,TN,0.7544190410838083
0.14285714285714285,0.14285714285714285,0.14285714285714285,0.14285714285714285,0.14285714285714285,0.14285714285714285,0.14285714285714285,0.0,TN,0.9999999999964029
0.14285714285714285,0.14285714285714285,0.14285714285714285,0.14285714285714285,0.14285714285714285,0.14285714285714285,0.14285714285714285,0.0,TN,0.9999999999964029
0.14285714285714285,0.14285714285714285,0.14285714285714285,0.14285714285714285,0.14285714285714285,0.14285714285714285,0.14285714285714285,0.0,TN,0.9999999999964029
0.14285714285714285,0.14285714285714285,0.14285714285714285,0.14285714285714285,0.14285714285714285,0.14285714285714285,0.14285714285714285,0.0,TN,0.9999999999964029
0.14285714285714285,0.14285714285714285,0.14285714285714285,0.14285714285714285,0.14285714285714285,0.14285714285714285,0.14285714285714285,0.0,TN,0.9999999999964029
0.14285714285714285,0.14285714285714285,0.14285714285714285,0.14285714285714285,0.14285714285714285,0.14285714285714285,0.14285714285714285,0.0,TN,0.9999999999964029
0.14285714285714285,0.14285714285714285,0.14285714285714285,0.14285714285714285,0.14285714285714285,0.14285714285714285,0.14285714285714285,0.0,TN,0.9999999999964029
0.14285714285714285,0.14285714285714285,0.14285714285714285,0.14285714285714285,0.14285714285714285,0.14285714285714285,0.14285714285714285,0.0,TN,0.9999999999964029
0.14285714285714285,0.14285714285714285,0.14285714285714285,0.14285714285714285,0.14285714285714285,0.14285714285714285,0.14285714285714285,0.0,TN,0.9999999999964029
0.14285714285714285,0.14285714285714285,0.14285714285714285,0.14285714285714285,0.14285714285714285,0.14285714285714285,0.14285714285714285,0.0,TN,0.9999999999964029
0.14285714285714285,0.14285714285714285,0.14285714285714285,0.14285714285714285,0.14285714285714285,0.14285714285714285,0.14285714285714285,0.0,TN,0.9999999999964029
0.14285714285714285,0.14285714285714285,0.14285714285714285,0.14285714285714285,0.14285714285714285,0.14285714285714285,0.14285714285714285,0.0,TN,0.9999999999964029
0.26679642658242286,0.1278326434672603,0.00840933082103022,0.009839350457572367,0.13471829050764347,0.16028512609036707,0.2715054702631945,0.02061336181050929,TN,0.8168642985854396
0.14285714285714285,0.14285714285714285,0.14285714285714285,0.14285714285714285,0.14285714285714285,0.14285714285714285,0.14285714285714285,0.0,TN,0.9999999999964029
0.14285714285714285,0.14285714285714285,0.14285714285714285,0.14285714285714285,0.14285714285714285,0.14285714285714285,0.14285714285714285,0.0,TN,0.9999999999964029
0.3916900966930518,0.028656569803774085,0.032414309805842756,0.01238424913421436,0.342763397122404,0.10663808962371585,0.08545328781699721,0.0,TN,0.7453319594322622
0.14285714285714285,0.14285714285714285,0.14285714285714285,0.14285714285714285,0.14285714285714285,0.14285714285714285,0.14285714285714285,0.0,TN,0.9999999999964029
0.14285714285714285,0.14285714285714285,0.14285714285714285,0.14285714285714285,0.14285714285714285,0.14285714285714285,0.14285714285714285,0.0,TN,0.9999999999964029
0.22669462577945695,0.19481227268231274,0.04360005194403421,0.06552898766603757,0.20293096506648695,0.10985195579777317,0.10775479870071202,0.048826342363186316,TN,0.9252713103923531
0.14285714285714285,0.14285714285714285,0.14285714285714285,0.14285714285714285,0.14285714285714285,0.14285714285714285,0.14285714285714285,0.0,TN,0.9999999999964029
0.14285714285714285,0.14285714285714285,0.14285714285714285,0.14285714285714285,0.14285714285714285,0.14285714285714285,0.14285714285714285,0.0,TN,0.9999999999964029
0.21819070134149324,0.0010675762306456983,0.1119146399484865,0.20632527237654436,0.18465721607208055,0.14880660118251582,0.10217466335255458,0.026863329495679385,TN,0.8828676021516478
0.14285714285714285,0.14285714285714285,0.14285714285714285,0.14285714285714285,0.14285714285714285,0.14285714285714285,0.14285714285714285,0.0,TN,0.9999999999964029
0.011403815168914757,0.046916773284193615,0.190585676655619,0.006525667111454265,0.32837636835348943,0.14504684709576107,0.25344819449205197,0.017696657838515862,TN,0.7734354898130836
0.06238118442858167,0.36949052892356515,0.24466511943361305,0.0424478683437415,0.012658215790672039,0.15468934609127472,0.03296997773345319,0.08069775925509866,TN,0.8075009141298538
0.14285714285714285,0.14285714285714285,0.14285714285714285,0.14285714285714285,0.14285714285714285,0.14285714285714285,0.14285714285714285,0.0,TN,0.9999999999964029
0.14285714285714285,0.14285714285714285,0.14285714285714285,0.14285714285714285,0.14285714285714285,0.14285714285714285,0.14285714285714285,0.0,TN,0.9999999999964029
0.03298734276996841,0.0668234922838409,0.11209164493092691,0.19220088091153817,0.20437739421664292,0.24308533101851712,0.14843391386856558,0.0,TN,0.9286655299560295
0.14285714285714285,0.14285714285714285,0.14285714285714285,0.14285714285714285,0.14285714285714285,0.14285714285714285,0.14285714285714285,0.0,TN,0.9999999999964029
0.2764790191555969,0.05831713167372531,0.19463120920522306,0.20232632361029404,0.12185488160432312,0.002344702951291018,0.139264701543719,0.004782030255827611,TN,0.8337806677712674
0.14285714285714285,0.14285714285714285,0.14285714285714285,0.14285714285714285,0.14285714285714285,0.14285714285714285,0.14285714285714285,0.0,TN,0.9999999999964029
0.5872589014162103,0.00017993550812591327,0.2268336143621789,0.06474161041508807,0.029788556481469913,0.03287485514391252,0.058322526673014345,0.0,TN,0.6221019189004784
0.14285714285714285,0.14285714285714285,0.14285714285714285,0.14285714285714285,0.14285714285714285,0.14285714285714285,0.14285714285714285,0.0,TN,0.9999999999964029
0.14285714285714285,0.14285714285714285,0.14285714285714285,0.14285714285714285,0.14285714285714285,0.14285714285714285,0.14285714285714285,0.0,TN,0.9999999999964029
0.14285714285714285,0.14285714285714285,0.14285714285714285,0.14285714285714285,0.14285714285714285,0.14285714285714285,0.14285714285714285,0.0,TN,0.9999999999964029
0.14285714285714285,0.14285714285714285,0.14285714285714285,0.14285714285714285,0.14285714285714285,0.14285714285714285,0.14285714285714285,0.0,TN,0.9999999999964029
0.08786348882701757,0.13997919491709174,0.11698632386095457,0.01105019243137253,0.3956130103928056,0.08098406459600133,0.11547197793521474,0.05205174703954186,TN,0.8479413229835588
0.14285714285714285,0.14285714285714285,0.14285714285714285,0.14285714285714285,0.14285714285714285,0.14285714285714285,0.14285714285714285,0.0,TN,0.9999999999964029
0.14285714285714285,0.14285714285714285,0.14285714285714285,0.14285714285714285,0.14285714285714285,0.14285714285714285,0.14285714285714285,0.0,TN,0.9999999999964029
0.14285714285714285,0.14285714285714285,0.14285714285714285,0.14285714285714285,0.14285714285714285,0.14285714285714285,0.14285714285714285,0.0,TN,0.9999999999964029
0.18130896197858146,0.057203570023020234,0.13563189690028357,0.024758886595078737,0.0072879419752816645,0.2074246103911481,0.3863841321366062,0.0,TN,0.8044395669293761
0.14285714285714285,0.14285714285714285,0.14285714285714285,0.14285714285714285,0.14285714285714285,0.14285714285714285,0.14285714285714285,0.0,TN,0.9999999999964029
0.14285714285714285,0.14285714285714285,0.14285714285714285,0.14285714285714285,0.14285714285714285,0.14285714285714285,0.14285714285714285,0.0,TN,0.9999999999964029
0.08849930641811961,0.008074822272283204,0.6131634137793935,0.15462907263258682,0.0008895370204941227,0.07230494084173239,0.06243890703539039,0.0,TN,0.6225506552935463
0.14285714285714285,0.14285714285714285,0.14285714285714285,0.14285714285714285,0.14285714285714285,0.14285714285714285,0.14285714285714285,0.0,TN,0.9999999999964029
0.14285714285714285,0.14285714285714285,0.14285714285714285,0.14285714285714285,0.14285714285714285,0.14285714285714285,0.14285714285714285,0.0,TN,0.9999999999964029
0.14285714285714285,0.14285714285714285,0.14285714285714285,0.14285714285714285,0.14285714285714285,0.14285714285714285,0.14285714285714285,0.0,TN,0.9999999999964029
0.14285714285714285,0.14285714285714285,0.14285714285714285,0.14285714285714285,0.14285714285714285,0.14285714285714285,0.14285714285714285,0.0,TN,0.9999999999964029
0.024373096027739648,0.1496032144979585,0.3340839959699983,0.0645340101171059,0.02512615853195594,0.03203099837259625,0.37024852648264545,0.0,TN,0.7649529534542369
0.14285714285714285,0.14285714285714285,0.14285714285714285,0.14285714285714285,0.14285714285714285,0.14285714285714285,0.14285714285714285,0.0,TN,0.9999999999964029
0.14285714285714285,0.14285714285714285,0.14285714285714285,0.14285714285714285,0.14285714285714285,0.14285714285714285,0.14285714285714285,0.0,TN,0.9999999999964029
0.14285714285714285,0.14285714285714285,0.14285714285714285,0.14285714285714285,0.14285714285714285,0.14285714285714285,0.14285714285714285,0.0,TN,0.9999999999964029
0.14285714285714285,0.14285714285714285,0.14285714285714285,0.14285714285714285,0.14285714285714285,0.14285714285714285,0.14285714285714285,0.0,TN,0.9999999999964029
0.05485339428736405,0.0015820661746618683,0.13641669736360534,0.027303651825639572,0.279947817307935,0.09103797333091251,0.40885839970988164,0.0,TN,0.7604524561841809
0.04905321191920837,0.08212555186078097,0.09464341470044067,0.1748312012975818,0.025646536538196697,0.46836218803468466,0.10533789564910687,0.0,TN,0.8055218939040069
0.14285714285714285,0.14285714285714285,0.14285714285714285,0.14285714285714285,0.14285714285714285,0.14285714285714285,0.14285714285714285,0.0,TN,0.9999999999964029
0.4026676443558472,0.042814097560884425,0.25743659156369497,0.016320025936526386,0.10787374811149524,0.10638305445790291,0.030673971184962217,0.03583086682868674,TN,0.780223787501451
0.14285714285714285,0.14285714285714285,0.14285714285714285,0.14285714285714285,0.14285714285714285,0.14285714285714285,0.14285714285714285,0.0,TN,0.9999999999964029
0.14285714285714285,0.14285714285714285,0.14285714285714285,0.14285714285714285,0.14285714285714285,0.14285714285714285,0.14285714285714285,0.0,TN,0.9999999999964029
0.14285714285714285,0.14285714285714285,0.14285714285714285,0.14285714285714285,0.14285714285714285,0.14285714285714285,0.14285714285714285,0.0,TN,0.9999999999964029
0.14285714285714285,0.14285714285714285,0.14285714285714285,0.14285714285714285,0.14285714285714285,0.14285714285714285,0.14285714285714285,0.0,TN,0.9999999999964029
0.14285714285714285,0.14285714285714285,0.14285714285714285,0.14285714285714285,0.14285714285714285,0.14285714285714285,0.14285714285714285,0.0,TN,0.9999999999964029
0.14285714285714285,0.14285714285714285,0.14285714285714285,0.14285714285714285,0.14285714285714285,0.14285714285714285,0.14285714285714285,0.0,TN,0.9999999999964029
0.14285714285714285,0.14285714285714285,0.14285714285714285,0.14285714285714285,0.14285714285714285,0.14285714285714285,0.14285714285714285,0.0,TN,0.9999999999964029
0.14285714285714285,0.14285714285714285,0.14285714285714285,0.14285714285714285,0.14285714285714285,0.14285714285714285,0.14285714285714285,0.0,TN,0.9999999999964029
0.14285714285714285,0.14285714285714285,0.14285714285714285,0.14285714285714285,0.14285714285714285,0.14285714285714285,0.14285714285714285,0.0,TN,0.9999999999964029
0.21910142883623962,0.0248617359704346,0.25030631505925355,0.03682563208420848,0.17915288543973087,0.23933395697488913,0.05041804563524379,0.0,TN,0.870372058941484
0.11010956865260811,0.17467261013899485,0.2717743022300412,0.033016223042328326,0.057882305611975916,0.008710576845206392,0.28646811119059196,0.05736630228825328,TN,0.8380694452436329
0.4287201217869763,0.055204961197043975,0.06460209306584838,0.023820676763856227,0.12714051555761285,0.102595543597231,0.1697886356789609,0.028127452352470342,TN,0.8109673679752437
0.14285714285714285,0.14285714285714285,0.14285714285714285,0.14285714285714285,0.14285714285714285,0.14285714285714285,0.14285714285714285,0.0,TN,0.9999999999964029
0.14285714285714285,0.14285714285714285,0.14285714285714285,0.14285714285714285,0.14285714285714285,0.14285714285714285,0.14285714285714285,0.0,TN,0.9999999999964029
0.14285714285714285,0.14285714285714285,0.14285714285714285,0.14285714285714285,0.14285714285714285,0.14285714285714285,0.14285714285714285,0.0,TN,0.9999999999964029
0.14285714285714285,0.14285714285714285,0.14285714285714285,0.14285714285714285,0.14285714285714285,0.14285714285714285,0.14285714285714285,0.0,TN,0.9999999999964029
0.14285714285714285,0.14285714285714285,0.14285714285714285,0.14285714285714285,0.14285714285714285,0.14285714285714285,0.14285714285714285,0.0,TN,0.9999999999964029
0.14285714285714285,0.14285714285714285,0.14285714285714285,0.14285714285714285,0.14285714285714285,0.14285714285714285,0.14285714285714285,0.0,TN,0.9999999999964029
0.14285714285714285,0.14285714285714285,0.14285714285714285,0.14285714285714285,0.14285714285714285,0.14285714285714285,0.14285714285714285,0.0,TN,0.9999999999964029
0.14285714285714285,0.14285714285714285,0.14285714285714285,0.14285714285714285,0.14285714285714285,0.14285714285714285,0.14285714285714285,0.0,TN,0.9999999999964029
0.14285714285714285,0.14285714285714285,0.14285714285714285,0.14285714285714285,0.14285714285714285,0.14285714285714285,0.14285714285714285,0.0,TN,0.9999999999964029
0.4538328272577549,0.14071320642835447,0.11645283864008926,0.029241832209119155,4.0687344703485074e-05,0.15577312232415993,0.10394548579581879,0.0,TN,0.7778079338919933
0.14285714285714285,0.14285714285714285,0.14285714285714285,0.14285714285714285,0.14285714285714285,0.14285714285714285,0.14285714285714285,0.0,TN,0.9999999999964029
0.14285714285714285,0.14285714285714285,0.14285714285714285,0.14285714285714285,0.14285714285714285,0.14285714285714285,0.14285714285714285,0.0,TN,0.9999999999964029
0.14285714285714285,0.14285714285714285,0.14285714285714285,0.14285714285714285,0.14285714285714285,0.14285714285714285,0.14285714285714285,0.0,TN,0.9999999999964029
0.14285714285714285,0.14285714285714285,0.14285714285714285,0.14285714285714285,0.14285714285714285,0.14285714285714285,0.14285714285714285,0.0,TN,0.9999999999964029
0.14285714285714285,0.14285714285714285,0.14285714285714285,0.14285714285714285,0.14285714285714285,0.14285714285714285,0.14285714285714285,0.0,TN,0.9999999999964029
0.14285714285714285,0.14285714285714285,0.14285714285714285,0.14285714285714285,0.14285714285714285,0.14285714285714285,0.14285714285714285,0.0,TN,0.9999999999964029
0.14285714285714285,0.14285714285714285,0.14285714285714285,0.14285714285714285,0.14285714285714285,0.14285714285714285,0.14285714285714285,0.0,TN,0.9999999999964029
0.20703124553915067,0.07655685429226212,0.2295000945229812,0.1845336363596628,0.00810162147982178,0.01402167968412948,0.10031816742053577,0.17993670070145618,TN,0.8706936847015607
0.14285714285714285,0.14285714285714285,0.14285714285714285,0.14285714285714285,0.14285714285714285,0.14285714285714285,0.14285714285714285,0.0,TN,0.9999999999964029
0.14285714285714285,0.14285714285714285,0.14285714285714285,0.14285714285714285,0.14285714285714285,0.14285714285714285,0.14285714285714285,0.0,TN,0.9999999999964029
0.14285714285714285,0.14285714285714285,0.14285714285714285,0.14285714285714285,0.14285714285714285,0.14285714285714285,0.14285714285714285,0.0,TN,0.9999999999964029
0.14285714285714285,0.14285714285714285,0.14285714285714285,0.14285714285714285,0.14285714285714285,0.14285714285714285,0.14285714285714285,0.0,TN,0.9999999999964029
0.14285714285714285,0.14285714285714285,0.14285714285714285,0.14285714285714285,0.14285714285714285,0.14285714285714285,0.14285714285714285,0.0,TN,0.9999999999964029
0.14285714285714285,0.14285714285714285,0.14285714285714285,0.14285714285714285,0.14285714285714285,0.14285714285714285,0.14285714285714285,0.0,TN,0.9999999999964029
0.14285714285714285,0.14285714285714285,0.14285714285714285,0.14285714285714285,0.14285714285714285,0.14285714285714285,0.14285714285714285,0.0,TN,0.9999999999964029
0.14285714285714285,0.14285714285714285,0.14285714285714285,0.14285714285714285,0.14285714285714285,0.14285714285714285,0.14285714285714285,0.0,TN,0.9999999999964029
0.14285714285714285,0.14285714285714285,0.14285714285714285,0.14285714285714285,0.14285714285714285,0.14285714285714285,0.14285714285714285,0.0,TN,0.9999999999964029
0.010515913279847288,0.08652862780025503,0.032488735952080655,0.15062174100404657,0.2563532915231254,0.26072805826338147,0.2027636321772636,0.0,TN,0.8628911677524782
0.12874512010722447,0.32256057131505145,0.14123444904523424,0.02439573526970596,0.0671733296194084,0.119232247510383,0.19665854713299252,0.0,TN,0.8996860580442877
0.14285714285714285,0.14285714285714285,0.14285714285714285,0.14285714285714285,0.14285714285714285,0.14285714285714285,0.14285714285714285,0.0,TN,0.9999999999964029
0.14285714285714285,0.14285714285714285,0.14285714285714285,0.14285714285714285,0.14285714285714285,0.14285714285714285,0.14285714285714285,0.0,TN,0.9999999999964029
0.14285714285714285,0.14285714285714285,0.14285714285714285,0.14285714285714285,0.14285714285714285,0.14285714285714285,0.14285714285714285,0.0,TN,0.9999999999964029
0.20399128919077847,0.10027715082790913,0.4431651335439369,0.0313310694072436,0.05203882007498275,0.08549589096257361,0.08370064599257557,0.0,TN,0.8200536613985807
0.14285714285714285,0.14285714285714285,0.14285714285714285,0.14285714285714285,0.14285714285714285,0.14285714285714285,0.14285714285714285,0.0,TN,0.9999999999964029
0.14285714285714285,0.14285714285714285,0.14285714285714285,0.14285714285714285,0.14285714285714285,0.14285714285714285,0.14285714285714285,0.0,TN,0.9999999999964029
0.14285714285714285,0.14285714285714285,0.14285714285714285,0.14285714285714285,0.14285714285714285,0.14285714285714285,0.14285714285714285,0.0,TN,0.9999999999964029
0.011653971444229048,0.0007181205294629565,0.018171087798488007,0.26317817901348056,0.01971936519257315,0.03477600588978597,0.5797278982950408,0.07205537183693957,TN,0.5679681136651155
0.14285714285714285,0.14285714285714285,0.14285714285714285,0.14285714285714285,0.14285714285714285,0.14285714285714285,0.14285714285714285,0.0,TN,0.9999999999964029
0.14285714285714285,0.14285714285714285,0.14285714285714285,0.14285714285714285,0.14285714285714285,0.14285714285714285,0.14285714285714285,0.0,TN,0.9999999999964029
0.14285714285714285,0.14285714285714285,0.14285714285714285,0.14285714285714285,0.14285714285714285,0.14285714285714285,0.14285714285714285,0.0,TN,0.9999999999964029
0.14285714285714285,0.14285714285714285,0.14285714285714285,0.14285714285714285,0.14285714285714285,0.14285714285714285,0.14285714285714285,0.0,TN,0.9999999999964029
0.14285714285714285,0.14285714285714285,0.14285714285714285,0.14285714285714285,0.14285714285714285,0.14285714285714285,0.14285714285714285,0.0,TN,0.9999999999964029
0.15064637862023592,0.3037304533129784,0.032550978863923635,0.037760777876428495,0.1624876548029079,0.020427735503183414,0.006500728314923825,0.2858952927054186,TN,0.7923979487729019
0.14285714285714285,0.14285714285714285,0.14285714285714285,0.14285714285714285,0.14285714285714285,0.14285714285714285,0.14285714285714285,0.0,TN,0.9999999999964029
0.14285714285714285,0.14285714285714285,0.14285714285714285,0.14285714285714285,0.14285714285714285,0.14285714285714285,0.14285714285714285,0.0,TN,0.9999999999964029
0.14285714285714285,0.14285714285714285,0.14285714285714285,0.14285714285714285,0.14285714285714285,0.14285714285714285,0.14285714285714285,0.0,TN,0.9999999999964029
0.14285714285714285,0.14285714285714285,0.14285714285714285,0.14285714285714285,0.14285714285714285,0.14285714285714285,0.14285714285714285,0.0,TN,0.9999999999964029
0.14285714285714285,0.14285714285714285,0.14285714285714285,0.14285714285714285,0.14285714285714285,0.14285714285714285,0.14285714285714285,0.0,TN,0.9999999999964029
0.2161978017249349,0.12327510583511521,0.0046308054618622325,0.4040150583205193,0.04721055000018603,0.08084313557556033,0.12382754308182194,0.0,TN,0.8152313789622595
0.14285714285714285,0.14285714285714285,0.14285714285714285,0.14285714285714285,0.14285714285714285,0.14285714285714285,0.14285714285714285,0.0,TN,0.9999999999964029
0.3460223987317006,0.20003171067518025,0.14279448917796295,0.11752105854217582,0.1518152445864367,0.007184542566220518,0.019683802120001124,0.014946753600321864,TN,0.8081352029794785
0.06612342799055905,0.021464909463224054,0.10619503208029017,0.2249909639308238,0.00205844620620736,0.24929675349386488,0.26458228178514237,0.06528818504988834,TN,0.8294581434564943
0.14285714285714285,0.14285714285714285,0.14285714285714285,0.14285714285714285,0.14285714285714285,0.14285714285714285,0.14285714285714285,0.0,TN,0.9999999999964029
0.14285714285714285,0.14285714285714285,0.14285714285714285,0.14285714285714285,0.14285714285714285,0.14285714285714285,0.14285714285714285,0.0,TN,0.9999999999964029
0.14285714285714285,0.14285714285714285,0.14285714285714285,0.14285714285714285,0.14285714285714285,0.14285714285714285,0.14285714285714285,0.0,TN,0.9999999999964029
0.14285714285714285,0.14285714285714285,0.14285714285714285,0.14285714285714285,0.14285714285714285,0.14285714285714285,0.14285714285714285,0.0,TN,0.9999999999964029
0.11413202706548042,0.05055820197341368,0.4148622921546589,0.10351986070625975,0.03141342499675008,0.04460739827679592,0.020637053701449953,0.22026974112519151,TN,0.7978838076715797
0.14285714285714285,0.14285714285714285,0.14285714285714285,0.14285714285714285,0.14285714285714285,0.14285714285714285,0.14285714285714285,0.0,TN,0.9999999999964029
0.3161568710175902,0.0019941998060961836,0.06819310040989911,0.10365985224607013,0.27834130189931033,0.10468461645752704,0.009766222237779959,0.11720383592572706,TN,0.8094686916964225
0.14285714285714285,0.14285714285714285,0.14285714285714285,0.14285714285714285,0.14285714285714285,0.14285714285714285,0.14285714285714285,0.0,TN,0.9999999999964029
0.14285714285714285,0.14285714285714285,0.14285714285714285,0.14285714285714285,0.14285714285714285,0.14285714285714285,0.14285714285714285,0.0,TN,0.9999999999964029
0.14285714285714285,0.14285714285714285,0.14285714285714285,0.14285714285714285,0.14285714285714285,0.14285714285714285,0.14285714285714285,0.0,TN,0.9999999999964029
0.1674889855501832,0.027761115383730627,0.24530619936819023,0.08116868958712577,0.2142930617903474,0.19010941555863767,0.073872532761785,0.0,TN,0.9175669321392897
0.14285714285714285,0.14285714285714285,0.14285714285714285,0.14285714285714285,0.14285714285714285,0.14285714285714285,0.14285714285714285,0.0,TN,0.9999999999964029
0.022482472310999414,0.11119633678895523,0.11278479396439632,0.0348579229082448,0.035404223311931826,0.009326859467452864,0.5692273851525886,0.10472000609543089,TN,0.6788426894317843
0.14285714285714285,0.14285714285714285,0.14285714285714285,0.14285714285714285,0.14285714285714285,0.14285714285714285,0.14285714285714285,0.0,TN,0.9999999999964029
0.14285714285714285,0.14285714285714285,0.14285714285714285,0.14285714285714285,0.14285714285714285,0.14285714285714285,0.14285714285714285,0.0,TN,0.9999999999964029
0.14285714285714285,0.14285714285714285,0.14285714285714285,0.14285714285714285,0.14285714285714285,0.14285714285714285,0.14285714285714285,0.0,TN,0.9999999999964029
0.020706771339328082,0.5351395664931092,0.03586109373116519,0.0013324133678965398,0.01109073959221577,0.222303819168513,0.17356559630777219,0.0,TN,0.6327098067075162
0.004822262826940765,0.0021054672195701804,0.2128659873760896,0.07815102441636336,0.07543021497767537,0.4745299592538111,0.11744402819681295,0.03465105573273679,TN,0.7136409015995718
0.14285714285714285,0.14285714285714285,0.14285714285714285,0.14285714285714285,0.14285714285714285,0.14285714285714285,0.14285714285714285,0.0,TN,0.9999999999964029
0.14285714285714285,0.14285714285714285,0.14285714285714285,0.14285714285714285,0.14285714285714285,0.14285714285714285,0.14285714285714285,0.0,TN,0.9999999999964029
0.18837415317822442,0.16078892687518428,0.21586229291637773,0.06438596358981669,0.11841562786148417,0.06355735968039129,0.18861567589852155,0.0,TN,0.9549703598309233
0.14285714285714285,0.14285714285714285,0.14285714285714285,0.14285714285714285,0.14285714285714285,0.14285714285714285,0.14285714285714285,0.0,TN,0.9999999999964029
0.14285714285714285,0.14285714285714285,0.14285714285714285,0.14285714285714285,0.14285714285714285,0.14285714285714285,0.14285714285714285,0.0,TN,0.9999999999964029
0.14285714285714285,0.14285714285714285,0.14285714285714285,0.14285714285714285,0.14285714285714285,0.14285714285714285,0.14285714285714285,0.0,TN,0.9999999999964029
0.14285714285714285,0.14285714285714285,0.14285714285714285,0.14285714285714285,0.14285714285714285,0.14285714285714285,0.14285714285714285,0.0,TN,0.9999999999964029
0.14285714285714285,0.14285714285714285,0.14285714285714285,0.14285714285714285,0.14285714285714285,0.14285714285714285,0.14285714285714285,0.0,TN,0.9999999999964029
0.14285714285714285,0.14285714285714285,0.14285714285714285,0.14285714285714285,0.14285714285714285,0.14285714285714285,0.14285714285714285,0.0,TN,0.9999999999964029
0.14285714285714285,0.14285714285714285,0.14285714285714285,0.14285714285714285,0.14285714285714285,0.14285714285714285,0.14285714285714285,0.0,TN,0.9999999999964029
0.14285714285714285,0.14285714285714285,0.14285714285714285,0.14285714285714285,0.14285714285714285,0.14285714285714285,0.14285714285714285,0.0,TN,0.9999999999964029
0.14285714285714285,0.14285714285714285,0.14285714285714285,0.14285714285714285,0.14285714285714285,0.14285714285714285,0.14285714285714285,0.0,TN,0.9999999999964029
0.16557933740661746,0.3840539285192407,0.40018249973159276,0.02620114948333205,0.008336754938714884,0.011334839777419685,0.004311490143082476,0.0,TN,0.6379457868406919
0.0015378236905809121,0.008248919463438623,0.28923749724438413,0.0613073125109162,0.4132776275621511,0.026460183356587185,0.1999306361719419,0.0,TN,0.7002572256208888
0.14285714285714285,0.14285714285714285,0.14285714285714285,0.14285714285714285,0.14285714285714285,0.14285714285714285,0.14285714285714285,0.0,TN,0.9999999999964029
0.14285714285714285,0.14285714285714285,0.14285714285714285,0.14285714285714285,0.14285714285714285,0.14285714285714285,0.14285714285714285,0.0,TN,0.9999999999964029
0.14285714285714285,0.14285714285714285,0.14285714285714285,0.14285714285714285,0.14285714285714285,0.14285714285714285,0.14285714285714285,0.0,TN,0.9999999999964029
0.14285714285714285,0.14285714285714285,0.14285714285714285,0.14285714285714285,0.14285714285714285,0.14285714285714285,0.14285714285714285,0.0,TN,0.9999999999964029
0.14285714285714285,0.14285714285714285,0.14285714285714285,0.14285714285714285,0.14285714285714285,0.14285714285714285,0.14285714285714285,0.0,TN,0.9999999999964029
0.14285714285714285,0.14285714285714285,0.14285714285714285,0.14285714285714285,0.14285714285714285,0.14285714285714285,0.14285714285714285,0.0,TN,0.9999999999964029
0.14285714285714285,0.14285714285714285,0.14285714285714285,0.14285714285714285,0.14285714285714285,0.14285714285714285,0.14285714285714285,0.0,TN,0.9999999999964029
0.14285714285714285,0.14285714285714285,0.14285714285714285,0.14285714285714285,0.14285714285714285,0.14285714285714285,0.14285714285714285,0.0,TN,0.9999999999964029
0.14285714285714285,0.14285714285714285,0.14285714285714285,0.14285714285714285,0.14285714285714285,0.14285714285714285,0.14285714285714285,0.0,TN,0.9999999999964029
0.11362546300500492,0.05908155336708767,0.3738406349479731,0.004884967565033043,0.12008062083491909,0.3112259693311226,0.014256146382774145,0.003004644566085355,TN,0.7232325882049915
0.14285714285714285,0.14285714285714285,0.14285714285714285,0.14285714285714285,0.14285714285714285,0.14285714285714285,0.14285714285714285,0.0,TN,0.9999999999964029
0.14285714285714285,0.14285714285714285,0.14285714285714285,0.14285714285714285,0.14285714285714285,0.14285714285714285,0.14285714285714285,0.0,TN,0.9999999999964029
0.14285714285714285,0.14285714285714285,0.14285714285714285,0.14285714285714285,0.14285714285714285,0.14285714285714285,0.14285714285714285,0.0,TN,0.9999999999964029
0.14285714285714285,0.14285714285714285,0.14285714285714285,0.14285714285714285,0.14285714285714285,0.14285714285714285,0.14285714285714285,0.0,TN,0.9999999999964029
0.14285714285714285,0.14285714285714285,0.14285714285714285,0.14285714285714285,0.14285714285714285,0.14285714285714285,0.14285714285714285,0.0,TN,0.9999999999964029
0.14285714285714285,0.14285714285714285,0.14285714285714285,0.14285714285714285,0.14285714285714285,0.14285714285714285,0.14285714285714285,0.0,TN,0.9999999999964029
0.14285714285714285,0.14285714285714285,0.14285714285714285,0.14285714285714285,0.14285714285714285,0.14285714285714285,0.14285714285714285,0.0,TN,0.9999999999964029
0.14285714285714285,0.14285714285714285,0.14285714285714285,0.14285714285714285,0.14285714285714285,0.14285714285714285,0.14285714285714285,0.0,TN,0.9999999999964029
0.14285714285714285,0.14285714285714285,0.14285714285714285,0.14285714285714285,0.14285714285714285,0.14285714285714285,0.14285714285714285,0.0,TN,0.9999999999964029
0.14285714285714285,0.14285714285714285,0.14285714285714285,0.14285714285714285,0.14285714285714285,0.14285714285714285,0.14285714285714285,0.0,TN,0.9999999999964029
0.14285714285714285,0.14285714285714285,0.14285714285714285,0.14285714285714285,0.14285714285714285,0.14285714285714285,0.14285714285714285,0.0,TN,0.9999999999964029
0.14285714285714285,0.14285714285714285,0.14285714285714285,0.14285714285714285,0.14285714285714285,0.14285714285714285,0.14285714285714285,0.0,TN,0.9999999999964029
0.14285714285714285,0.14285714285714285,0.14285714285714285,0.14285714285714285,0.14285714285714285,0.14285714285714285,0.14285714285714285,0.0,TN,0.9999999999964029
0.14285714285714285,0.14285714285714285,0.14285714285714285,0.14285714285714285,0.14285714285714285,0.14285714285714285,0.14285714285714285,0.0,TN,0.9999999999964029
0.14587707558412744,0.07148186593079146,0.09994424560005222,0.34894376389000925,0.00536890309502418,0.3043638700690698,0.024020275830925683,0.0,TN,0.7948236335534894
0.04591616714092184,0.1276278234232108,0.04725861423025749,0.1552241554455076,0.05784214913465321,0.4105351065466212,0.15559598407882794,0.0,TN,0.8517568355493599
0.14285714285714285,0.14285714285714285,0.14285714285714285,0.14285714285714285,0.14285714285714285,0.14285714285714285,0.14285714285714285,0.0,TN,0.9999999999964029
0.14285714285714285,0.14285714285714285,0.14285714285714285,0.14285714285714285,0.14285714285714285,0.14285714285714285,0.14285714285714285,0.0,TN,0.9999999999964029
0.14285714285714285,0.14285714285714285,0.14285714285714285,0.14285714285714285,0.14285714285714285,0.14285714285714285,0.14285714285714285,0.0,TN,0.9999999999964029
0.14285714285714285,0.14285714285714285,0.14285714285714285,0.14285714285714285,0.14285714285714285,0.14285714285714285,0.14285714285714285,0.0,TN,0.9999999999964029
0.14285714285714285,0.14285714285714285,0.14285714285714285,0.14285714285714285,0.14285714285714285,0.14285714285714285,0.14285714285714285,0.0,TN,0.9999999999964029
0.03839336829485243,0.10827946550609589,0.045697428821853986,0.01300041990160165,0.12211460663194633,0.08674761504125263,0.3156174355666721,0.270149660235725,TN,0.841445368366097
0.14285714285714285,0.14285714285714285,0.14285714285714285,0.14285714285714285,0.14285714285714285,0.14285714285714285,0.14285714285714285,0.0,TN,0.9999999999964029
0.14285714285714285,0.14285714285714285,0.14285714285714285,0.14285714285714285,0.14285714285714285,0.14285714285714285,0.14285714285714285,0.0,TN,0.9999999999964029
0.14285714285714285,0.14285714285714285,0.14285714285714285,0.14285714285714285,0.14285714285714285,0.14285714285714285,0.14285714285714285,0.0,TN,0.9999999999964029
0.0025984344755696854,0.02778666660969591,0.22651366074699342,0.24933133404389907,0.14642521731751607,0.04556858152304187,0.2955173568483646,0.006258748434919424,TN,0.7750959481806479
0.14285714285714285,0.14285714285714285,0.14285714285714285,0.14285714285714285,0.14285714285714285,0.14285714285714285,0.14285714285714285,0.0,TN,0.9999999999964029
0.14285714285714285,0.14285714285714285,0.14285714285714285,0.14285714285714285,0.14285714285714285,0.14285714285714285,0.14285714285714285,0.0,TN,0.9999999999964029
0.14285714285714285,0.14285714285714285,0.14285714285714285,0.14285714285714285,0.14285714285714285,0.14285714285714285,0.14285714285714285,0.0,TN,0.9999999999964029
0.14285714285714285,0.14285714285714285,0.14285714285714285,0.14285714285714285,0.14285714285714285,0.14285714285714285,0.14285714285714285,0.0,TN,0.9999999999964029
0.14285714285714285,0.14285714285714285,0.14285714285714285,0.14285714285714285,0.14285714285714285,0.14285714285714285,0.14285714285714285,0.0,TN,0.9999999999964029
0.14285714285714285,0.14285714285714285,0.14285714285714285,0.14285714285714285,0.14285714285714285,0.14285714285714285,0.14285714285714285,0.0,TN,0.9999999999964029
0.006919267955390296,0.11718685975406197,0.09675340928825832,0.042265910196075,0.3284073913530699,0.05161867704573147,0.23223654681093805,0.12461193759647504,TN,0.8476334877553335
0.14285714285714285,0.14285714285714285,0.14285714285714285,0.14285714285714285,0.14285714285714285,0.14285714285714285,0.14285714285714285,0.0,TN,0.9999999999964029
0.14285714285714285,0.14285714285714285,0.14285714285714285,0.14285714285714285,0.14285714285714285,0.14285714285714285,0.14285714285714285,0.0,TN,0.9999999999964029
0.14285714285714285,0.14285714285714285,0.14285714285714285,0.14285714285714285,0.14285714285714285,0.14285714285714285,0.14285714285714285,0.0,TN,0.9999999999964029
0.14285714285714285,0.14285714285714285,0.14285714285714285,0.14285714285714285,0.14285714285714285,0.14285714285714285,0.14285714285714285,0.0,TN,0.9999999999964029
0.05101583189958974,0.023120600679926263,0.011516231249915845,0.5679969917172012,0.2595129621044823,0.08464778391479114,0.002189598434093342,0.0,TN,0.6084995254213168
0.12763813050364298,0.06762191430107703,0.04227729123413152,0.036863093244687485,0.13624914519777548,0.1897312939417129,0.003642341379474143,0.3959767901974985,TN,0.8052892766657149
0.14285714285714285,0.14285714285714285,0.14285714285714285,0.14285714285714285,0.14285714285714285,0.14285714285714285,0.14285714285714285,0.0,TN,0.9999999999964029
0.14285714285714285,0.14285714285714285,0.14285714285714285,0.14285714285714285,0.14285714285714285,0.14285714285714285,0.14285714285714285,0.0,TN,0.9999999999964029
0.14285714285714285,0.14285714285714285,0.14285714285714285,0.14285714285714285,0.14285714285714285,0.14285714285714285,0.14285714285714285,0.0,TN,0.9999999999964029
0.14285714285714285,0.14285714285714285,0.14285714285714285,0.14285714285714285,0.14285714285714285,0.14285714285714285,0.14285714285714285,0.0,TN,0.9999999999964029
0.14285714285714285,0.14285714285714285,0.14285714285714285,0.14285714285714285,0.14285714285714285,0.14285714285714285,0.14285714285714285,0.0,TN,0.9999999999964029
0.14285714285714285,0.14285714285714285,0.14285714285714285,0.14285714285714285,0.14285714285714285,0.14285714285714285,0.14285714285714285,0.0,TN,0.9999999999964029
0.14285714285714285,0.14285714285714285,0.14285714285714285,0.14285714285714285,0.14285714285714285,0.14285714285714285,0.14285714285714285,0.0,TN,0.9999999999964029
0.14285714285714285,0.14285714285714285,0.14285714285714285,0.14285714285714285,0.14285714285714285,0.14285714285714285,0.14285714285714285,0.0,TN,0.9999999999964029
0.05166231577448589,0.01506422627285914,0.1503334396588988,0.6489987040590368,0.0020322478312072953,0.060182112900783916,0.01367886212376958,0.05804809137895864,TN,0.5710165921473161
0.14285714285714285,0.14285714285714285,0.14285714285714285,0.14285714285714285,0.14285714285714285,0.14285714285714285,0.14285714285714285,0.0,TN,0.9999999999964029
0.14285714285714285,0.14285714285714285,0.14285714285714285,0.14285714285714285,0.14285714285714285,0.14285714285714285,0.14285714285714285,0.0,TN,0.9999999999964029
0.35268359249670356,0.005796520103952272,0.08053871223883849,0.017226587480212427,0.09887384692836002,0.050211397350782325,0.29606914161898906,0.09860020178216186,TN,0.7877305887891938
0.14285714285714285,0.14285714285714285,0.14285714285714285,0.14285714285714285,0.14285714285714285,0.14285714285714285,0.14285714285714285,0.0,TN,0.9999999999964029
0.14285714285714285,0.14285714285714285,0.14285714285714285,0.14285714285714285,0.14285714285714285,0.14285714285714285,0.14285714285714285,0.0,TN,0.9999999999964029
0.14285714285714285,0.14285714285714285,0.14285714285714285,0.14285714285714285,0.14285714285714285,0.14285714285714285,0.14285714285714285,0.0,TN,0.9999999999964029
0.20441107203763328,0.07195346715054705,0.4488855037900999,0.1557818941460039,0.06607784137418542,0.03738897190459917,0.00038026485384717634,0.01512098474308413,TN,0.7366718615912825
0.14285714285714285,0.14285714285714285,0.14285714285714285,0.14285714285714285,0.14285714285714285,0.14285714285714285,0.14285714285714285,0.0,TN,0.9999999999964029
0.14285714285714285,0.14285714285714285,0.14285714285714285,0.14285714285714285,0.14285714285714285,0.14285714285714285,0.14285714285714285,0.0,TN,0.9999999999964029
0.14285714285714285,0.14285714285714285,0.14285714285714285,0.14285714285714285,0.14285714285714285,0.14285714285714285,0.14285714285714285,0.0,TN,0.9999999999964029
0.047916750689841935,0.007090134937693684,0.516920022347067,0.027356418578358584,0.1623398957336508,0.06387470500525567,0.024834629942677135,0.14966744276545513,TN,0.7055366120270415
0.14285714285714285,0.14285714285714285,0.14285714285714285,0.14285714285714285,0.14285714285714285,0.14285714285714285,0.14285714285714285,0.0,TN,0.9999999999964029
0.133750675787581,0.3320066091287386,0.021426406324386044,0.27281423268867666,0.10939878590976336,0.09842654756620435,0.032176742594649935,0.0,TN,0.8493263109693533
0.14285714285714285,0.14285714285714285,0.14285714285714285,0.14285714285714285,0.14285714285714285,0.14285714285714285,0.14285714285714285,0.0,TN,0.9999999999964029
0.14285714285714285,0.14285714285714285,0.14285714285714285,0.14285714285714285,0.14285714285714285,0.14285714285714285,0.14285714285714285,0.0,TN,0.9999999999964029
0.14285714285714285,0.14285714285714285,0.14285714285714285,0.14285714285714285,0.14285714285714285,0.14285714285714285,0.14285714285714285,0.0,TN,0.9999999999964029
0.14285714285714285,0.14285714285714285,0.14285714285714285,0.14285714285714285,0.14285714285714285,0.14285714285714285,0.14285714285714285,0.0,TN,0.9999999999964029
0.14285714285714285,0.14285714285714285,0.14285714285714285,0.14285714285714285,0.14285714285714285,0.14285714285714285,0.14285714285714285,0.0,TN,0.9999999999964029
0.14285714285714285,0.14285714285714285,0.14285714285714285,0.14285714285714285,0.14285714285714285,0.14285714285714285,0.14285714285714285,0.0,TN,0.9999999999964029
0.14285714285714285,0.14285714285714285,0.14285714285714285,0.14285714285714285,0.14285714285714285,0.14285714285714285,0.14285714285714285,0.0,TN,0.9999999999964029
0.03493543998778289,0.219477535606745,0.133002488373198,0.10722102693414243,0.10930325644532321,0.2045733675055444,0.14783098264927713,0.04365590249798701,TN,0.9346930356488709
0.14285714285714285,0.14285714285714285,0.14285714285714285,0.14285714285714285,0.14285714285714285,0.14285714285714285,0.14285714285714285,0.0,TN,0.9999999999964029
0.14285714285714285,0.14285714285714285,0.14285714285714285,0.14285714285714285,0.14285714285714285,0.14285714285714285,0.14285714285714285,0.0,TN,0.9999999999964029
0.14285714285714285,0.14285714285714285,0.14285714285714285,0.14285714285714285,0.14285714285714285,0.14285714285714285,0.14285714285714285,0.0,TN,0.9999999999964029
0.14285714285714285,0.14285714285714285,0.14285714285714285,0.14285714285714285,0.14285714285714285,0.14285714285714285,0.14285714285714285,0.0,TN,0.9999999999964029
0.12485690046843763,0.11523690509352436,0.20339383121618732,0.045522884804241756,0.21907047567013527,0.1625764905207066,0.12934251222676715,0.0,TN,0.9588605551913832
0.14285714285714285,0.14285714285714285,0.14285714285714285,0.14285714285714285,0.14285714285714285,0.14285714285714285,0.14285714285714285,0.0,TN,0.9999999999964029
0.39725753696277116,2.6600627511617903e-06,0.09678575897009245,0.16348257910210953,0.0863718411052786,0.03244453839835608,0.2236550853986411,0.0,TN,0.7947858824304073
0.14285714285714285,0.14285714285714285,0.14285714285714285,0.14285714285714285,0.14285714285714285,0.14285714285714285,0.14285714285714285,0.0,TN,0.9999999999964029
0.14285714285714285,0.14285714285714285,0.14285714285714285,0.14285714285714285,0.14285714285714285,0.14285714285714285,0.14285714285714285,0.0,TN,0.9999999999964029
0.08900649694576913,0.06922754576942607,0.23646271113606537,0.2589066577269958,0.16244341752782734,0.058471440140966696,7.065774621486137e-05,0.1254110730067347,TN,0.8720090190884147
0.14285714285714285,0.14285714285714285,0.14285714285714285,0.14285714285714285,0.14285714285714285,0.14285714285714285,0.14285714285714285,0.0,TN,0.9999999999964029
0.14285714285714285,0.14285714285714285,0.14285714285714285,0.14285714285714285,0.14285714285714285,0.14285714285714285,0.14285714285714285,0.0,TN,0.9999999999964029
0.14285714285714285,0.14285714285714285,0.14285714285714285,0.14285714285714285,0.14285714285714285,0.14285714285714285,0.14285714285714285,0.0,TN,0.9999999999964029
0.08314882390943798,0.0916953676488956,0.02369219011314062,0.20285733752995067,0.11910108942274865,0.38037869402185426,0.09912649735397222,0.0,TN,0.8676528170293515
0.14285714285714285,0.14285714285714285,0.14285714285714285,0.14285714285714285,0.14285714285714285,0.14285714285714285,0.14285714285714285,0.0,TN,0.9999999999964029
0.14285714285714285,0.14285714285714285,0.14285714285714285,0.14285714285714285,0.14285714285714285,0.14285714285714285,0.14285714285714285,0.0,TN,0.9999999999964029
0.14285714285714285,0.14285714285714285,0.14285714285714285,0.14285714285714285,0.14285714285714285,0.14285714285714285,0.14285714285714285,0.0,TN,0.9999999999964029
0.14285714285714285,0.14285714285714285,0.14285714285714285,0.14285714285714285,0.14285714285714285,0.14285714285714285,0.14285714285714285,0.0,TN,0.9999999999964029
0.14285714285714285,0.14285714285714285,0.14285714285714285,0.14285714285714285,0.14285714285714285,0.14285714285714285,0.14285714285714285,0.0,TN,0.9999999999964029
0.14285714285714285,0.14285714285714285,0.14285714285714285,0.14285714285714285,0.14285714285714285,0.14285714285714285,0.14285714285714285,0.0,TN,0.9999999999964029
0.14285714285714285,0.14285714285714285,0.14285714285714285,0.14285714285714285,0.14285714285714285,0.14285714285714285,0.14285714285714285,0.0,TN,0.9999999999964029
0.14285714285714285,0.14285714285714285,0.14285714285714285,0.14285714285714285,0.14285714285714285,0.14285714285714285,0.14285714285714285,0.0,TN,0.9999999999964029
0.14285714285714285,0.14285714285714285,0.14285714285714285,0.14285714285714285,0.14285714285714285,0.14285714285714285,0.14285714285714285,0.0,TN,0.9999999999964029
0.14285714285714285,0.14285714285714285,0.14285714285714285,0.14285714285714285,0.14285714285714285,0.14285714285714285,0.14285714285714285,0.0,TN,0.9999999999964029
0.14285714285714285,0.14285714285714285,0.14285714285714285,0.14285714285714285,0.14285714285714285,0.14285714285714285,0.14285714285714285,0.0,TN,0.9999999999964029
0.14285714285714285,0.14285714285714285,0.14285714285714285,0.14285714285714285,0.14285714285714285,0.14285714285714285,0.14285714285714285,0.0,TN,0.9999999999964029
0.14285714285714285,0.14285714285714285,0.14285714285714285,0.14285714285714285,0.14285714285714285,0.14285714285714285,0.14285714285714285,0.0,TN,0.9999999999964029
0.008608059548845496,0.1690340233116593,0.005316616572969369,0.058021084448966566,0.3794572586884685,0.21191546305907683,0.11972020027359329,0.04792729409642075,TN,0.7841848026298657
0.14285714285714285,0.14285714285714285,0.14285714285714285,0.14285714285714285,0.14285714285714285,0.14285714285714285,0.14285714285714285,0.0,TN,0.9999999999964029
0.0066999580514538306,0.1645219192138429,0.05488768043613721,0.012007627474519297,0.16463186887621248,0.30897834618470166,0.2882725997631325,0.0,TN,0.8023612451804409
0.14285714285714285,0.14285714285714285,0.14285714285714285,0.14285714285714285,0.14285714285714285,0.14285714285714285,0.14285714285714285,0.0,TN,0.9999999999964029
0.14285714285714285,0.14285714285714285,0.14285714285714285,0.14285714285714285,0.14285714285714285,0.14285714285714285,0.14285714285714285,0.0,TN,0.9999999999964029
0.14285714285714285,0.14285714285714285,0.14285714285714285,0.14285714285714285,0.14285714285714285,0.14285714285714285,0.14285714285714285,0.0,TN,0.9999999999964029
0.14285714285714285,0.14285714285714285,0.14285714285714285,0.14285714285714285,0.14285714285714285,0.14285714285714285,0.14285714285714285,0.0,TN,0.9999999999964029
0.031664046403288265,0.14268950432301503,0.1858909439834329,0.08247750030269027,0.147750225185297,0.37364729851295503,0.027053609541315488,0.008826871748006018,TN,0.8153680026906385
0.14285714285714285,0.14285714285714285,0.14285714285714285,0.14285714285714285,0.14285714285714285,0.14285714285714285,0.14285714285714285,0.0,TN,0.9999999999964029
0.14285714285714285,0.14285714285714285,0.14285714285714285,0.14285714285714285,0.14285714285714285,0.14285714285714285,0.14285714285714285,0.0,TN,0.9999999999964029
0.20660503255472806,0.14409057983688056,0.0014143011772022335,0.117015769273348,0.25457524288933825,0.09285289854293614,0.18344617572556676,0.0,TN,0.896940088004953
0.030386779608654522,0.15071848913117525,0.21503800895702574,0.10507508607211287,0.2519861951189363,0.02872323652339865,0.21807220458869678,0.0,TN,0.8941975877766055
0.14285714285714285,0.14285714285714285,0.14285714285714285,0.14285714285714285,0.14285714285714285,0.14285714285714285,0.14285714285714285,0.0,TN,0.9999999999964029
0.18829000319239275,0.0028023598956532824,0.025268539103753138,0.5606503800376671,0.040120797316773975,0.02306918277777881,0.005947337479583899,0.15385140019639693,TN,0.6168332463792221
0.004812600181486068,0.05518793411590169,0.007770933622721755,0.0777043567527709,0.2792270602056811,0.5142809503541343,0.06101616476730419,0.0,TN,0.6632772315440614
0.14285714285714285,0.14285714285714285,0.14285714285714285,0.14285714285714285,0.14285714285714285,0.14285714285714285,0.14285714285714285,0.0,TN,0.9999999999964029
0.14285714285714285,0.14285714285714285,0.14285714285714285,0.14285714285714285,0.14285714285714285,0.14285714285714285,0.14285714285714285,0.0,TN,0.9999999999964029
0.14285714285714285,0.14285714285714285,0.14285714285714285,0.14285714285714285,0.14285714285714285,0.14285714285714285,0.14285714285714285,0.0,TN,0.9999999999964029
0.14285714285714285,0.14285714285714285,0.14285714285714285,0.14285714285714285,0.14285714285714285,0.14285714285714285,0.14285714285714285,0.0,TN,0.9999999999964029
0.14285714285714285,0.14285714285714285,0.14285714285714285,0.14285714285714285,0.14285714285714285,0.14285714285714285,0.14285714285714285,0.0,TN,0.9999999999964029
0.2982489933984774,0.1978913338073888,0.007796639275027704,0.04346192412561276,0.09932408110223434,0.11053071962355801,0.015146811934917846,0.2275994967327831,TN,0.8313399043449567
0.14285714285714285,0.14285714285714285,0.14285714285714285,0.14285714285714285,0.14285714285714285,0.14285714285714285,0.14285714285714285,0.0,TN,0.9999999999964029
0.14285714285714285,0.14285714285714285,0.14285714285714285,0.14285714285714285,0.14285714285714285,0.14285714285714285,0.14285714285714285,0.0,TN,0.9999999999964029
0.25959244006446547,0.13365070456126468,0.18112146770203277,0.022991526564910065,0.026506433602076926,0.15066678880968384,0.02255792886781221,0.20291270982775397,TN,0.8684253722121773
0.1815369786332829,0.0547310132226444,0.07415336800671364,0.27136520420159127,0.01290815994217258,0.01316395093331431,0.17781899208380383,0.214322332976477,TN,0.8492588677372114
0.014193893942425269,0.009152932072935212,0.023591909894371883,0.09780457511369105,0.07980612363518182,0.35124078613006166,0.42420977921133307,0.0,TN,0.6948707683387275
0.14285714285714285,0.14285714285714285,0.14285714285714285,0.14285714285714285,0.14285714285714285,0.14285714285714285,0.14285714285714285,0.0,TN,0.9999999999964029
0.14285714285714285,0.14285714285714285,0.14285714285714285,0.14285714285714285,0.14285714285714285,0.14285714285714285,0.14285714285714285,0.0,TN,0.9999999999964029
0.14285714285714285,0.14285714285714285,0.14285714285714285,0.14285714285714285,0.14285714285714285,0.14285714285714285,0.14285714285714285,0.0,TN,0.9999999999964029
0.14285714285714285,0.14285714285714285,0.14285714285714285,0.14285714285714285,0.14285714285714285,0.14285714285714285,0.14285714285714285,0.0,TN,0.9999999999964029
0.14285714285714285,0.14285714285714285,0.14285714285714285,0.14285714285714285,0.14285714285714285,0.14285714285714285,0.14285714285714285,0.0,TN,0.9999999999964029
0.005709441199414285,0.2501919376539589,0.00034675033514410767,0.2991661232331943,0.027825342617531612,0.11890119086427572,0.29785921409648103,0.0,TN,0.7469676069379444
0.1820889798316121,0.06596993085426231,0.22905457353384817,0.13691308291601398,0.04658722857454499,0.018506952831517515,0.32087925145820084,0.0,TN,0.8637288731519026
0.14285714285714285,0.14285714285714285,0.14285714285714285,0.14285714285714285,0.14285714285714285,0.14285714285714285,0.14285714285714285,0.0,TN,0.9999999999964029
0.14285714285714285,0.14285714285714285,0.14285714285714285,0.14285714285714285,0.14285714285714285,0.14285714285714285,0.14285714285714285,0.0,TN,0.9999999999964029
0.1897966464295898,0.008029477158896384,0.008755607730733599,0.006061207942379033,0.03607175519144774,0.10777094424757411,0.6435143612993792,0.0,TN,0.5499584647201873
0.14285714285714285,0.14285714285714285,0.14285714285714285,0.14285714285714285,0.14285714285714285,0.14285714285714285,0.14285714285714285,0.0,TN,0.9999999999964029
0.14285714285714285,0.14285714285714285,0.14285714285714285,0.14285714285714285,0.14285714285714285,0.14285714285714285,0.14285714285714285,0.0,TN,0.9999999999964029
0.14285714285714285,0.14285714285714285,0.14285714285714285,0.14285714285714285,0.14285714285714285,0.14285714285714285,0.14285714285714285,0.0,TN,0.9999999999964029
0.14285714285714285,0.14285714285714285,0.14285714285714285,0.14285714285714285,0.14285714285714285,0.14285714285714285,0.14285714285714285,0.0,TN,0.9999999999964029
0.14285714285714285,0.14285714285714285,0.14285714285714285,0.14285714285714285,0.14285714285714285,0.14285714285714285,0.14285714285714285,0.0,TN,0.9999999999964029
0.14285714285714285,0.14285714285714285,0.14285714285714285,0.14285714285714285,0.14285714285714285,0.14285714285714285,0.14285714285714285,0.0,TN,0.9999999999964029
0.14285714285714285,0.14285714285714285,0.14285714285714285,0.14285714285714285,0.14285714285714285,0.14285714285714285,0.14285714285714285,0.0,TN,0.9999999999964029
0.13608352487379455,0.01045869611272933,0.2944015509680162,0.03859470504035609,0.022089818949764268,0.12589370401889557,0.19943841979425547,0.1730395802421886,TN,0.8535608077736807
0.14285714285714285,0.14285714285714285,0.14285714285714285,0.14285714285714285,0.14285714285714285,0.14285714285714285,0.14285714285714285,0.0,TN,0.9999999999964029
0.14285714285714285,0.14285714285714285,0.14285714285714285,0.14285714285714285,0.14285714285714285,0.14285714285714285,0.14285714285714285,0.0,TN,0.9999999999964029
0.14285714285714285,0.14285714285714285,0.14285714285714285,0.14285714285714285,0.14285714285714285,0.14285714285714285,0.14285714285714285,0.0,TN,0.9999999999964029
0.14285714285714285,0.14285714285714285,0.14285714285714285,0.14285714285714285,0.14285714285714285,0.14285714285714285,0.14285714285714285,0.0,TN,0.9999999999964029
0.07650145837285509,0.006027736418782186,0.05076550576587416,0.19156575175417567,0.31508514465436926,0.027109264911417262,0.2714048062140047,0.061540331908521595,TN,0.8091404959335512
0.14285714285714285,0.14285714285714285,0.14285714285714285,0.14285714285714285,0.14285714285714285,0.14285714285714285,0.14285714285714285,0.0,TN,0.9999999999964029
0.14285714285714285,0.14285714285714285,0.14285714285714285,0.14285714285714285,0.14285714285714285,0.14285714285714285,0.14285714285714285,0.0,TN,0.9999999999964029
0.14285714285714285,0.14285714285714285,0.14285714285714285,0.14285714285714285,0.14285714285714285,0.14285714285714285,0.14285714285714285,0.0,TN,0.9999999999964029
0.14285714285714285,0.14285714285714285,0.14285714285714285,0.14285714285714285,0.14285714285714285,0.14285714285714285,0.14285714285714285,0.0,TN,0.9999999999964029
0.14285714285714285,0.14285714285714285,0.14285714285714285,0.14285714285714285,0.14285714285714285,0.14285714285714285,0.14285714285714285,0.0,TN,0.9999999999964029
0.14285714285714285,0.14285714285714285,0.14285714285714285,0.14285714285714285,0.14285714285714285,0.14285714285714285,0.14285714285714285,0.0,TN,0.9999999999964029
0.2151491507267163,0.0005840175725196095,0.04537318860601581,0.016262852971855802,0.02027110967735392,0.6054178796431827,0.09694180080235582,0.0,TN,0.5916519139133634
0.14285714285714285,0.14285714285714285,0.14285714285714285,0.14285714285714285,0.14285714285714285,0.14285714285714285,0.14285714285714285,0.0,TN,0.9999999999964029
0.14285714285714285,0.14285714285714285,0.14285714285714285,0.14285714285714285,0.14285714285714285,0.14285714285714285,0.14285714285714285,0.0,TN,0.9999999999964029
0.14285714285714285,0.14285714285714285,0.14285714285714285,0.14285714285714285,0.14285714285714285,0.14285714285714285,0.14285714285714285,0.0,TN,0.9999999999964029
0.14285714285714285,0.14285714285714285,0.14285714285714285,0.14285714285714285,0.14285714285714285,0.14285714285714285,0.14285714285714285,0.0,TN,0.9999999999964029
0.14285714285714285,0.14285714285714285,0.14285714285714285,0.14285714285714285,0.14285714285714285,0.14285714285714285,0.14285714285714285,0.0,TN,0.9999999999964029
0.14285714285714285,0.14285714285714285,0.14285714285714285,0.14285714285714285,0.14285714285714285,0.14285714285714285,0.14285714285714285,0.0,TN,0.9999999999964029
0.044681171552802185,0.046667317391655354,0.02905228901244264,0.09058070757532459,0.3133082231640142,0.4271623957205141,0.04854789558324687,0.0,TN,0.758544896929409
0.14285714285714285,0.14285714285714285,0.14285714285714285,0.14285714285714285,0.14285714285714285,0.14285714285714285,0.14285714285714285,0.0,TN,0.9999999999964029
0.05190654531525038,0.21786820103628896,0.09958660791077496,0.3426451365952461,0.13342096340023962,0.10109867711542206,0.053473868626778005,0.0,TN,0.8938222885181002
0.14285714285714285,0.14285714285714285,0.14285714285714285,0.14285714285714285,0.14285714285714285,0.14285714285714285,0.14285714285714285,0.0,TN,0.9999999999964029
0.14285714285714285,0.14285714285714285,0.14285714285714285,0.14285714285714285,0.14285714285714285,0.14285714285714285,0.14285714285714285,0.0,TN,0.9999999999964029
0.058781099327387475,0.12377744492542198,0.1206506153424771,0.43123957383710276,0.028971339759641838,0.019251633911710236,0.1786346325381305,0.038693660358128136,TN,0.7959934903769209
0.14285714285714285,0.14285714285714285,0.14285714285714285,0.14285714285714285,0.14285714285714285,0.14285714285714285,0.14285714285714285,0.0,TN,0.9999999999964029
0.14285714285714285,0.14285714285714285,0.14285714285714285,0.14285714285714285,0.14285714285714285,0.14285714285714285,0.14285714285714285,0.0,TN,0.9999999999964029
0.14285714285714285,0.14285714285714285,0.14285714285714285,0.14285714285714285,0.14285714285714285,0.14285714285714285,0.14285714285714285,0.0,TN,0.9999999999964029
0.14285714285714285,0.14285714285714285,0.14285714285714285,0.14285714285714285,0.14285714285714285,0.14285714285714285,0.14285714285714285,0.0,TN,0.9999999999964029
0.14285714285714285,0.14285714285714285,0.14285714285714285,0.14285714285714285,0.14285714285714285,0.14285714285714285,0.14285714285714285,0.0,TN,0.9999999999964029
0.14285714285714285,0.14285714285714285,0.14285714285714285,0.14285714285714285,0.14285714285714285,0.14285714285714285,0.14285714285714285,0.0,TN,0.9999999999964029
0.14285714285714285,0.14285714285714285,0.14285714285714285,0.14285714285714285,0.14285714285714285,0.14285714285714285,0.14285714285714285,0.0,TN,0.9999999999964029
0.14285714285714285,0.14285714285714285,0.14285714285714285,0.14285714285714285,0.14285714285714285,0.14285714285714285,0.14285714285714285,0.0,TN,0.9999999999964029
0.14285714285714285,0.14285714285714285,0.14285714285714285,0.14285714285714285,0.14285714285714285,0.14285714285714285,0.14285714285714285,0.0,TN,0.9999999999964029
0.14285714285714285,0.14285714285714285,0.14285714285714285,0.14285714285714285,0.14285714285714285,0.14285714285714285,0.14285714285714285,0.0,TN,0.9999999999964029
0.14285714285714285,0.14285714285714285,0.14285714285714285,0.14285714285714285,0.14285714285714285,0.14285714285714285,0.14285714285714285,0.0,TN,0.9999999999964029
0.14285714285714285,0.14285714285714285,0.14285714285714285,0.14285714285714285,0.14285714285714285,0.14285714285714285,0.14285714285714285,0.0,TN,0.9999999999964029
0.14285714285714285,0.14285714285714285,0.14285714285714285,0.14285714285714285,0.14285714285714285,0.14285714285714285,0.14285714285714285,0.0,TN,0.9999999999964029
0.14285714285714285,0.14285714285714285,0.14285714285714285,0.14285714285714285,0.14285714285714285,0.14285714285714285,0.14285714285714285,0.0,TN,0.9999999999964029
0.08993915432262962,0.1687363608381557,0.0839176497947461,0.0633643661551189,0.14640932883276153,0.04799461030439481,0.3996385297521934,0.0,TN,0.8701478339130045
0.04552503000620361,0.06322459084373695,0.16505370496806404,0.40963398647783544,0.11511286553567708,0.1256858433683868,0.011483234994559931,0.064280743805536,TN,0.824927952770142
0.010971374287812141,0.1635362284317481,0.05233747613790889,0.22589871557799132,0.0049875278522559865,0.06763211410680173,0.21982610271703046,0.2548104608884515,TN,0.8300823822812854
0.14285714285714285,0.14285714285714285,0.14285714285714285,0.14285714285714285,0.14285714285714285,0.14285714285714285,0.14285714285714285,0.0,TN,0.9999999999964029
0.012108493611235453,0.019004639508952773,0.08637460538013676,0.05449403660760514,0.0032404832567680007,0.45894891746498884,0.008485683789749794,0.3573431403805633,TN,0.6170252127218842
0.14285714285714285,0.14285714285714285,0.14285714285714285,0.14285714285714285,0.14285714285714285,0.14285714285714285,0.14285714285714285,0.0,TN,0.9999999999964029
0.14285714285714285,0.14285714285714285,0.14285714285714285,0.14285714285714285,0.14285714285714285,0.14285714285714285,0.14285714285714285,0.0,TN,0.9999999999964029
0.14285714285714285,0.14285714285714285,0.14285714285714285,0.14285714285714285,0.14285714285714285,0.14285714285714285,0.14285714285714285,0.0,TN,0.9999999999964029
0.14285714285714285,0.14285714285714285,0.14285714285714285,0.14285714285714285,0.14285714285714285,0.14285714285714285,0.14285714285714285,0.0,TN,0.9999999999964029
0.14285714285714285,0.14285714285714285,0.14285714285714285,0.14285714285714285,0.14285714285714285,0.14285714285714285,0.14285714285714285,0.0,TN,0.9999999999964029
0.14285714285714285,0.14285714285714285,0.14285714285714285,0.14285714285714285,0.14285714285714285,0.14285714285714285,0.14285714285714285,0.0,TN,0.9999999999964029
0.14285714285714285,0.14285714285714285,0.14285714285714285,0.14285714285714285,0.14285714285714285,0.14285714285714285,0.14285714285714285,0.0,TN,0.9999999999964029
0.14285714285714285,0.14285714285714285,0.14285714285714285,0.14285714285714285,0.14285714285714285,0.14285714285714285,0.14285714285714285,0.0,TN,0.9999999999964029
0.14285714285714285,0.14285714285714285,0.14285714285714285,0.14285714285714285,0.14285714285714285,0.14285714285714285,0.14285714285714285,0.0,TN,0.9999999999964029
0.14285714285714285,0.14285714285714285,0.14285714285714285,0.14285714285714285,0.14285714285714285,0.14285714285714285,0.14285714285714285,0.0,TN,0.9999999999964029
0.20301885642041703,0.03646981726690959,0.22318591447888894,0.036894032519118915,0.2520377377867916,0.008627342770565313,0.23212315877186188,0.007643139985446619,TN,0.800960491774325
0.14285714285714285,0.14285714285714285,0.14285714285714285,0.14285714285714285,0.14285714285714285,0.14285714285714285,0.14285714285714285,0.0,TN,0.9999999999964029
0.14285714285714285,0.14285714285714285,0.14285714285714285,0.14285714285714285,0.14285714285714285,0.14285714285714285,0.14285714285714285,0.0,TN,0.9999999999964029
0.14285714285714285,0.14285714285714285,0.14285714285714285,0.14285714285714285,0.14285714285714285,0.14285714285714285,0.14285714285714285,0.0,TN,0.9999999999964029
0.14285714285714285,0.14285714285714285,0.14285714285714285,0.14285714285714285,0.14285714285714285,0.14285714285714285,0.14285714285714285,0.0,TN,0.9999999999964029
0.14285714285714285,0.14285714285714285,0.14285714285714285,0.14285714285714285,0.14285714285714285,0.14285714285714285,0.14285714285714285,0.0,TN,0.9999999999964029
0.14285714285714285,0.14285714285714285,0.14285714285714285,0.14285714285714285,0.14285714285714285,0.14285714285714285,0.14285714285714285,0.0,TN,0.9999999999964029
0.04703936081884125,0.31140303618670817,0.010083190936060263,0.16216060407980132,0.010058079948567462,0.03657039538580008,0.18556008608612543,0.2371252465580961,TN,0.8028652898486858
0.14285714285714285,0.14285714285714285,0.14285714285714285,0.14285714285714285,0.14285714285714285,0.14285714285714285,0.14285714285714285,0.0,TN,0.9999999999964029
0.14285714285714285,0.14285714285714285,0.14285714285714285,0.14285714285714285,0.14285714285714285,0.14285714285714285,0.14285714285714285,0.0,TN,0.9999999999964029
0.14285714285714285,0.14285714285714285,0.14285714285714285,0.14285714285714285,0.14285714285714285,0.14285714285714285,0.14285714285714285,0.0,TN,0.9999999999964029
0.0036094933422758722,0.06212514182680909,0.35545599269258843,0.1676354077336719,0.22741622885938925,0.017513443574247313,0.13555790269349988,0.03068638927751815,TN,0.7912786252744964
0.14285714285714285,0.14285714285714285,0.14285714285714285,0.14285714285714285,0.14285714285714285,0.14285714285714285,0.14285714285714285,0.0,TN,0.9999999999964029
0.14285714285714285,0.14285714285714285,0.14285714285714285,0.14285714285714285,0.14285714285714285,0.14285714285714285,0.14285714285714285,0.0,TN,0.9999999999964029
0.14285714285714285,0.14285714285714285,0.14285714285714285,0.14285714285714285,0.14285714285714285,0.14285714285714285,0.14285714285714285,0.0,TN,0.9999999999964029
0.14285714285714285,0.14285714285714285,0.14285714285714285,0.14285714285714285,0.14285714285714285,0.14285714285714285,0.14285714285714285,0.0,TN,0.9999999999964029
0.009505229583527898,0.021341691943731003,0.10737236496697819,0.2684187856131785,0.09056349780759401,0.07421447743904332,0.14885003678532638,0.2797339158606208,TN,0.8508989113527274
0.14285714285714285,0.14285714285714285,0.14285714285714285,0.14285714285714285,0.14285714285714285,0.14285714285714285,0.14285714285714285,0.0,TN,0.9999999999964029
0.14285714285714285,0.14285714285714285,0.14285714285714285,0.14285714285714285,0.14285714285714285,0.14285714285714285,0.14285714285714285,0.0,TN,0.9999999999964029
0.17013102631391105,0.1037932570861679,0.14559429616094854,0.1603054335524423,0.4079571092955718,0.0050488718385663395,0.00717000575239221,0.0,TN,0.7905590669528779
0.08335286483977283,0.38464304598100363,0.032715744086105975,0.002665219313377465,0.23771886766153738,0.22418844247188124,0.03471581564632146,0.0,TN,0.7686374731970806
0.14285714285714285,0.14285714285714285,0.14285714285714285,0.14285714285714285,0.14285714285714285,0.14285714285714285,0.14285714285714285,0.0,TN,0.9999999999964029
0.14285714285714285,0.14285714285714285,0.14285714285714285,0.14285714285714285,0.14285714285714285,0.14285714285714285,0.14285714285714285,0.0,TN,0.9999999999964029
0.10328261660299798,0.15142668891309208,0.26230537173906154,0.1222783095820744,0.05114998905263387,0.09438009762147412,0.21517692648866596,0.0,TN,0.9423531962425455
0.14285714285714285,0.14285714285714285,0.14285714285714285,0.14285714285714285,0.14285714285714285,0.14285714285714285,0.14285714285714285,0.0,TN,0.9999999999964029
0.14285714285714285,0.14285714285714285,0.14285714285714285,0.14285714285714285,0.14285714285714285,0.14285714285714285,0.14285714285714285,0.0,TN,0.9999999999964029
0.14285714285714285,0.14285714285714285,0.14285714285714285,0.14285714285714285,0.14285714285714285,0.14285714285714285,0.14285714285714285,0.0,TN,0.9999999999964029
0.2616347328214385,0.11172570848426472,0.007853697019205507,0.026677741492551272,0.29964648058881505,0.10948528181043389,0.1829763577832911,0.0,TN,0.8450948714756955
0.14285714285714285,0.14285714285714285,0.14285714285714285,0.14285714285714285,0.14285714285714285,0.14285714285714285,0.14285714285714285,0.0,TN,0.9999999999964029
0.14285714285714285,0.14285714285714285,0.14285714285714285,0.14285714285714285,0.14285714285714285,0.14285714285714285,0.14285714285714285,0.0,TN,0.9999999999964029
0.07640460190149116,0.05204085948001382,0.5154878238818492,0.056682855418999534,0.02195032220843027,0.2452643723597362,0.03216916474947976,0.0,TN,0.716206144116778
0.14285714285714285,0.14285714285714285,0.14285714285714285,0.14285714285714285,0.14285714285714285,0.14285714285714285,0.14285714285714285,0.0,TN,0.9999999999964029
0.14285714285714285,0.14285714285714285,0.14285714285714285,0.14285714285714285,0.14285714285714285,0.14285714285714285,0.14285714285714285,0.0,TN,0.9999999999964029
0.14285714285714285,0.14285714285714285,0.14285714285714285,0.14285714285714285,0.14285714285714285,0.14285714285714285,0.14285714285714285,0.0,TN,0.9999999999964029
0.14285714285714285,0.14285714285714285,0.14285714285714285,0.14285714285714285,0.14285714285714285,0.14285714285714285,0.14285714285714285,0.0,TN,0.9999999999964029
0.14285714285714285,0.14285714285714285,0.14285714285714285,0.14285714285714285,0.14285714285714285,0.14285714285714285,0.14285714285714285,0.0,TN,0.9999999999964029
0.20403671296589204,0.1228718149292764,0.03391654795570342,0.0025201806951719473,0.28895203812577036,0.054425458470099296,0.2806564132227272,0.012620833635359457,TN,0.7890208774866111
0.14285714285714285,0.14285714285714285,0.14285714285714285,0.14285714285714285,0.14285714285714285,0.14285714285714285,0.14285714285714285,0.0,TN,0.9999999999964029
0.14285714285714285,0.14285714285714285,0.14285714285714285,0.14285714285714285,0.14285714285714285,0.14285714285714285,0.14285714285714285,0.0,TN,0.9999999999964029
0.14285714285714285,0.14285714285714285,0.14285714285714285,0.14285714285714285,0.14285714285714285,0.14285714285714285,0.14285714285714285,0.0,TN,0.9999999999964029
0.14285714285714285,0.14285714285714285,0.14285714285714285,0.14285714285714285,0.14285714285714285,0.14285714285714285,0.14285714285714285,0.0,TN,0.9999999999964029
0.14285714285714285,0.14285714285714285,0.14285714285714285,0.14285714285714285,0.14285714285714285,0.14285714285714285,0.14285714285714285,0.0,TN,0.9999999999964029
0.14285714285714285,0.14285714285714285,0.14285714285714285,0.14285714285714285,0.14285714285714285,0.14285714285714285,0.14285714285714285,0.0,TN,0.9999999999964029
0.10897551860305894,0.00029500033729592563,0.02661768887050502,0.39702708348389215,0.032634448095009344,0.35976254826006937,0.07468771235016919,0.0,TN,0.7094268133897015
0.14285714285714285,0.14285714285714285,0.14285714285714285,0.14285714285714285,0.14285714285714285,0.14285714285714285,0.14285714285714285,0.0,TN,0.9999999999964029
0.011689096715245612,0.05083271291534189,0.15302508306146656,0.2458172232704175,0.27829455936716746,0.12581529668045996,0.13452602798990107,0.0,TN,0.8850603224659275
0.16268659116078693,0.42259955452917897,0.09575502326995201,0.05644050172883145,0.14204756151467204,0.07672102971803434,0.043749738078544265,0.0,TN,0.8517433655242054
0.019843892631585387,0.09343259535365844,0.1684658944658965,0.02778594643119043,0.0090936837004133,0.015305479958757287,0.007846339675677818,0.658226167782821,TN,0.5380755115232493
0.14285714285714285,0.14285714285714285,0.14285714285714285,0.14285714285714285,0.14285714285714285,0.14285714285714285,0.14285714285714285,0.0,TN,0.9999999999964029
0.14285714285714285,0.14285714285714285,0.14285714285714285,0.14285714285714285,0.14285714285714285,0.14285714285714285,0.14285714285714285,0.0,TN,0.9999999999964029
0.14285714285714285,0.14285714285714285,0.14285714285714285,0.14285714285714285,0.14285714285714285,0.14285714285714285,0.14285714285714285,0.0,TN,0.9999999999964029
0.0036953534906136276,0.18849294212040232,0.16799333543859993,0.10321439368968553,0.1488663664978897,0.058542276834857014,0.16652722825477534,0.16266810367317644,TN,0.9199192353793618
0.14285714285714285,0.14285714285714285,0.14285714285714285,0.14285714285714285,0.14285714285714285,0.14285714285714285,0.14285714285714285,0.0,TN,0.9999999999964029
0.14285714285714285,0.14285714285714285,0.14285714285714285,0.14285714285714285,0.14285714285714285,0.14285714285714285,0.14285714285714285,0.0,TN,0.9999999999964029
0.14285714285714285,0.14285714285714285,0.14285714285714285,0.14285714285714285,0.14285714285714285,0.14285714285714285,0.14285714285714285,0.0,TN,0.9999999999964029
0.14285714285714285,0.14285714285714285,0.14285714285714285,0.14285714285714285,0.14285714285714285,0.14285714285714285,0.14285714285714285,0.0,TN,0.9999999999964029
0.14285714285714285,0.14285714285714285,0.14285714285714285,0.14285714285714285,0.14285714285714285,0.14285714285714285,0.14285714285714285,0.0,TN,0.9999999999964029
0.14285714285714285,0.14285714285714285,0.14285714285714285,0.14285714285714285,0.14285714285714285,0.14285714285714285,0.14285714285714285,0.0,TN,0.9999999999964029
0.14285714285714285,0.14285714285714285,0.14285714285714285,0.14285714285714285,0.14285714285714285,0.14285714285714285,0.14285714285714285,0.0,TN,0.9999999999964029
0.14285714285714285,0.14285714285714285,0.14285714285714285,0.14285714285714285,0.14285714285714285,0.14285714285714285,0.14285714285714285,0.0,TN,0.9999999999964029
0.14285714285714285,0.14285714285714285,0.14285714285714285,0.14285714285714285,0.14285714285714285,0.14285714285714285,0.14285714285714285,0.0,TN,0.9999999999964029
0.18347457263874434,0.0006433912274673275,0.15112071828602003,0.28486473547022134,0.0311815520484289,0.07413790333225552,0.03689729504316463,0.23767983195369796,TN,0.8287849197234218
0.14285714285714285,0.14285714285714285,0.14285714285714285,0.14285714285714285,0.14285714285714285,0.14285714285714285,0.14285714285714285,0.0,TN,0.9999999999964029
0.14285714285714285,0.14285714285714285,0.14285714285714285,0.14285714285714285,0.14285714285714285,0.14285714285714285,0.14285714285714285,0.0,TN,0.9999999999964029
0.14285714285714285,0.14285714285714285,0.14285714285714285,0.14285714285714285,0.14285714285714285,0.14285714285714285,0.14285714285714285,0.0,TN,0.9999999999964029
0.001483702864068138,0.007306036600657938,0.01802533813100803,0.11898461721625007,0.15676683940433703,0.17779068297284437,0.020835850940383104,0.4988069318704512,TN,0.6715439082434923
0.14285714285714285,0.14285714285714285,0.14285714285714285,0.14285714285714285,0.14285714285714285,0.14285714285714285,0.14285714285714285,0.0,TN,0.9999999999964029
0.14285714285714285,0.14285714285714285,0.14285714285714285,0.14285714285714285,0.14285714285714285,0.14285714285714285,0.14285714285714285,0.0,TN,0.9999999999964029
0.14285714285714285,0.14285714285714285,0.14285714285714285,0.14285714285714285,0.14285714285714285,0.14285714285714285,0.14285714285714285,0.0,TN,0.9999999999964029
0.14285714285714285,0.14285714285714285,0.14285714285714285,0.14285714285714285,0.14285714285714285,0.14285714285714285,0.14285714285714285,0.0,TN,0.9999999999964029
0.03125181185678162,0.12430671884526079,0.0392299824329912,0.006559614543682726,0.09465741752562921,0.1111675823499986,0.5928268724456558,0.0,TN,0.6705451203285534
0.14285714285714285,0.14285714285714285,0.14285714285714285,0.14285714285714285,0.14285714285714285,0.14285714285714285,0.14285714285714285,0.0,TN,0.9999999999964029
0.14285714285714285,0.14285714285714285,0.14285714285714285,0.14285714285714285,0.14285714285714285,0.14285714285714285,0.14285714285714285,0.0,TN,0.9999999999964029
0.1132628558760908,0.00012660111830352358,0.04972460378689848,0.00270054881218594,0.1175656776398394,0.24755808391610667,0.4690616288505752,0.0,TN,0.7016887812043067
0.14285714285714285,0.14285714285714285,0.14285714285714285,0.14285714285714285,0.14285714285714285,0.14285714285714285,0.14285714285714285,0.0,TN,0.9999999999964029
0.14285714285714285,0.14285714285714285,0.14285714285714285,0.14285714285714285,0.14285714285714285,0.14285714285714285,0.14285714285714285,0.0,TN,0.9999999999964029
0.14285714285714285,0.14285714285714285,0.14285714285714285,0.14285714285714285,0.14285714285714285,0.14285714285714285,0.14285714285714285,0.0,TN,0.9999999999964029
0.3710812046037182,0.001021536220691027,0.0018646741265298744,0.18955642511964235,0.22387993849146287,0.061737168149152644,0.1232994447724466,0.02755960851635663,TN,0.7530502186262032
0.14285714285714285,0.14285714285714285,0.14285714285714285,0.14285714285714285,0.14285714285714285,0.14285714285714285,0.14285714285714285,0.0,TN,0.9999999999964029
0.0877947104782997,0.09317807568238255,0.16670718001786322,0.19472314012261957,0.07806408114196976,0.3702641569222268,0.009268655634638193,0.0,TN,0.8542622563425682
0.14285714285714285,0.14285714285714285,0.14285714285714285,0.14285714285714285,0.14285714285714285,0.14285714285714285,0.14285714285714285,0.0,TN,0.9999999999964029
0.025657638152119966,0.07414193966954565,0.08844498541367118,0.086519595880079,0.26553483637330655,0.2016656404326613,0.2580353640786164,0.0,TN,0.8929952178593464
0.14285714285714285,0.14285714285714285,0.14285714285714285,0.14285714285714285,0.14285714285714285,0.14285714285714285,0.14285714285714285,0.0,TN,0.9999999999964029
0.052574827072713486,0.29515536499702405,0.008978243613070282,0.4121749541586405,0.11567359485438368,0.10543365298023813,0.010009362323929934,0.0,TN,0.7479455584308927
0.14285714285714285,0.14285714285714285,0.14285714285714285,0.14285714285714285,0.14285714285714285,0.14285714285714285,0.14285714285714285,0.0,TN,0.9999999999964029
0.14285714285714285,0.14285714285714285,0.14285714285714285,0.14285714285714285,0.14285714285714285,0.14285714285714285,0.14285714285714285,0.0,TN,0.9999999999964029
0.14285714285714285,0.14285714285714285,0.14285714285714285,0.14285714285714285,0.14285714285714285,0.14285714285714285,0.14285714285714285,0.0,TN,0.9999999999964029
0.14285714285714285,0.14285714285714285,0.14285714285714285,0.14285714285714285,0.14285714285714285,0.14285714285714285,0.14285714285714285,0.0,TN,0.9999999999964029
8.02970492383501e-05,0.026050536694079723,0.13328018692074492,0.4560246062207877,0.06009208897053137,0.26753103810294243,0.03103345736497764,0.025907788676697817,TN,0.6956622861327215
0.14285714285714285,0.14285714285714285,0.14285714285714285,0.14285714285714285,0.14285714285714285,0.14285714285714285,0.14285714285714285,0.0,TN,0.9999999999964029
0.14285714285714285,0.14285714285714285,0.14285714285714285,0.14285714285714285,0.14285714285714285,0.14285714285714285,0.14285714285714285,0.0,TN,0.9999999999964029
0.2227235267538382,0.012327230246599225,0.25935586006919215,0.11555569447954736,0.18821289462894109,0.06947517537657277,0.12544717223301122,0.006902446212297964,TN,0.8571765844000551
0.14285714285714285,0.14285714285714285,0.14285714285714285,0.14285714285714285,0.14285714285714285,0.14285714285714285,0.14285714285714285,0.0,TN,0.9999999999964029
0.14285714285714285,0.14285714285714285,0.14285714285714285,0.14285714285714285,0.14285714285714285,0.14285714285714285,0.14285714285714285,0.0,TN,0.9999999999964029
0.14285714285714285,0.14285714285714285,0.14285714285714285,0.14285714285714285,0.14285714285714285,0.14285714285714285,0.14285714285714285,0.0,TN,0.9999999999964029
0.14285714285714285,0.14285714285714285,0.14285714285714285,0.14285714285714285,0.14285714285714285,0.14285714285714285,0.14285714285714285,0.0,TN,0.9999999999964029
0.14285714285714285,0.14285714285714285,0.14285714285714285,0.14285714285714285,0.14285714285714285,0.14285714285714285,0.14285714285714285,0.0,TN,0.9999999999964029
0.13277528399618443,0.03267166509777836,0.08578903302443681,0.14616706557358197,0.3185276003348355,0.03400690295167349,0.02329394520503195,0.22676850381647745,TN,0.8536351143406358
0.14285714285714285,0.14285714285714285,0.14285714285714285,0.14285714285714285,0.14285714285714285,0.14285714285714285,0.14285714285714285,0.0,TN,0.9999999999964029
0.14285714285714285,0.14285714285714285,0.14285714285714285,0.14285714285714285,0.14285714285714285,0.14285714285714285,0.14285714285714285,0.0,TN,0.9999999999964029
0.14285714285714285,0.14285714285714285,0.14285714285714285,0.14285714285714285,0.14285714285714285,0.14285714285714285,0.14285714285714285,0.0,TN,0.9999999999964029
0.14285714285714285,0.14285714285714285,0.14285714285714285,0.14285714285714285,0.14285714285714285,0.14285714285714285,0.14285714285714285,0.0,TN,0.9999999999964029
0.14285714285714285,0.14285714285714285,0.14285714285714285,0.14285714285714285,0.14285714285714285,0.14285714285714285,0.14285714285714285,0.0,TN,0.9999999999964029
0.14285714285714285,0.14285714285714285,0.14285714285714285,0.14285714285714285,0.14285714285714285,0.14285714285714285,0.14285714285714285,0.0,TN,0.9999999999964029
0.14285714285714285,0.14285714285714285,0.14285714285714285,0.14285714285714285,0.14285714285714285,0.14285714285714285,0.14285714285714285,0.0,TN,0.9999999999964029
0.14342877680181054,0.15885458362886817,0.3602001544177802,0.09584741957740522,0.22014511118218216,0.001286077393647603,0.02023787699830611,0.0,TN,0.8140239496385192
0.14285714285714285,0.14285714285714285,0.14285714285714285,0.14285714285714285,0.14285714285714285,0.14285714285714285,0.14285714285714285,0.0,TN,0.9999999999964029
0.14285714285714285,0.14285714285714285,0.14285714285714285,0.14285714285714285,0.14285714285714285,0.14285714285714285,0.14285714285714285,0.0,TN,0.9999999999964029
0.14285714285714285,0.14285714285714285,0.14285714285714285,0.14285714285714285,0.14285714285714285,0.14285714285714285,0.14285714285714285,0.0,TN,0.9999999999964029
0.14285714285714285,0.14285714285714285,0.14285714285714285,0.14285714285714285,0.14285714285714285,0.14285714285714285,0.14285714285714285,0.0,TN,0.9999999999964029
0.14285714285714285,0.14285714285714285,0.14285714285714285,0.14285714285714285,0.14285714285714285,0.14285714285714285,0.14285714285714285,0.0,TN,0.9999999999964029
0.14285714285714285,0.14285714285714285,0.14285714285714285,0.14285714285714285,0.14285714285714285,0.14285714285714285,0.14285714285714285,0.0,TN,0.9999999999964029
0.14285714285714285,0.14285714285714285,0.14285714285714285,0.14285714285714285,0.14285714285714285,0.14285714285714285,0.14285714285714285,0.0,TN,0.9999999999964029
0.14285714285714285,0.14285714285714285,0.14285714285714285,0.14285714285714285,0.14285714285714285,0.14285714285714285,0.14285714285714285,0.0,TN,0.9999999999964029
0.14285714285714285,0.14285714285714285,0.14285714285714285,0.14285714285714285,0.14285714285714285,0.14285714285714285,0.14285714285714285,0.0,TN,0.9999999999964029
0.38753958067248323,0.08786507892390039,0.11879317702312327,0.33667790047447504,0.02281102185633041,0.025807127691463073,0.019871108111639512,0.0006350052465849844,TN,0.7039360880984167
0.08091058705081347,0.13274275458776083,0.004597970203353665,0.08895505626111974,0.18622038350912826,0.07189666358222882,0.2053648107280564,0.22931177407753886,TN,0.902425342806358
0.14285714285714285,0.14285714285714285,0.14285714285714285,0.14285714285714285,0.14285714285714285,0.14285714285714285,0.14285714285714285,0.0,TN,0.9999999999964029
0.14285714285714285,0.14285714285714285,0.14285714285714285,0.14285714285714285,0.14285714285714285,0.14285714285714285,0.14285714285714285,0.0,TN,0.9999999999964029
0.1606129447427534,0.07205460167246681,0.08795748251354554,0.051081856505558104,0.010127167715895797,0.14515264398043223,0.41285831828976005,0.06015498457958821,TN,0.8223218345270692
0.14285714285714285,0.14285714285714285,0.14285714285714285,0.14285714285714285,0.14285714285714285,0.14285714285714285,0.14285714285714285,0.0,TN,0.9999999999964029
0.15446066674315123,0.08748871594268608,0.24874559810121682,0.058861564866266425,0.07015451040180183,0.13146645451288755,0.21794716307584172,0.030875326356148317,TN,0.9170898738449268
0.14285714285714285,0.14285714285714285,0.14285714285714285,0.14285714285714285,0.14285714285714285,0.14285714285714285,0.14285714285714285,0.0,TN,0.9999999999964029
0.14285714285714285,0.14285714285714285,0.14285714285714285,0.14285714285714285,0.14285714285714285,0.14285714285714285,0.14285714285714285,0.0,TN,0.9999999999964029
0.14285714285714285,0.14285714285714285,0.14285714285714285,0.14285714285714285,0.14285714285714285,0.14285714285714285,0.14285714285714285,0.0,TN,0.9999999999964029
0.14285714285714285,0.14285714285714285,0.14285714285714285,0.14285714285714285,0.14285714285714285,0.14285714285714285,0.14285714285714285,0.0,TN,0.9999999999964029
0.14285714285714285,0.14285714285714285,0.14285714285714285,0.14285714285714285,0.14285714285714285,0.14285714285714285,0.14285714285714285,0.0,TN,0.9999999999964029
0.14285714285714285,0.14285714285714285,0.14285714285714285,0.14285714285714285,0.14285714285714285,0.14285714285714285,0.14285714285714285,0.0,TN,0.9999999999964029
0.14285714285714285,0.14285714285714285,0.14285714285714285,0.14285714285714285,0.14285714285714285,0.14285714285714285,0.14285714285714285,0.0,TN,0.9999999999964029
0.14285714285714285,0.14285714285714285,0.14285714285714285,0.14285714285714285,0.14285714285714285,0.14285714285714285,0.14285714285714285,0.0,TN,0.9999999999964029
0.14285714285714285,0.14285714285714285,0.14285714285714285,0.14285714285714285,0.14285714285714285,0.14285714285714285,0.14285714285714285,0.0,TN,0.9999999999964029
0.14285714285714285,0.14285714285714285,0.14285714285714285,0.14285714285714285,0.14285714285714285,0.14285714285714285,0.14285714285714285,0.0,TN,0.9999999999964029
0.14285714285714285,0.14285714285714285,0.14285714285714285,0.14285714285714285,0.14285714285714285,0.14285714285714285,0.14285714285714285,0.0,TN,0.9999999999964029
0.14285714285714285,0.14285714285714285,0.14285714285714285,0.14285714285714285,0.14285714285714285,0.14285714285714285,0.14285714285714285,0.0,TN,0.9999999999964029
0.14285714285714285,0.14285714285714285,0.14285714285714285,0.14285714285714285,0.14285714285714285,0.14285714285714285,0.14285714285714285,0.0,TN,0.9999999999964029
0.14285714285714285,0.14285714285714285,0.14285714285714285,0.14285714285714285,0.14285714285714285,0.14285714285714285,0.14285714285714285,0.0,TN,0.9999999999964029
0.17804306179574625,0.181861325892544,0.052000278369113036,0.10761732937344623,0.012208744365972888,0.18440123054838714,0.019712291830705643,0.2641557378240849,TN,0.8682465375920667
0.49832400651522035,0.030163384600203024,0.2797956970271138,0.025767672897459026,0.01643696702391616,0.01742251146819547,0.13208976046789223,0.0,TN,0.672597086237755
0.14285714285714285,0.14285714285714285,0.14285714285714285,0.14285714285714285,0.14285714285714285,0.14285714285714285,0.14285714285714285,0.0,TN,0.9999999999964029
0.012028301536539944,0.12520056398507792,0.12145218830080609,0.339152323385675,0.15466167363664812,0.03281568344029679,0.12351748650251129,0.0911717792124448,TN,0.8721465065692636
0.14285714285714285,0.14285714285714285,0.14285714285714285,0.14285714285714285,0.14285714285714285,0.14285714285714285,0.14285714285714285,0.0,TN,0.9999999999964029
0.14285714285714285,0.14285714285714285,0.14285714285714285,0.14285714285714285,0.14285714285714285,0.14285714285714285,0.14285714285714285,0.0,TN,0.9999999999964029
0.14285714285714285,0.14285714285714285,0.14285714285714285,0.14285714285714285,0.14285714285714285,0.14285714285714285,0.14285714285714285,0.0,TN,0.9999999999964029
0.14285714285714285,0.14285714285714285,0.14285714285714285,0.14285714285714285,0.14285714285714285,0.14285714285714285,0.14285714285714285,0.0,TN,0.9999999999964029
0.14285714285714285,0.14285714285714285,0.14285714285714285,0.14285714285714285,0.14285714285714285,0.14285714285714285,0.14285714285714285,0.0,TN,0.9999999999964029
0.14285714285714285,0.14285714285714285,0.14285714285714285,0.14285714285714285,0.14285714285714285,0.14285714285714285,0.14285714285714285,0.0,TN,0.9999999999964029
0.14285714285714285,0.14285714285714285,0.14285714285714285,0.14285714285714285,0.14285714285714285,0.14285714285714285,0.14285714285714285,0.0,TN,0.9999999999964029
0.06762851367527087,0.042215081606601895,0.03010945323360485,0.1891104454562212,0.060119787695497445,0.5703712559433022,0.04044546238950157,0.0,TN,0.6964403053203467
0.14285714285714285,0.14285714285714285,0.14285714285714285,0.14285714285714285,0.14285714285714285,0.14285714285714285,0.14285714285714285,0.0,TN,0.9999999999964029
0.14285714285714285,0.14285714285714285,0.14285714285714285,0.14285714285714285,0.14285714285714285,0.14285714285714285,0.14285714285714285,0.0,TN,0.9999999999964029
0.14285714285714285,0.14285714285714285,0.14285714285714285,0.14285714285714285,0.14285714285714285,0.14285714285714285,0.14285714285714285,0.0,TN,0.9999999999964029
0.14285714285714285,0.14285714285714285,0.14285714285714285,0.14285714285714285,0.14285714285714285,0.14285714285714285,0.14285714285714285,0.0,TN,0.9999999999964029
0.11689988525760893,0.028320733951587712,0.06250472520535909,0.6684623922191019,0.04283895471245882,0.015949440057271603,0.06502386859661193,0.0,TN,0.6028353294897869
0.14285714285714285,0.14285714285714285,0.14285714285714285,0.14285714285714285,0.14285714285714285,0.14285714285714285,0.14285714285714285,0.0,TN,0.9999999999964029
0.14285714285714285,0.14285714285714285,0.14285714285714285,0.14285714285714285,0.14285714285714285,0.14285714285714285,0.14285714285714285,0.0,TN,0.9999999999964029
0.14285714285714285,0.14285714285714285,0.14285714285714285,0.14285714285714285,0.14285714285714285,0.14285714285714285,0.14285714285714285,0.0,TN,0.9999999999964029
0.14285714285714285,0.14285714285714285,0.14285714285714285,0.14285714285714285,0.14285714285714285,0.14285714285714285,0.14285714285714285,0.0,TN,0.9999999999964029
0.29767999646211935,0.12637693074777043,0.004846487433457605,0.35477112645609765,0.11134168456683848,0.10225451253880684,0.0027292617949096817,0.0,TN,0.775619409913077
0.12918727314445416,0.09237296643430426,0.01692938250127979,0.1278249318540316,0.12232342393268864,0.06430970650280801,0.44705231563043357,0.0,TN,0.8272721179882976
0.14285714285714285,0.14285714285714285,0.14285714285714285,0.14285714285714285,0.14285714285714285,0.14285714285714285,0.14285714285714285,0.0,TN,0.9999999999964029
0.14285714285714285,0.14285714285714285,0.14285714285714285,0.14285714285714285,0.14285714285714285,0.14285714285714285,0.14285714285714285,0.0,TN,0.9999999999964029
0.39953501680954373,0.20898667876466212,0.0107902124683522,0.019009184403057884,0.2593607604816536,0.014408353529434632,0.08790979354329588,0.0,TN,0.7414400176438635
0.14285714285714285,0.14285714285714285,0.14285714285714285,0.14285714285714285,0.14285714285714285,0.14285714285714285,0.14285714285714285,0.0,TN,0.9999999999964029
0.14285714285714285,0.14285714285714285,0.14285714285714285,0.14285714285714285,0.14285714285714285,0.14285714285714285,0.14285714285714285,0.0,TN,0.9999999999964029
0.14285714285714285,0.14285714285714285,0.14285714285714285,0.14285714285714285,0.14285714285714285,0.14285714285714285,0.14285714285714285,0.0,TN,0.9999999999964029
0.011004041759582948,0.005014407693299269,0.016115471601647585,0.2549447717770559,0.12028488018364526,0.1823862861044131,0.17852842747189449,0.23172171340846145,TN,0.8188127115795533
0.14285714285714285,0.14285714285714285,0.14285714285714285,0.14285714285714285,0.14285714285714285,0.14285714285714285,0.14285714285714285,0.0,TN,0.9999999999964029
0.2303364513736358,0.018927707645376893,0.2816901430984906,0.24888256709843143,0.08885593103727696,0.039717981450859224,0.06659491171576819,0.024994306580160622,TN,0.832985197163936
0.011446305840699902,0.2779476425770654,0.11065631987870629,0.024132119162133803,0.0007070174669883909,0.21735239047378643,0.3372484244989136,0.02050978010170621,TN,0.7327150374077777
0.14285714285714285,0.14285714285714285,0.14285714285714285,0.14285714285714285,0.14285714285714285,0.14285714285714285,0.14285714285714285,0.0,TN,0.9999999999964029
0.14285714285714285,0.14285714285714285,0.14285714285714285,0.14285714285714285,0.14285714285714285,0.14285714285714285,0.14285714285714285,0.0,TN,0.9999999999964029
0.2114709531909031,0.07497624458710854,0.018207987651702253,0.10089305824744411,0.16652793789521164,0.22615008380507662,0.15200634204613908,0.04976739257641461,TN,0.9125156206479967
0.14285714285714285,0.14285714285714285,0.14285714285714285,0.14285714285714285,0.14285714285714285,0.14285714285714285,0.14285714285714285,0.0,TN,0.9999999999964029
0.14285714285714285,0.14285714285714285,0.14285714285714285,0.14285714285714285,0.14285714285714285,0.14285714285714285,0.14285714285714285,0.0,TN,0.9999999999964029
0.05402014249494726,0.15843628194776893,0.27170709463632386,0.1724551890549517,0.327648488067709,0.006352546491977764,0.009380257306321435,0.0,TN,0.795637033851401
0.5180284282298533,0.017681606501301902,0.23882660045354712,0.004399738238413711,0.13895701835659666,0.07220344710969358,0.003249280716377211,0.0066538803942165535,TN,0.6222491923019774
0.14285714285714285,0.14285714285714285,0.14285714285714285,0.14285714285714285,0.14285714285714285,0.14285714285714285,0.14285714285714285,0.0,TN,0.9999999999964029
0.14285714285714285,0.14285714285714285,0.14285714285714285,0.14285714285714285,0.14285714285714285,0.14285714285714285,0.14285714285714285,0.0,TN,0.9999999999964029
0.14285714285714285,0.14285714285714285,0.14285714285714285,0.14285714285714285,0.14285714285714285,0.14285714285714285,0.14285714285714285,0.0,TN,0.9999999999964029
0.09583438705133379,0.20407059297681304,0.16538994233439902,0.13590855036566304,0.1329197110848585,0.03173664870060965,0.234140167486323,0.0,TN,0.9433075836811472
0.14285714285714285,0.14285714285714285,0.14285714285714285,0.14285714285714285,0.14285714285714285,0.14285714285714285,0.14285714285714285,0.0,TN,0.9999999999964029
0.14285714285714285,0.14285714285714285,0.14285714285714285,0.14285714285714285,0.14285714285714285,0.14285714285714285,0.14285714285714285,0.0,TN,0.9999999999964029
0.14285714285714285,0.14285714285714285,0.14285714285714285,0.14285714285714285,0.14285714285714285,0.14285714285714285,0.14285714285714285,0.0,TN,0.9999999999964029
0.14285714285714285,0.14285714285714285,0.14285714285714285,0.14285714285714285,0.14285714285714285,0.14285714285714285,0.14285714285714285,0.0,TN,0.9999999999964029
0.02389184391876581,0.014321774956026856,0.07602185836914047,0.17234411028611057,0.04375619894119274,0.02864656625283966,0.5301792862919061,0.11083836098401775,TN,0.7058926241387917
0.1024005315493126,0.3944719539242087,0.018638069666623017,0.17065633334001232,0.09581522586800437,0.061132616231051845,0.15688526942078718,0.0,TN,0.854314068287051
0.14285714285714285,0.14285714285714285,0.14285714285714285,0.14285714285714285,0.14285714285714285,0.14285714285714285,0.14285714285714285,0.0,TN,0.9999999999964029
0.14285714285714285,0.14285714285714285,0.14285714285714285,0.14285714285714285,0.14285714285714285,0.14285714285714285,0.14285714285714285,0.0,TN,0.9999999999964029
0.14285714285714285,0.14285714285714285,0.14285714285714285,0.14285714285714285,0.14285714285714285,0.14285714285714285,0.14285714285714285,0.0,TN,0.9999999999964029
0.14285714285714285,0.14285714285714285,0.14285714285714285,0.14285714285714285,0.14285714285714285,0.14285714285714285,0.14285714285714285,0.0,TN,0.9999999999964029
0.14285714285714285,0.14285714285714285,0.14285714285714285,0.14285714285714285,0.14285714285714285,0.14285714285714285,0.14285714285714285,0.0,TN,0.9999999999964029
0.14285714285714285,0.14285714285714285,0.14285714285714285,0.14285714285714285,0.14285714285714285,0.14285714285714285,0.14285714285714285,0.0,TN,0.9999999999964029
0.014182138685962124,0.096412302832605,0.06409070393729985,0.5248707439559994,0.10273321471394635,0.09614021592302861,0.04035529177547632,0.0612153881756822,TN,0.7500913491504745
0.14285714285714285,0.14285714285714285,0.14285714285714285,0.14285714285714285,0.14285714285714285,0.14285714285714285,0.14285714285714285,0.0,TN,0.9999999999964029
0.14285714285714285,0.14285714285714285,0.14285714285714285,0.14285714285714285,0.14285714285714285,0.14285714285714285,0.14285714285714285,0.0,TN,0.9999999999964029
0.14285714285714285,0.14285714285714285,0.14285714285714285,0.14285714285714285,0.14285714285714285,0.14285714285714285,0.14285714285714285,0.0,TN,0.9999999999964029
0.14285714285714285,0.14285714285714285,0.14285714285714285,0.14285714285714285,0.14285714285714285,0.14285714285714285,0.14285714285714285,0.0,TN,0.9999999999964029
0.14285714285714285,0.14285714285714285,0.14285714285714285,0.14285714285714285,0.14285714285714285,0.14285714285714285,0.14285714285714285,0.0,TN,0.9999999999964029
0.14285714285714285,0.14285714285714285,0.14285714285714285,0.14285714285714285,0.14285714285714285,0.14285714285714285,0.14285714285714285,0.0,TN,0.9999999999964029
0.14285714285714285,0.14285714285714285,0.14285714285714285,0.14285714285714285,0.14285714285714285,0.14285714285714285,0.14285714285714285,0.0,TN,0.9999999999964029
0.14285714285714285,0.14285714285714285,0.14285714285714285,0.14285714285714285,0.14285714285714285,0.14285714285714285,0.14285714285714285,0.0,TN,0.9999999999964029
0.14285714285714285,0.14285714285714285,0.14285714285714285,0.14285714285714285,0.14285714285714285,0.14285714285714285,0.14285714285714285,0.0,TN,0.9999999999964029
0.37060427755451497,0.042644718782058215,0.00977351375555215,0.005926289420034182,0.041879070162577386,0.32996302189684684,0.09119052005847339,0.10801858836994285,TN,0.7384391960662884
0.14285714285714285,0.14285714285714285,0.14285714285714285,0.14285714285714285,0.14285714285714285,0.14285714285714285,0.14285714285714285,0.0,TN,0.9999999999964029
0.12412673651399797,0.022895855204449027,0.4521674200828579,0.047032665657319395,0.06581818944795895,0.257420618846207,0.030538514247209884,0.0,TN,0.7621491097175856
0.14285714285714285,0.14285714285714285,0.14285714285714285,0.14285714285714285,0.14285714285714285,0.14285714285714285,0.14285714285714285,0.0,TN,0.9999999999964029
0.14285714285714285,0.14285714285714285,0.14285714285714285,0.14285714285714285,0.14285714285714285,0.14285714285714285,0.14285714285714285,0.0,TN,0.9999999999964029
0.14285714285714285,0.14285714285714285,0.14285714285714285,0.14285714285714285,0.14285714285714285,0.14285714285714285,0.14285714285714285,0.0,TN,0.9999999999964029
0.14285714285714285,0.14285714285714285,0.14285714285714285,0.14285714285714285,0.14285714285714285,0.14285714285714285,0.14285714285714285,0.0,TN,0.9999999999964029
0.14285714285714285,0.14285714285714285,0.14285714285714285,0.14285714285714285,0.14285714285714285,0.14285714285714285,0.14285714285714285,0.0,TN,0.9999999999964029
0.08904099262490343,0.3060426962134054,0.16464288839831406,0.007354426554223501,0.281526339418612,0.08370019320896123,0.021667984012196075,0.04602447956938432,TN,0.8175494672819767
0.14285714285714285,0.14285714285714285,0.14285714285714285,0.14285714285714285,0.14285714285714285,0.14285714285714285,0.14285714285714285,0.0,TN,0.9999999999964029
0.14285714285714285,0.14285714285714285,0.14285714285714285,0.14285714285714285,0.14285714285714285,0.14285714285714285,0.14285714285714285,0.0,TN,0.9999999999964029
0.14285714285714285,0.14285714285714285,0.14285714285714285,0.14285714285714285,0.14285714285714285,0.14285714285714285,0.14285714285714285,0.0,TN,0.9999999999964029
0.003946782710006727,0.0682305131988864,0.10764983324810325,0.1759616775701835,0.10481284152942039,0.4288593741007411,0.11053897764265855,0.0,TN,0.8189743333343465
0.14285714285714285,0.14285714285714285,0.14285714285714285,0.14285714285714285,0.14285714285714285,0.14285714285714285,0.14285714285714285,0.0,TN,0.9999999999964029
0.14285714285714285,0.14285714285714285,0.14285714285714285,0.14285714285714285,0.14285714285714285,0.14285714285714285,0.14285714285714285,0.0,TN,0.9999999999964029
0.14285714285714285,0.14285714285714285,0.14285714285714285,0.14285714285714285,0.14285714285714285,0.14285714285714285,0.14285714285714285,0.0,TN,0.9999999999964029
0.14285714285714285,0.14285714285714285,0.14285714285714285,0.14285714285714285,0.14285714285714285,0.14285714285714285,0.14285714285714285,0.0,TN,0.9999999999964029
0.14285714285714285,0.14285714285714285,0.14285714285714285,0.14285714285714285,0.14285714285714285,0.14285714285714285,0.14285714285714285,0.0,TN,0.9999999999964029
0.14285714285714285,0.14285714285714285,0.14285714285714285,0.14285714285714285,0.14285714285714285,0.14285714285714285,0.14285714285714285,0.0,TN,0.9999999999964029
0.14285714285714285,0.14285714285714285,0.14285714285714285,0.14285714285714285,0.14285714285714285,0.14285714285714285,0.14285714285714285,0.0,TN,0.9999999999964029
0.27208071539236656,0.14408211566760112,0.24535623658793995,0.06962743213595694,0.2052105142726777,0.03012391301956675,0.033519072923890995,0.0,TN,0.87767835007733
0.14285714285714285,0.14285714285714285,0.14285714285714285,0.14285714285714285,0.14285714285714285,0.14285714285714285,0.14285714285714285,0.0,TN,0.9999999999964029
0.14285714285714285,0.14285714285714285,0.14285714285714285,0.14285714285714285,0.14285714285714285,0.14285714285714285,0.14285714285714285,0.0,TN,0.9999999999964029
0.14285714285714285,0.14285714285714285,0.14285714285714285,0.14285714285714285,0.14285714285714285,0.14285714285714285,0.14285714285714285,0.0,TN,0.9999999999964029
0.14285714285714285,0.14285714285714285,0.14285714285714285,0.14285714285714285,0.14285714285714285,0.14285714285714285,0.14285714285714285,0.0,TN,0.9999999999964029
0.14285714285714285,0.14285714285714285,0.14285714285714285,0.14285714285714285,0.14285714285714285,0.14285714285714285,0.14285714285714285,0.0,TN,0.9999999999964029
0.14285714285714285,0.14285714285714285,0.14285714285714285,0.14285714285714285,0.14285714285714285,0.14285714285714285,0.14285714285714285,0.0,TN,0.9999999999964029
0.07579297114730613,0.264701400842697,0.17932456686101841,0.01613968935978164,0.2629082771616603,0.05240219183713465,0.007471720708548791,0.1412591820818531,TN,0.8372172699840713
0.14285714285714285,0.14285714285714285,0.14285714285714285,0.14285714285714285,0.14285714285714285,0.14285714285714285,0.14285714285714285,0.0,TN,0.9999999999964029
0.14285714285714285,0.14285714285714285,0.14285714285714285,0.14285714285714285,0.14285714285714285,0.14285714285714285,0.14285714285714285,0.0,TN,0.9999999999964029
0.14285714285714285,0.14285714285714285,0.14285714285714285,0.14285714285714285,0.14285714285714285,0.14285714285714285,0.14285714285714285,0.0,TN,0.9999999999964029
0.14285714285714285,0.14285714285714285,0.14285714285714285,0.14285714285714285,0.14285714285714285,0.14285714285714285,0.14285714285714285,0.0,TN,0.9999999999964029
0.14285714285714285,0.14285714285714285,0.14285714285714285,0.14285714285714285,0.14285714285714285,0.14285714285714285,0.14285714285714285,0.0,TN,0.9999999999964029
0.003831729051285326,0.016764919755519657,0.002735128136716688,0.16549781691713455,0.6412263292146589,0.0014950707339678087,0.16844900619071693,0.0,TN,0.5130765872925626
0.14285714285714285,0.14285714285714285,0.14285714285714285,0.14285714285714285,0.14285714285714285,0.14285714285714285,0.14285714285714285,0.0,TN,0.9999999999964029
0.14285714285714285,0.14285714285714285,0.14285714285714285,0.14285714285714285,0.14285714285714285,0.14285714285714285,0.14285714285714285,0.0,TN,0.9999999999964029
0.14285714285714285,0.14285714285714285,0.14285714285714285,0.14285714285714285,0.14285714285714285,0.14285714285714285,0.14285714285714285,0.0,TN,0.9999999999964029
0.027631387572075013,0.06353262798223058,0.2101446383545722,0.07432681980164833,0.2788748352825418,0.201017227926916,0.08235535335096138,0.062117109729054834,TN,0.8906892888059075
0.14285714285714285,0.14285714285714285,0.14285714285714285,0.14285714285714285,0.14285714285714285,0.14285714285714285,0.14285714285714285,0.0,TN,0.9999999999964029
0.14285714285714285,0.14285714285714285,0.14285714285714285,0.14285714285714285,0.14285714285714285,0.14285714285714285,0.14285714285714285,0.0,TN,0.9999999999964029
0.14285714285714285,0.14285714285714285,0.14285714285714285,0.14285714285714285,0.14285714285714285,0.14285714285714285,0.14285714285714285,0.0,TN,0.9999999999964029
0.14285714285714285,0.14285714285714285,0.14285714285714285,0.14285714285714285,0.14285714285714285,0.14285714285714285,0.14285714285714285,0.0,TN,0.9999999999964029
0.14285714285714285,0.14285714285714285,0.14285714285714285,0.14285714285714285,0.14285714285714285,0.14285714285714285,0.14285714285714285,0.0,TN,0.9999999999964029
0.14285714285714285,0.14285714285714285,0.14285714285714285,0.14285714285714285,0.14285714285714285,0.14285714285714285,0.14285714285714285,0.0,TN,0.9999999999964029
0.14285714285714285,0.14285714285714285,0.14285714285714285,0.14285714285714285,0.14285714285714285,0.14285714285714285,0.14285714285714285,0.0,TN,0.9999999999964029
0.14285714285714285,0.14285714285714285,0.14285714285714285,0.14285714285714285,0.14285714285714285,0.14285714285714285,0.14285714285714285,0.0,TN,0.9999999999964029
0.14285714285714285,0.14285714285714285,0.14285714285714285,0.14285714285714285,0.14285714285714285,0.14285714285714285,0.14285714285714285,0.0,TN,0.9999999999964029
0.14285714285714285,0.14285714285714285,0.14285714285714285,0.14285714285714285,0.14285714285714285,0.14285714285714285,0.14285714285714285,0.0,TN,0.9999999999964029
0.14285714285714285,0.14285714285714285,0.14285714285714285,0.14285714285714285,0.14285714285714285,0.14285714285714285,0.14285714285714285,0.0,TN,0.9999999999964029
0.14285714285714285,0.14285714285714285,0.14285714285714285,0.14285714285714285,0.14285714285714285,0.14285714285714285,0.14285714285714285,0.0,TN,0.9999999999964029
0.14285714285714285,0.14285714285714285,0.14285714285714285,0.14285714285714285,0.14285714285714285,0.14285714285714285,0.14285714285714285,0.0,TN,0.9999999999964029
0.14285714285714285,0.14285714285714285,0.14285714285714285,0.14285714285714285,0.14285714285714285,0.14285714285714285,0.14285714285714285,0.0,TN,0.9999999999964029
0.14285714285714285,0.14285714285714285,0.14285714285714285,0.14285714285714285,0.14285714285714285,0.14285714285714285,0.14285714285714285,0.0,TN,0.9999999999964029
0.14285714285714285,0.14285714285714285,0.14285714285714285,0.14285714285714285,0.14285714285714285,0.14285714285714285,0.14285714285714285,0.0,TN,0.9999999999964029
0.14285714285714285,0.14285714285714285,0.14285714285714285,0.14285714285714285,0.14285714285714285,0.14285714285714285,0.14285714285714285,0.0,TN,0.9999999999964029
0.14285714285714285,0.14285714285714285,0.14285714285714285,0.14285714285714285,0.14285714285714285,0.14285714285714285,0.14285714285714285,0.0,TN,0.9999999999964029
0.14285714285714285,0.14285714285714285,0.14285714285714285,0.14285714285714285,0.14285714285714285,0.14285714285714285,0.14285714285714285,0.0,TN,0.9999999999964029
0.14285714285714285,0.14285714285714285,0.14285714285714285,0.14285714285714285,0.14285714285714285,0.14285714285714285,0.14285714285714285,0.0,TN,0.9999999999964029
0.14285714285714285,0.14285714285714285,0.14285714285714285,0.14285714285714285,0.14285714285714285,0.14285714285714285,0.14285714285714285,0.0,TN,0.9999999999964029
0.14285714285714285,0.14285714285714285,0.14285714285714285,0.14285714285714285,0.14285714285714285,0.14285714285714285,0.14285714285714285,0.0,TN,0.9999999999964029
0.4798794249408236,0.0050107433902370655,0.01807609868496742,0.12144845268479953,0.023919919888125182,0.007473743109594148,0.3441916173014532,0.0,TN,0.6169098190224326
0.14285714285714285,0.14285714285714285,0.14285714285714285,0.14285714285714285,0.14285714285714285,0.14285714285714285,0.14285714285714285,0.0,TN,0.9999999999964029
0.14285714285714285,0.14285714285714285,0.14285714285714285,0.14285714285714285,0.14285714285714285,0.14285714285714285,0.14285714285714285,0.0,TN,0.9999999999964029
0.14285714285714285,0.14285714285714285,0.14285714285714285,0.14285714285714285,0.14285714285714285,0.14285714285714285,0.14285714285714285,0.0,TN,0.9999999999964029
0.14285714285714285,0.14285714285714285,0.14285714285714285,0.14285714285714285,0.14285714285714285,0.14285714285714285,0.14285714285714285,0.0,TN,0.9999999999964029
0.14285714285714285,0.14285714285714285,0.14285714285714285,0.14285714285714285,0.14285714285714285,0.14285714285714285,0.14285714285714285,0.0,TN,0.9999999999964029
0.14285714285714285,0.14285714285714285,0.14285714285714285,0.14285714285714285,0.14285714285714285,0.14285714285714285,0.14285714285714285,0.0,TN,0.9999999999964029
0.1574143956912115,0.10222721114262752,0.010229754854903059,0.12068095717865254,0.18716692357209372,0.028753059840589065,0.39352769771992263,0.0,TN,0.8268318164851239
0.14285714285714285,0.14285714285714285,0.14285714285714285,0.14285714285714285,0.14285714285714285,0.14285714285714285,0.14285714285714285,0.0,TN,0.9999999999964029
0.14285714285714285,0.14285714285714285,0.14285714285714285,0.14285714285714285,0.14285714285714285,0.14285714285714285,0.14285714285714285,0.0,TN,0.9999999999964029
0.14285714285714285,0.14285714285714285,0.14285714285714285,0.14285714285714285,0.14285714285714285,0.14285714285714285,0.14285714285714285,0.0,TN,0.9999999999964029
0.14285714285714285,0.14285714285714285,0.14285714285714285,0.14285714285714285,0.14285714285714285,0.14285714285714285,0.14285714285714285,0.0,TN,0.9999999999964029
0.3609074966084791,0.38658091007918666,0.11350534336770617,0.040770589007446366,0.004675463598829591,0.0464759312391513,0.047084266099200855,0.0,TN,0.7319209035673224
0.14285714285714285,0.14285714285714285,0.14285714285714285,0.14285714285714285,0.14285714285714285,0.14285714285714285,0.14285714285714285,0.0,TN,0.9999999999964029
0.011022029066271156,0.21635592241327573,0.11676086620673332,0.12872823741040196,0.14678569774650488,0.34490447072581626,0.03544277643099682,0.0,TN,0.8544678781350162
0.14285714285714285,0.14285714285714285,0.14285714285714285,0.14285714285714285,0.14285714285714285,0.14285714285714285,0.14285714285714285,0.0,TN,0.9999999999964029
0.14285714285714285,0.14285714285714285,0.14285714285714285,0.14285714285714285,0.14285714285714285,0.14285714285714285,0.14285714285714285,0.0,TN,0.9999999999964029
0.14285714285714285,0.14285714285714285,0.14285714285714285,0.14285714285714285,0.14285714285714285,0.14285714285714285,0.14285714285714285,0.0,TN,0.9999999999964029
0.14285714285714285,0.14285714285714285,0.14285714285714285,0.14285714285714285,0.14285714285714285,0.14285714285714285,0.14285714285714285,0.0,TN,0.9999999999964029
0.14285714285714285,0.14285714285714285,0.14285714285714285,0.14285714285714285,0.14285714285714285,0.14285714285714285,0.14285714285714285,0.0,TN,0.9999999999964029
0.07501010534038577,0.3608349414970877,0.13457162600023823,0.13486340092496418,0.1822904176801632,0.008724204373485527,0.10370530418367531,0.0,TN,0.8679080065448586
0.14285714285714285,0.14285714285714285,0.14285714285714285,0.14285714285714285,0.14285714285714285,0.14285714285714285,0.14285714285714285,0.0,TN,0.9999999999964029
0.5405440965004322,0.19881765669285495,0.059931813083195694,0.02580354381135553,0.048252468442066106,0.03896678470044607,0.050459805542716424,0.03722383122693266,TN,0.7033914442671724
0.14285714285714285,0.14285714285714285,0.14285714285714285,0.14285714285714285,0.14285714285714285,0.14285714285714285,0.14285714285714285,0.0,TN,0.9999999999964029
0.14285714285714285,0.14285714285714285,0.14285714285714285,0.14285714285714285,0.14285714285714285,0.14285714285714285,0.14285714285714285,0.0,TN,0.9999999999964029
0.14285714285714285,0.14285714285714285,0.14285714285714285,0.14285714285714285,0.14285714285714285,0.14285714285714285,0.14285714285714285,0.0,TN,0.9999999999964029
0.14285714285714285,0.14285714285714285,0.14285714285714285,0.14285714285714285,0.14285714285714285,0.14285714285714285,0.14285714285714285,0.0,TN,0.9999999999964029
0.14285714285714285,0.14285714285714285,0.14285714285714285,0.14285714285714285,0.14285714285714285,0.14285714285714285,0.14285714285714285,0.0,TN,0.9999999999964029
0.14285714285714285,0.14285714285714285,0.14285714285714285,0.14285714285714285,0.14285714285714285,0.14285714285714285,0.14285714285714285,0.0,TN,0.9999999999964029
0.14285714285714285,0.14285714285714285,0.14285714285714285,0.14285714285714285,0.14285714285714285,0.14285714285714285,0.14285714285714285,0.0,TN,0.9999999999964029
0.14285714285714285,0.14285714285714285,0.14285714285714285,0.14285714285714285,0.14285714285714285,0.14285714285714285,0.14285714285714285,0.0,TN,0.9999999999964029
0.14285714285714285,0.14285714285714285,0.14285714285714285,0.14285714285714285,0.14285714285714285,0.14285714285714285,0.14285714285714285,0.0,TN,0.9999999999964029
0.004773458832277726,0.18336165778420227,0.022633230736394956,0.0610474527973339,0.013283887593820034,0.4371052145842613,0.2777950976717098,0.0,TN,0.7029860460065694
0.14285714285714285,0.14285714285714285,0.14285714285714285,0.14285714285714285,0.14285714285714285,0.14285714285714285,0.14285714285714285,0.0,TN,0.9999999999964029
0.41448985862528775,0.21391663188319662,0.010754499773851305,0.02629364395679066,0.058657798447555025,0.010755378916587725,0.2651321883967309,0.0,TN,0.7227589242342939
0.14285714285714285,0.14285714285714285,0.14285714285714285,0.14285714285714285,0.14285714285714285,0.14285714285714285,0.14285714285714285,0.0,TN,0.9999999999964029
0.14285714285714285,0.14285714285714285,0.14285714285714285,0.14285714285714285,0.14285714285714285,0.14285714285714285,0.14285714285714285,0.0,TN,0.9999999999964029
0.14285714285714285,0.14285714285714285,0.14285714285714285,0.14285714285714285,0.14285714285714285,0.14285714285714285,0.14285714285714285,0.0,TN,0.9999999999964029
0.14285714285714285,0.14285714285714285,0.14285714285714285,0.14285714285714285,0.14285714285714285,0.14285714285714285,0.14285714285714285,0.0,TN,0.9999999999964029
0.14285714285714285,0.14285714285714285,0.14285714285714285,0.14285714285714285,0.14285714285714285,0.14285714285714285,0.14285714285714285,0.0,TN,0.9999999999964029
0.07208151832389786,0.09049263894731113,0.051452036174460196,0.004597510140613054,0.02640548944536284,0.12454950064179267,0.6285535957532863,0.0018677105732760296,TN,0.5979424615988372
0.24308770334741367,0.36371249554515656,0.0013037915175000013,0.118690681761144,0.13825846159911143,0.12262147918100576,0.012325387048668627,0.0,TN,0.8008420618007865
0.14285714285714285,0.14285714285714285,0.14285714285714285,0.14285714285714285,0.14285714285714285,0.14285714285714285,0.14285714285714285,0.0,TN,0.9999999999964029
0.14285714285714285,0.14285714285714285,0.14285714285714285,0.14285714285714285,0.14285714285714285,0.14285714285714285,0.14285714285714285,0.0,TN,0.9999999999964029
0.14285714285714285,0.14285714285714285,0.14285714285714285,0.14285714285714285,0.14285714285714285,0.14285714285714285,0.14285714285714285,0.0,TN,0.9999999999964029
0.14285714285714285,0.14285714285714285,0.14285714285714285,0.14285714285714285,0.14285714285714285,0.14285714285714285,0.14285714285714285,0.0,TN,0.9999999999964029
0.14285714285714285,0.14285714285714285,0.14285714285714285,0.14285714285714285,0.14285714285714285,0.14285714285714285,0.14285714285714285,0.0,TN,0.9999999999964029
0.14285714285714285,0.14285714285714285,0.14285714285714285,0.14285714285714285,0.14285714285714285,0.14285714285714285,0.14285714285714285,0.0,TN,0.9999999999964029
0.012979782682610979,0.060350960607498866,0.13530648534515852,0.13787708402661777,0.06266137067680029,0.4080731169821532,0.1593471411928286,0.02340405848633177,TN,0.8124961855009775
0.14285714285714285,0.14285714285714285,0.14285714285714285,0.14285714285714285,0.14285714285714285,0.14285714285714285,0.14285714285714285,0.0,TN,0.9999999999964029
0.14285714285714285,0.14285714285714285,0.14285714285714285,0.14285714285714285,0.14285714285714285,0.14285714285714285,0.14285714285714285,0.0,TN,0.9999999999964029
0.6267788631955304,0.07750236948022618,0.04662602932534899,0.15362711297999018,0.03889284389371858,0.021616330607226678,0.008963442229044997,0.02599300828891371,TN,0.6097927498286423
0.14285714285714285,0.14285714285714285,0.14285714285714285,0.14285714285714285,0.14285714285714285,0.14285714285714285,0.14285714285714285,0.0,TN,0.9999999999964029
0.14285714285714285,0.14285714285714285,0.14285714285714285,0.14285714285714285,0.14285714285714285,0.14285714285714285,0.14285714285714285,0.0,TN,0.9999999999964029
0.14285714285714285,0.14285714285714285,0.14285714285714285,0.14285714285714285,0.14285714285714285,0.14285714285714285,0.14285714285714285,0.0,TN,0.9999999999964029
0.14285714285714285,0.14285714285714285,0.14285714285714285,0.14285714285714285,0.14285714285714285,0.14285714285714285,0.14285714285714285,0.0,TN,0.9999999999964029
0.14285714285714285,0.14285714285714285,0.14285714285714285,0.14285714285714285,0.14285714285714285,0.14285714285714285,0.14285714285714285,0.0,TN,0.9999999999964029
0.14285714285714285,0.14285714285714285,0.14285714285714285,0.14285714285714285,0.14285714285714285,0.14285714285714285,0.14285714285714285,0.0,TN,0.9999999999964029
0.14285714285714285,0.14285714285714285,0.14285714285714285,0.14285714285714285,0.14285714285714285,0.14285714285714285,0.14285714285714285,0.0,TN,0.9999999999964029
0.14285714285714285,0.14285714285714285,0.14285714285714285,0.14285714285714285,0.14285714285714285,0.14285714285714285,0.14285714285714285,0.0,TN,0.9999999999964029
0.14285714285714285,0.14285714285714285,0.14285714285714285,0.14285714285714285,0.14285714285714285,0.14285714285714285,0.14285714285714285,0.0,TN,0.9999999999964029
0.116559383595068,0.00831375780684759,0.03488868617171772,0.3405176398794008,0.03546611507099477,0.2941611640922991,0.14129392181386013,0.028799331569811928,TN,0.7844851557692112
0.14285714285714285,0.14285714285714285,0.14285714285714285,0.14285714285714285,0.14285714285714285,0.14285714285714285,0.14285714285714285,0.0,TN,0.9999999999964029
0.14285714285714285,0.14285714285714285,0.14285714285714285,0.14285714285714285,0.14285714285714285,0.14285714285714285,0.14285714285714285,0.0,TN,0.9999999999964029
0.14285714285714285,0.14285714285714285,0.14285714285714285,0.14285714285714285,0.14285714285714285,0.14285714285714285,0.14285714285714285,0.0,TN,0.9999999999964029
0.05593371088948811,0.1851367614955425,0.07854276970004852,0.004766825992466342,0.21933579784675775,0.07595099455462359,0.17597634861600547,0.20435679090506784,TN,0.8933350415456442
0.14285714285714285,0.14285714285714285,0.14285714285714285,0.14285714285714285,0.14285714285714285,0.14285714285714285,0.14285714285714285,0.0,TN,0.9999999999964029
0.14285714285714285,0.14285714285714285,0.14285714285714285,0.14285714285714285,0.14285714285714285,0.14285714285714285,0.14285714285714285,0.0,TN,0.9999999999964029
0.1875758024878495,0.1937389519896443,0.15699205127484625,0.02095889836736378,0.05178402011975899,0.1794755143840834,0.2094747613764539,0.0,TN,0.9212292734400095
0.14285714285714285,0.14285714285714285,0.14285714285714285,0.14285714285714285,0.14285714285714285,0.14285714285714285,0.14285714285714285,0.0,TN,0.9999999999964029
0.14285714285714285,0.14285714285714285,0.14285714285714285,0.14285714285714285,0.14285714285714285,0.14285714285714285,0.14285714285714285,0.0,TN,0.9999999999964029
0.22459462310940048,0.02367909151620924,0.016314246401549742,0.5067723013056389,0.10682084720612495,0.059505490264077046,0.057566503551926634,0.004746896645073233,TN,0.688748596004277
0.14285714285714285,0.14285714285714285,0.14285714285714285,0.14285714285714285,0.14285714285714285,0.14285714285714285,0.14285714285714285,0.0,TN,0.9999999999964029
0.14285714285714285,0.14285714285714285,0.14285714285714285,0.14285714285714285,0.14285714285714285,0.14285714285714285,0.14285714285714285,0.0,TN,0.9999999999964029
0.20668254850154832,0.20091731361067158,0.10594448452792393,0.12810312101596258,0.22146327470384106,0.042023175738249534,0.00499439411963762,0.08987168778216548,TN,0.8941899006329793
0.03340626357945701,0.08506538470823237,0.616219304528317,0.02405711384125298,0.1040372654764469,0.10929730789366943,0.027917359972624352,0.0,TN,0.6621475696057416
0.14285714285714285,0.14285714285714285,0.14285714285714285,0.14285714285714285,0.14285714285714285,0.14285714285714285,0.14285714285714285,0.0,TN,0.9999999999964029
0.14285714285714285,0.14285714285714285,0.14285714285714285,0.14285714285714285,0.14285714285714285,0.14285714285714285,0.14285714285714285,0.0,TN,0.9999999999964029
0.14285714285714285,0.14285714285714285,0.14285714285714285,0.14285714285714285,0.14285714285714285,0.14285714285714285,0.14285714285714285,0.0,TN,0.9999999999964029
0.14285714285714285,0.14285714285714285,0.14285714285714285,0.14285714285714285,0.14285714285714285,0.14285714285714285,0.14285714285714285,0.0,TN,0.9999999999964029
0.14285714285714285,0.14285714285714285,0.14285714285714285,0.14285714285714285,0.14285714285714285,0.14285714285714285,0.14285714285714285,0.0,TN,0.9999999999964029
0.14285714285714285,0.14285714285714285,0.14285714285714285,0.14285714285714285,0.14285714285714285,0.14285714285714285,0.14285714285714285,0.0,TN,0.9999999999964029
0.14285714285714285,0.14285714285714285,0.14285714285714285,0.14285714285714285,0.14285714285714285,0.14285714285714285,0.14285714285714285,0.0,TN,0.9999999999964029
0.14285714285714285,0.14285714285714285,0.14285714285714285,0.14285714285714285,0.14285714285714285,0.14285714285714285,0.14285714285714285,0.0,TN,0.9999999999964029
0.14285714285714285,0.14285714285714285,0.14285714285714285,0.14285714285714285,0.14285714285714285,0.14285714285714285,0.14285714285714285,0.0,TN,0.9999999999964029
0.14285714285714285,0.14285714285714285,0.14285714285714285,0.14285714285714285,0.14285714285714285,0.14285714285714285,0.14285714285714285,0.0,TN,0.9999999999964029
0.14285714285714285,0.14285714285714285,0.14285714285714285,0.14285714285714285,0.14285714285714285,0.14285714285714285,0.14285714285714285,0.0,TN,0.9999999999964029
0.14285714285714285,0.14285714285714285,0.14285714285714285,0.14285714285714285,0.14285714285714285,0.14285714285714285,0.14285714285714285,0.0,TN,0.9999999999964029
0.14285714285714285,0.14285714285714285,0.14285714285714285,0.14285714285714285,0.14285714285714285,0.14285714285714285,0.14285714285714285,0.0,TN,0.9999999999964029
0.14285714285714285,0.14285714285714285,0.14285714285714285,0.14285714285714285,0.14285714285714285,0.14285714285714285,0.14285714285714285,0.0,TN,0.9999999999964029
0.35864308634797,0.050745417480408665,0.28780776209440406,0.005007536337174557,0.20931025267428613,0.030448286720745045,0.05803765834501155,0.0,TN,0.7723316090941205
0.14285714285714285,0.14285714285714285,0.14285714285714285,0.14285714285714285,0.14285714285714285,0.14285714285714285,0.14285714285714285,0.0,TN,0.9999999999964029
0.051886189225116,0.18223018290017395,0.06285566090843647,0.024849525472805684,0.038966007856657554,0.016109403416895925,0.6069901782464721,0.01611285197344246,TN,0.6213192502297281
0.14285714285714285,0.14285714285714285,0.14285714285714285,0.14285714285714285,0.14285714285714285,0.14285714285714285,0.14285714285714285,0.0,TN,0.9999999999964029
0.0887131098155614,0.18701451460299853,0.44757131917772025,0.0016435773555434263,0.06658240663168867,0.025549486851931903,0.053105078029913086,0.12982050753464275,TN,0.766456691153456
0.14285714285714285,0.14285714285714285,0.14285714285714285,0.14285714285714285,0.14285714285714285,0.14285714285714285,0.14285714285714285,0.0,TN,0.9999999999964029
0.14285714285714285,0.14285714285714285,0.14285714285714285,0.14285714285714285,0.14285714285714285,0.14285714285714285,0.14285714285714285,0.0,TN,0.9999999999964029
0.14285714285714285,0.14285714285714285,0.14285714285714285,0.14285714285714285,0.14285714285714285,0.14285714285714285,0.14285714285714285,0.0,TN,0.9999999999964029
0.14285714285714285,0.14285714285714285,0.14285714285714285,0.14285714285714285,0.14285714285714285,0.14285714285714285,0.14285714285714285,0.0,TN,0.9999999999964029
0.14285714285714285,0.14285714285714285,0.14285714285714285,0.14285714285714285,0.14285714285714285,0.14285714285714285,0.14285714285714285,0.0,TN,0.9999999999964029
0.14285714285714285,0.14285714285714285,0.14285714285714285,0.14285714285714285,0.14285714285714285,0.14285714285714285,0.14285714285714285,0.0,TN,0.9999999999964029
0.14285714285714285,0.14285714285714285,0.14285714285714285,0.14285714285714285,0.14285714285714285,0.14285714285714285,0.14285714285714285,0.0,TN,0.9999999999964029
0.14285714285714285,0.14285714285714285,0.14285714285714285,0.14285714285714285,0.14285714285714285,0.14285714285714285,0.14285714285714285,0.0,TN,0.9999999999964029
0.14285714285714285,0.14285714285714285,0.14285714285714285,0.14285714285714285,0.14285714285714285,0.14285714285714285,0.14285714285714285,0.0,TN,0.9999999999964029
0.14285714285714285,0.14285714285714285,0.14285714285714285,0.14285714285714285,0.14285714285714285,0.14285714285714285,0.14285714285714285,0.0,TN,0.9999999999964029
0.14285714285714285,0.14285714285714285,0.14285714285714285,0.14285714285714285,0.14285714285714285,0.14285714285714285,0.14285714285714285,0.0,TN,0.9999999999964029
0.14285714285714285,0.14285714285714285,0.14285714285714285,0.14285714285714285,0.14285714285714285,0.14285714285714285,0.14285714285714285,0.0,TN,0.9999999999964029
0.14285714285714285,0.14285714285714285,0.14285714285714285,0.14285714285714285,0.14285714285714285,0.14285714285714285,0.14285714285714285,0.0,TN,0.9999999999964029
0.14285714285714285,0.14285714285714285,0.14285714285714285,0.14285714285714285,0.14285714285714285,0.14285714285714285,0.14285714285714285,0.0,TN,0.9999999999964029
0.14285714285714285,0.14285714285714285,0.14285714285714285,0.14285714285714285,0.14285714285714285,0.14285714285714285,0.14285714285714285,0.0,TN,0.9999999999964029
0.14285714285714285,0.14285714285714285,0.14285714285714285,0.14285714285714285,0.14285714285714285,0.14285714285714285,0.14285714285714285,0.0,TN,0.9999999999964029
0.1628722409265924,0.12982144416542069,0.05740333980437315,0.08266618911010759,0.1429526031316679,0.3337670522632218,0.07486993938921097,0.01564719120940542,TN,0.8820552895610652
0.038203277090127954,0.22943689473100054,0.12273216630281951,0.16808731145823771,0.16283201616014598,0.14713559606784476,0.0897528029625291,0.04181993522729434,TN,0.9359870980794897
0.14285714285714285,0.14285714285714285,0.14285714285714285,0.14285714285714285,0.14285714285714285,0.14285714285714285,0.14285714285714285,0.0,TN,0.9999999999964029
0.14285714285714285,0.14285714285714285,0.14285714285714285,0.14285714285714285,0.14285714285714285,0.14285714285714285,0.14285714285714285,0.0,TN,0.9999999999964029
0.03775749421313002,0.3343619920416625,0.0628456442089479,0.012025901996601779,0.3384408988661392,0.11980788025411143,0.054072105913887336,0.04068808250551986,TN,0.7819375193681904
0.14285714285714285,0.14285714285714285,0.14285714285714285,0.14285714285714285,0.14285714285714285,0.14285714285714285,0.14285714285714285,0.0,TN,0.9999999999964029
0.14285714285714285,0.14285714285714285,0.14285714285714285,0.14285714285714285,0.14285714285714285,0.14285714285714285,0.14285714285714285,0.0,TN,0.9999999999964029
0.033735464002193016,0.633203971220344,0.1084280833346433,0.00445700409829841,0.10432099316127551,0.021214454233361907,0.0808406052276906,0.01379942472219319,TN,0.6004891715647066
0.14285714285714285,0.14285714285714285,0.14285714285714285,0.14285714285714285,0.14285714285714285,0.14285714285714285,0.14285714285714285,0.0,TN,0.9999999999964029
0.21296978072888048,0.2073682834948389,0.2653104120358505,0.25836928696958633,0.0005249449989347214,0.05196182001284827,0.0014509630615357806,0.0020445086975250746,TN,0.7391852794051559
0.07612587487451937,0.22524653609917536,0.10141200950654215,0.050312688246357436,0.1983193531682379,0.003486179396793874,0.3450973587083739,0.0,TN,0.8335618020467601
0.02608433093653447,0.18345444027786137,0.1268087225409199,0.11821622852654731,0.36722552120771385,0.0721286481557559,0.10608210835466723,0.0,TN,0.8818653251409517
0.14285714285714285,0.14285714285714285,0.14285714285714285,0.14285714285714285,0.14285714285714285,0.14285714285714285,0.14285714285714285,0.0,TN,0.9999999999964029
0.08322564526054585,0.008039815133718297,0.16448419531478597,0.29349831667053067,0.038137678025967285,0.28188899520851957,0.13072535438593239,0.0,TN,0.8478669807827472
0.14285714285714285,0.14285714285714285,0.14285714285714285,0.14285714285714285,0.14285714285714285,0.14285714285714285,0.14285714285714285,0.0,TN,0.9999999999964029
0.14285714285714285,0.14285714285714285,0.14285714285714285,0.14285714285714285,0.14285714285714285,0.14285714285714285,0.14285714285714285,0.0,TN,0.9999999999964029
0.14285714285714285,0.14285714285714285,0.14285714285714285,0.14285714285714285,0.14285714285714285,0.14285714285714285,0.14285714285714285,0.0,TN,0.9999999999964029
0.14285714285714285,0.14285714285714285,0.14285714285714285,0.14285714285714285,0.14285714285714285,0.14285714285714285,0.14285714285714285,0.0,TN,0.9999999999964029
0.14285714285714285,0.14285714285714285,0.14285714285714285,0.14285714285714285,0.14285714285714285,0.14285714285714285,0.14285714285714285,0.0,TN,0.9999999999964029
0.02656386587068197,0.33317159975955724,0.20295346568935296,0.09789841622650361,0.3117333273417736,0.01712087125556597,0.006819861125367125,0.003738592731197559,TN,0.7221366286403051
0.14285714285714285,0.14285714285714285,0.14285714285714285,0.14285714285714285,0.14285714285714285,0.14285714285714285,0.14285714285714285,0.0,TN,0.9999999999964029
0.14285714285714285,0.14285714285714285,0.14285714285714285,0.14285714285714285,0.14285714285714285,0.14285714285714285,0.14285714285714285,0.0,TN,0.9999999999964029
0.6624509955454957,0.03059276305847104,0.06947491403171506,0.03900972447324667,0.08326752842446636,0.07830343586737487,0.015680505050937522,0.02122013354829304,TN,0.5985474579580926
0.14285714285714285,0.14285714285714285,0.14285714285714285,0.14285714285714285,0.14285714285714285,0.14285714285714285,0.14285714285714285,0.0,TN,0.9999999999964029
0.14285714285714285,0.14285714285714285,0.14285714285714285,0.14285714285714285,0.14285714285714285,0.14285714285714285,0.14285714285714285,0.0,TN,0.9999999999964029
0.14285714285714285,0.14285714285714285,0.14285714285714285,0.14285714285714285,0.14285714285714285,0.14285714285714285,0.14285714285714285,0.0,TN,0.9999999999964029
0.15272572725320052,0.034277758649341725,0.07602060767554208,0.3877655360376986,0.09790301499317183,0.006434193188520175,0.06844929310160533,0.17642386910091976,TN,0.8249600656722921
0.14285714285714285,0.14285714285714285,0.14285714285714285,0.14285714285714285,0.14285714285714285,0.14285714285714285,0.14285714285714285,0.0,TN,0.9999999999964029
0.4015255370429405,0.2097300969437722,0.09163457710920503,0.19686491458485508,0.05389549080247164,0.00019123504166474503,0.04615814847509072,0.0,TN,0.7882904328613147
0.14285714285714285,0.14285714285714285,0.14285714285714285,0.14285714285714285,0.14285714285714285,0.14285714285714285,0.14285714285714285,0.0,TN,0.9999999999964029
0.14285714285714285,0.14285714285714285,0.14285714285714285,0.14285714285714285,0.14285714285714285,0.14285714285714285,0.14285714285714285,0.0,TN,0.9999999999964029
0.045729936233133595,0.29453118676251666,0.1468406735533641,0.0530284877922633,0.21925918132239672,0.028632180166643442,0.0015705078482457862,0.2104078463214363,TN,0.8228702907564042
0.14285714285714285,0.14285714285714285,0.14285714285714285,0.14285714285714285,0.14285714285714285,0.14285714285714285,0.14285714285714285,0.0,TN,0.9999999999964029
0.14285714285714285,0.14285714285714285,0.14285714285714285,0.14285714285714285,0.14285714285714285,0.14285714285714285,0.14285714285714285,0.0,TN,0.9999999999964029
0.14285714285714285,0.14285714285714285,0.14285714285714285,0.14285714285714285,0.14285714285714285,0.14285714285714285,0.14285714285714285,0.0,TN,0.9999999999964029
0.14285714285714285,0.14285714285714285,0.14285714285714285,0.14285714285714285,0.14285714285714285,0.14285714285714285,0.14285714285714285,0.0,TN,0.9999999999964029
0.14285714285714285,0.14285714285714285,0.14285714285714285,0.14285714285714285,0.14285714285714285,0.14285714285714285,0.14285714285714285,0.0,TN,0.9999999999964029
0.2747725834213344,0.08625450039076644,0.17231684885724288,0.09973576027462765,0.09576546464392977,0.0405109400043803,0.15746228551884778,0.07318161688887075,TN,0.9311200265003442
0.14285714285714285,0.14285714285714285,0.14285714285714285,0.14285714285714285,0.14285714285714285,0.14285714285714285,0.14285714285714285,0.0,TN,0.9999999999964029
0.14285714285714285,0.14285714285714285,0.14285714285714285,0.14285714285714285,0.14285714285714285,0.14285714285714285,0.14285714285714285,0.0,TN,0.9999999999964029
0.14285714285714285,0.14285714285714285,0.14285714285714285,0.14285714285714285,0.14285714285714285,0.14285714285714285,0.14285714285714285,0.0,TN,0.9999999999964029
0.14285714285714285,0.14285714285714285,0.14285714285714285,0.14285714285714285,0.14285714285714285,0.14285714285714285,0.14285714285714285,0.0,TN,0.9999999999964029
0.004003424574477248,0.1830439558529639,0.3116856809563339,0.07911228041650796,0.008552319336392264,0.14975902803302205,0.1120193008858163,0.1518240099444863,TN,0.8432320832178287
0.14285714285714285,0.14285714285714285,0.14285714285714285,0.14285714285714285,0.14285714285714285,0.14285714285714285,0.14285714285714285,0.0,TN,0.9999999999964029
0.14285714285714285,0.14285714285714285,0.14285714285714285,0.14285714285714285,0.14285714285714285,0.14285714285714285,0.14285714285714285,0.0,TN,0.9999999999964029
0.14285714285714285,0.14285714285714285,0.14285714285714285,0.14285714285714285,0.14285714285714285,0.14285714285714285,0.14285714285714285,0.0,TN,0.9999999999964029
0.0007771720283075181,0.21970678675521882,0.02829200934305952,0.13187716008875758,0.2236920848679218,0.07584044647264385,0.18479527259154288,0.1350190678525481,TN,0.8750016951921598
0.027646655376335098,0.027012667465315117,0.047388789134471504,0.02399223207682409,0.33915806165070767,0.02728612529395094,0.5075154690023955,0.0,TN,0.6372145835636124
0.14285714285714285,0.14285714285714285,0.14285714285714285,0.14285714285714285,0.14285714285714285,0.14285714285714285,0.14285714285714285,0.0,TN,0.9999999999964029
0.47146309279967924,0.12948857901723906,0.004705285413547643,0.04407246991429426,0.030474564758331348,0.24613968757642615,0.07365632052048224,0.0,TN,0.7325920767727736
0.009060758530189884,0.13717459971462112,0.2027262739941566,0.01717299658245231,0.08911608380586694,0.0341411489256421,0.018818273890599313,0.4917898645564717,TN,0.7035564477262246
0.14285714285714285,0.14285714285714285,0.14285714285714285,0.14285714285714285,0.14285714285714285,0.14285714285714285,0.14285714285714285,0.0,TN,0.9999999999964029
0.4581618569110137,0.02587053561606033,0.14693874105220964,0.045874726707240306,0.17512605108624116,0.01422563664768548,0.018853303872804768,0.11494914810674456,TN,0.7523514864858022
0.14285714285714285,0.14285714285714285,0.14285714285714285,0.14285714285714285,0.14285714285714285,0.14285714285714285,0.14285714285714285,0.0,TN,0.9999999999964029
0.0021180078844244537,0.024999906974084718,0.03941449771872286,0.3357430267151538,0.386749060918254,0.00505953399217313,0.20591596579718716,0.0,TN,0.6776800848005875
0.14285714285714285,0.14285714285714285,0.14285714285714285,0.14285714285714285,0.14285714285714285,0.14285714285714285,0.14285714285714285,0.0,TN,0.9999999999964029
0.14285714285714285,0.14285714285714285,0.14285714285714285,0.14285714285714285,0.14285714285714285,0.14285714285714285,0.14285714285714285,0.0,TN,0.9999999999964029
0.14285714285714285,0.14285714285714285,0.14285714285714285,0.14285714285714285,0.14285714285714285,0.14285714285714285,0.14285714285714285,0.0,TN,0.9999999999964029
0.14285714285714285,0.14285714285714285,0.14285714285714285,0.14285714285714285,0.14285714285714285,0.14285714285714285,0.14285714285714285,0.0,TN,0.9999999999964029
0.14285714285714285,0.14285714285714285,0.14285714285714285,0.14285714285714285,0.14285714285714285,0.14285714285714285,0.14285714285714285,0.0,TN,0.9999999999964029
0.14285714285714285,0.14285714285714285,0.14285714285714285,0.14285714285714285,0.14285714285714285,0.14285714285714285,0.14285714285714285,0.0,TN,0.9999999999964029
0.14285714285714285,0.14285714285714285,0.14285714285714285,0.14285714285714285,0.14285714285714285,0.14285714285714285,0.14285714285714285,0.0,TN,0.9999999999964029
0.14285714285714285,0.14285714285714285,0.14285714285714285,0.14285714285714285,0.14285714285714285,0.14285714285714285,0.14285714285714285,0.0,TN,0.9999999999964029
0.14285714285714285,0.14285714285714285,0.14285714285714285,0.14285714285714285,0.14285714285714285,0.14285714285714285,0.14285714285714285,0.0,TN,0.9999999999964029
0.14285714285714285,0.14285714285714285,0.14285714285714285,0.14285714285714285,0.14285714285714285,0.14285714285714285,0.14285714285714285,0.0,TN,0.9999999999964029
0.14285714285714285,0.14285714285714285,0.14285714285714285,0.14285714285714285,0.14285714285714285,0.14285714285714285,0.14285714285714285,0.0,TN,0.9999999999964029
0.14285714285714285,0.14285714285714285,0.14285714285714285,0.14285714285714285,0.14285714285714285,0.14285714285714285,0.14285714285714285,0.0,TN,0.9999999999964029
0.14285714285714285,0.14285714285714285,0.14285714285714285,0.14285714285714285,0.14285714285714285,0.14285714285714285,0.14285714285714285,0.0,TN,0.9999999999964029
0.14285714285714285,0.14285714285714285,0.14285714285714285,0.14285714285714285,0.14285714285714285,0.14285714285714285,0.14285714285714285,0.0,TN,0.9999999999964029
0.14285714285714285,0.14285714285714285,0.14285714285714285,0.14285714285714285,0.14285714285714285,0.14285714285714285,0.14285714285714285,0.0,TN,0.9999999999964029
0.14285714285714285,0.14285714285714285,0.14285714285714285,0.14285714285714285,0.14285714285714285,0.14285714285714285,0.14285714285714285,0.0,TN,0.9999999999964029
0.14285714285714285,0.14285714285714285,0.14285714285714285,0.14285714285714285,0.14285714285714285,0.14285714285714285,0.14285714285714285,0.0,TN,0.9999999999964029
0.14285714285714285,0.14285714285714285,0.14285714285714285,0.14285714285714285,0.14285714285714285,0.14285714285714285,0.14285714285714285,0.0,TN,0.9999999999964029
0.14285714285714285,0.14285714285714285,0.14285714285714285,0.14285714285714285,0.14285714285714285,0.14285714285714285,0.14285714285714285,0.0,TN,0.9999999999964029
0.14285714285714285,0.14285714285714285,0.14285714285714285,0.14285714285714285,0.14285714285714285,0.14285714285714285,0.14285714285714285,0.0,TN,0.9999999999964029
0.14285714285714285,0.14285714285714285,0.14285714285714285,0.14285714285714285,0.14285714285714285,0.14285714285714285,0.14285714285714285,0.0,TN,0.9999999999964029
0.14285714285714285,0.14285714285714285,0.14285714285714285,0.14285714285714285,0.14285714285714285,0.14285714285714285,0.14285714285714285,0.0,TN,0.9999999999964029
0.14285714285714285,0.14285714285714285,0.14285714285714285,0.14285714285714285,0.14285714285714285,0.14285714285714285,0.14285714285714285,0.0,TN,0.9999999999964029
0.0322274813777444,0.017897095420688403,0.028666876439238455,0.38560826070803456,0.13517388135661743,0.006716145535716978,0.06334077900778273,0.33036948015417694,TN,0.7197928676136222
0.14285714285714285,0.14285714285714285,0.14285714285714285,0.14285714285714285,0.14285714285714285,0.14285714285714285,0.14285714285714285,0.0,TN,0.9999999999964029
0.14285714285714285,0.14285714285714285,0.14285714285714285,0.14285714285714285,0.14285714285714285,0.14285714285714285,0.14285714285714285,0.0,TN,0.9999999999964029
0.14285714285714285,0.14285714285714285,0.14285714285714285,0.14285714285714285,0.14285714285714285,0.14285714285714285,0.14285714285714285,0.0,TN,0.9999999999964029
0.14285714285714285,0.14285714285714285,0.14285714285714285,0.14285714285714285,0.14285714285714285,0.14285714285714285,0.14285714285714285,0.0,TN,0.9999999999964029
0.14285714285714285,0.14285714285714285,0.14285714285714285,0.14285714285714285,0.14285714285714285,0.14285714285714285,0.14285714285714285,0.0,TN,0.9999999999964029
0.14285714285714285,0.14285714285714285,0.14285714285714285,0.14285714285714285,0.14285714285714285,0.14285714285714285,0.14285714285714285,0.0,TN,0.9999999999964029
0.4767074925327408,0.0868560724208847,0.07322760481767647,0.03245618707827494,0.019291608000574785,0.1577444872419811,0.00625724494969819,0.14745930295816914,TN,0.7451948277640379
0.14285714285714285,0.14285714285714285,0.14285714285714285,0.14285714285714285,0.14285714285714285,0.14285714285714285,0.14285714285714285,0.0,TN,0.9999999999964029
0.106449699614706,0.0941941969568951,0.1901228810556575,0.05861055043889394,0.029219537625100267,0.11584409014396596,0.4055590441647813,0.0,TN,0.8540039115211783
0.14285714285714285,0.14285714285714285,0.14285714285714285,0.14285714285714285,0.14285714285714285,0.14285714285714285,0.14285714285714285,0.0,TN,0.9999999999964029
0.14285714285714285,0.14285714285714285,0.14285714285714285,0.14285714285714285,0.14285714285714285,0.14285714285714285,0.14285714285714285,0.0,TN,0.9999999999964029
0.14285714285714285,0.14285714285714285,0.14285714285714285,0.14285714285714285,0.14285714285714285,0.14285714285714285,0.14285714285714285,0.0,TN,0.9999999999964029
0.14285714285714285,0.14285714285714285,0.14285714285714285,0.14285714285714285,0.14285714285714285,0.14285714285714285,0.14285714285714285,0.0,TN,0.9999999999964029
0.043032852190651255,0.035702923268080736,0.22929451405617138,0.16233239972675484,0.2781027046530607,0.05233847682513059,0.19919612928015046,0.0,TN,0.8833327130625852
0.18718059716899285,0.30895801615900376,0.14138824337921227,0.07180280268813102,0.011891808378163454,0.0339271867027338,0.1010238772139734,0.1438274683097893,TN,0.8753476608334747
0.07742847879223898,0.1031755655466881,0.41431877161536235,0.020561474972084156,0.2477209635303937,0.04433318670200685,0.03324154192306914,0.05922001691815692,TN,0.7895071678830888
0.14285714285714285,0.14285714285714285,0.14285714285714285,0.14285714285714285,0.14285714285714285,0.14285714285714285,0.14285714285714285,0.0,TN,0.9999999999964029
0.0002449034668706156,0.19715286047759292,0.14616422654520436,0.06137681815258818,0.3281598992102388,0.0457328931754271,0.2211683989720781,0.0,TN,0.8299323779771698
0.14285714285714285,0.14285714285714285,0.14285714285714285,0.14285714285714285,0.14285714285714285,0.14285714285714285,0.14285714285714285,0.0,TN,0.9999999999964029
0.14285714285714285,0.14285714285714285,0.14285714285714285,0.14285714285714285,0.14285714285714285,0.14285714285714285,0.14285714285714285,0.0,TN,0.9999999999964029
0.08807758470052961,0.21087841041788807,0.10207334541359243,0.13457159891499912,0.22477429642858524,0.0007257895872117842,0.2388989745371938,0.0,TN,0.8879390555709982
0.14285714285714285,0.14285714285714285,0.14285714285714285,0.14285714285714285,0.14285714285714285,0.14285714285714285,0.14285714285714285,0.0,TN,0.9999999999964029
0.17643796997267353,0.16062394224975032,0.2723283192488179,0.055633445389499527,0.16884505564977506,0.0674439062448378,0.09868736124464576,0.0,TN,0.938123449424058
0.14285714285714285,0.14285714285714285,0.14285714285714285,0.14285714285714285,0.14285714285714285,0.14285714285714285,0.14285714285714285,0.0,TN,0.9999999999964029
0.14285714285714285,0.14285714285714285,0.14285714285714285,0.14285714285714285,0.14285714285714285,0.14285714285714285,0.14285714285714285,0.0,TN,0.9999999999964029
0.14285714285714285,0.14285714285714285,0.14285714285714285,0.14285714285714285,0.14285714285714285,0.14285714285714285,0.14285714285714285,0.0,TN,0.9999999999964029
0.14285714285714285,0.14285714285714285,0.14285714285714285,0.14285714285714285,0.14285714285714285,0.14285714285714285,0.14285714285714285,0.0,TN,0.9999999999964029
0.05269676781499796,0.20239513342892704,0.20319463664613824,0.25492050236634856,0.09271693276508891,0.10129256627632605,0.0818977837601781,0.010885676941995133,TN,0.8931423388037323
0.025704775449664267,0.052174682927834275,0.07074974309149304,0.1387971918698837,0.11044885147777009,0.21194127169747157,0.13693858528585626,0.2532448982000267,TN,0.9146163578266975
0.023121976190089696,0.10050297721589092,0.015466481956664113,0.06430244659493692,0.7259630815040925,0.026714786688592323,0.04392824984973365,0.0,TN,0.527004399912081
0.14285714285714285,0.14285714285714285,0.14285714285714285,0.14285714285714285,0.14285714285714285,0.14285714285714285,0.14285714285714285,0.0,TN,0.9999999999964029
0.14285714285714285,0.14285714285714285,0.14285714285714285,0.14285714285714285,0.14285714285714285,0.14285714285714285,0.14285714285714285,0.0,TN,0.9999999999964029
1.4485690595131176e-06,0.17172138564836906,0.00010101418424443074,0.2935994260111171,0.13612746442124263,0.21685672035367842,0.18159254081228884,0.0,TN,0.8099264690415461
0.20077229760665066,0.058564417507452206,0.1687415887107682,0.0389475091619156,0.11237893823601157,0.11582995199208959,0.3047652967851121,0.0,TN,0.910968443742067
0.14285714285714285,0.14285714285714285,0.14285714285714285,0.14285714285714285,0.14285714285714285,0.14285714285714285,0.14285714285714285,0.0,TN,0.9999999999964029
0.14285714285714285,0.14285714285714285,0.14285714285714285,0.14285714285714285,0.14285714285714285,0.14285714285714285,0.14285714285714285,0.0,TN,0.9999999999964029
0.14285714285714285,0.14285714285714285,0.14285714285714285,0.14285714285714285,0.14285714285714285,0.14285714285714285,0.14285714285714285,0.0,TN,0.9999999999964029
0.14285714285714285,0.14285714285714285,0.14285714285714285,0.14285714285714285,0.14285714285714285,0.14285714285714285,0.14285714285714285,0.0,TN,0.9999999999964029
0.14285714285714285,0.14285714285714285,0.14285714285714285,0.14285714285714285,0.14285714285714285,0.14285714285714285,0.14285714285714285,0.0,TN,0.9999999999964029
0.14285714285714285,0.14285714285714285,0.14285714285714285,0.14285714285714285,0.14285714285714285,0.14285714285714285,0.14285714285714285,0.0,TN,0.9999999999964029
0.14285714285714285,0.14285714285714285,0.14285714285714285,0.14285714285714285,0.14285714285714285,0.14285714285714285,0.14285714285714285,0.0,TN,0.9999999999964029
0.14285714285714285,0.14285714285714285,0.14285714285714285,0.14285714285714285,0.14285714285714285,0.14285714285714285,0.14285714285714285,0.0,TN,0.9999999999964029
0.14285714285714285,0.14285714285714285,0.14285714285714285,0.14285714285714285,0.14285714285714285,0.14285714285714285,0.14285714285714285,0.0,TN,0.9999999999964029
0.14285714285714285,0.14285714285714285,0.14285714285714285,0.14285714285714285,0.14285714285714285,0.14285714285714285,0.14285714285714285,0.0,TN,0.9999999999964029
0.14285714285714285,0.14285714285714285,0.14285714285714285,0.14285714285714285,0.14285714285714285,0.14285714285714285,0.14285714285714285,0.0,TN,0.9999999999964029
0.14285714285714285,0.14285714285714285,0.14285714285714285,0.14285714285714285,0.14285714285714285,0.14285714285714285,0.14285714285714285,0.0,TN,0.9999999999964029
0.14285714285714285,0.14285714285714285,0.14285714285714285,0.14285714285714285,0.14285714285714285,0.14285714285714285,0.14285714285714285,0.0,TN,0.9999999999964029
0.17030418804120745,0.08507387452309734,0.24431312714168152,0.014740285271673982,0.30183776613624574,0.013010187681171567,0.15941324923026662,0.011307321974655764,TN,0.8074480772205792
0.14285714285714285,0.14285714285714285,0.14285714285714285,0.14285714285714285,0.14285714285714285,0.14285714285714285,0.14285714285714285,0.0,TN,0.9999999999964029
0.14285714285714285,0.14285714285714285,0.14285714285714285,0.14285714285714285,0.14285714285714285,0.14285714285714285,0.14285714285714285,0.0,TN,0.9999999999964029
0.14285714285714285,0.14285714285714285,0.14285714285714285,0.14285714285714285,0.14285714285714285,0.14285714285714285,0.14285714285714285,0.0,TN,0.9999999999964029
0.1116857816139769,0.2184263310189691,0.1562431338801484,0.2351987825218064,0.008281440683592784,0.24989069835990538,0.020273831921600902,0.0,TN,0.8596655741335569
0.14285714285714285,0.14285714285714285,0.14285714285714285,0.14285714285714285,0.14285714285714285,0.14285714285714285,0.14285714285714285,0.0,TN,0.9999999999964029
0.14285714285714285,0.14285714285714285,0.14285714285714285,0.14285714285714285,0.14285714285714285,0.14285714285714285,0.14285714285714285,0.0,TN,0.9999999999964029
0.14285714285714285,0.14285714285714285,0.14285714285714285,0.14285714285714285,0.14285714285714285,0.14285714285714285,0.14285714285714285,0.0,TN,0.9999999999964029
0.14285714285714285,0.14285714285714285,0.14285714285714285,0.14285714285714285,0.14285714285714285,0.14285714285714285,0.14285714285714285,0.0,TN,0.9999999999964029
0.08575395428789838,0.32061565725901153,0.07269592821746818,0.15653386755491872,0.19227718404796557,0.05603649162671943,0.11608691700601831,0.0,TN,0.9171520988739134
0.12907124623084865,0.19702572076837743,0.027227209602611054,0.20816759585545927,0.3386149544177176,0.08084003311132129,0.019053240013664877,0.0,TN,0.8502995529383002
0.14285714285714285,0.14285714285714285,0.14285714285714285,0.14285714285714285,0.14285714285714285,0.14285714285714285,0.14285714285714285,0.0,TN,0.9999999999964029
0.14285714285714285,0.14285714285714285,0.14285714285714285,0.14285714285714285,0.14285714285714285,0.14285714285714285,0.14285714285714285,0.0,TN,0.9999999999964029
0.14285714285714285,0.14285714285714285,0.14285714285714285,0.14285714285714285,0.14285714285714285,0.14285714285714285,0.14285714285714285,0.0,TN,0.9999999999964029
0.14285714285714285,0.14285714285714285,0.14285714285714285,0.14285714285714285,0.14285714285714285,0.14285714285714285,0.14285714285714285,0.0,TN,0.9999999999964029
0.14285714285714285,0.14285714285714285,0.14285714285714285,0.14285714285714285,0.14285714285714285,0.14285714285714285,0.14285714285714285,0.0,TN,0.9999999999964029
0.14285714285714285,0.14285714285714285,0.14285714285714285,0.14285714285714285,0.14285714285714285,0.14285714285714285,0.14285714285714285,0.0,TN,0.9999999999964029
0.14285714285714285,0.14285714285714285,0.14285714285714285,0.14285714285714285,0.14285714285714285,0.14285714285714285,0.14285714285714285,0.0,TN,0.9999999999964029
0.14285714285714285,0.14285714285714285,0.14285714285714285,0.14285714285714285,0.14285714285714285,0.14285714285714285,0.14285714285714285,0.0,TN,0.9999999999964029
0.037420220633648936,0.24025874955364063,0.238976035670656,0.048510097128465116,0.0356372073494143,0.08521986954420396,0.31397782011997094,0.0,TN,0.8463024932272658
0.14285714285714285,0.14285714285714285,0.14285714285714285,0.14285714285714285,0.14285714285714285,0.14285714285714285,0.14285714285714285,0.0,TN,0.9999999999964029
0.14285714285714285,0.14285714285714285,0.14285714285714285,0.14285714285714285,0.14285714285714285,0.14285714285714285,0.14285714285714285,0.0,TN,0.9999999999964029
0.14285714285714285,0.14285714285714285,0.14285714285714285,0.14285714285714285,0.14285714285714285,0.14285714285714285,0.14285714285714285,0.0,TN,0.9999999999964029
0.14285714285714285,0.14285714285714285,0.14285714285714285,0.14285714285714285,0.14285714285714285,0.14285714285714285,0.14285714285714285,0.0,TN,0.9999999999964029
0.14285714285714285,0.14285714285714285,0.14285714285714285,0.14285714285714285,0.14285714285714285,0.14285714285714285,0.14285714285714285,0.0,TN,0.9999999999964029
0.14285714285714285,0.14285714285714285,0.14285714285714285,0.14285714285714285,0.14285714285714285,0.14285714285714285,0.14285714285714285,0.0,TN,0.9999999999964029
0.14285714285714285,0.14285714285714285,0.14285714285714285,0.14285714285714285,0.14285714285714285,0.14285714285714285,0.14285714285714285,0.0,TN,0.9999999999964029
0.14285714285714285,0.14285714285714285,0.14285714285714285,0.14285714285714285,0.14285714285714285,0.14285714285714285,0.14285714285714285,0.0,TN,0.9999999999964029
0.14285714285714285,0.14285714285714285,0.14285714285714285,0.14285714285714285,0.14285714285714285,0.14285714285714285,0.14285714285714285,0.0,TN,0.9999999999964029
0.14285714285714285,0.14285714285714285,0.14285714285714285,0.14285714285714285,0.14285714285714285,0.14285714285714285,0.14285714285714285,0.0,TN,0.9999999999964029
0.012394084129215709,0.031575858865511314,0.367072035805716,0.0720506291066082,0.13116628723787674,0.17383546958591364,0.07808809023845902,0.1338175450306992,TN,0.8462714262722679
0.1303110895625028,0.011675794388842257,0.18532113656683738,0.37254125611304145,0.05394473209336827,0.20404561869027718,0.04216037258513065,0.0,TN,0.8289502833645569
0.14285714285714285,0.14285714285714285,0.14285714285714285,0.14285714285714285,0.14285714285714285,0.14285714285714285,0.14285714285714285,0.0,TN,0.9999999999964029
0.14285714285714285,0.14285714285714285,0.14285714285714285,0.14285714285714285,0.14285714285714285,0.14285714285714285,0.14285714285714285,0.0,TN,0.9999999999964029
0.14285714285714285,0.14285714285714285,0.14285714285714285,0.14285714285714285,0.14285714285714285,0.14285714285714285,0.14285714285714285,0.0,TN,0.9999999999964029
0.0011283191936691463,0.6345168975414295,0.030734396164369772,0.25709107938556236,0.0045353559395009445,0.04879693789512319,0.0231970138803451,0.0,TN,0.5199040136547766
0.14285714285714285,0.14285714285714285,0.14285714285714285,0.14285714285714285,0.14285714285714285,0.14285714285714285,0.14285714285714285,0.0,TN,0.9999999999964029
0.14285714285714285,0.14285714285714285,0.14285714285714285,0.14285714285714285,0.14285714285714285,0.14285714285714285,0.14285714285714285,0.0,TN,0.9999999999964029
0.14285714285714285,0.14285714285714285,0.14285714285714285,0.14285714285714285,0.14285714285714285,0.14285714285714285,0.14285714285714285,0.0,TN,0.9999999999964029
0.14285714285714285,0.14285714285714285,0.14285714285714285,0.14285714285714285,0.14285714285714285,0.14285714285714285,0.14285714285714285,0.0,TN,0.9999999999964029
0.14285714285714285,0.14285714285714285,0.14285714285714285,0.14285714285714285,0.14285714285714285,0.14285714285714285,0.14285714285714285,0.0,TN,0.9999999999964029
0.22797880179579924,0.1936094091353647,0.10537216117682974,0.052679310606046865,0.0021396975540302126,0.06679660993377409,0.17151075900260568,0.17991325079554954,TN,0.8906429597944652
0.14285714285714285,0.14285714285714285,0.14285714285714285,0.14285714285714285,0.14285714285714285,0.14285714285714285,0.14285714285714285,0.0,TN,0.9999999999964029
0.14285714285714285,0.14285714285714285,0.14285714285714285,0.14285714285714285,0.14285714285714285,0.14285714285714285,0.14285714285714285,0.0,TN,0.9999999999964029
0.14285714285714285,0.14285714285714285,0.14285714285714285,0.14285714285714285,0.14285714285714285,0.14285714285714285,0.14285714285714285,0.0,TN,0.9999999999964029
0.14285714285714285,0.14285714285714285,0.14285714285714285,0.14285714285714285,0.14285714285714285,0.14285714285714285,0.14285714285714285,0.0,TN,0.9999999999964029
0.14285714285714285,0.14285714285714285,0.14285714285714285,0.14285714285714285,0.14285714285714285,0.14285714285714285,0.14285714285714285,0.0,TN,0.9999999999964029
0.14285714285714285,0.14285714285714285,0.14285714285714285,0.14285714285714285,0.14285714285714285,0.14285714285714285,0.14285714285714285,0.0,TN,0.9999999999964029
0.03069689251409268,0.02296765057293607,0.13656858581858697,0.00037272885111244155,0.21851582631834124,0.5183811034896693,0.035977884015249435,0.03651932842001208,TN,0.6645462544145191
0.14285714285714285,0.14285714285714285,0.14285714285714285,0.14285714285714285,0.14285714285714285,0.14285714285714285,0.14285714285714285,0.0,TN,0.9999999999964029
0.14285714285714285,0.14285714285714285,0.14285714285714285,0.14285714285714285,0.14285714285714285,0.14285714285714285,0.14285714285714285,0.0,TN,0.9999999999964029
0.14285714285714285,0.14285714285714285,0.14285714285714285,0.14285714285714285,0.14285714285714285,0.14285714285714285,0.14285714285714285,0.0,TN,0.9999999999964029
0.14285714285714285,0.14285714285714285,0.14285714285714285,0.14285714285714285,0.14285714285714285,0.14285714285714285,0.14285714285714285,0.0,TN,0.9999999999964029
0.14285714285714285,0.14285714285714285,0.14285714285714285,0.14285714285714285,0.14285714285714285,0.14285714285714285,0.14285714285714285,0.0,TN,0.9999999999964029
0.14285714285714285,0.14285714285714285,0.14285714285714285,0.14285714285714285,0.14285714285714285,0.14285714285714285,0.14285714285714285,0.0,TN,0.9999999999964029
0.14285714285714285,0.14285714285714285,0.14285714285714285,0.14285714285714285,0.14285714285714285,0.14285714285714285,0.14285714285714285,0.0,TN,0.9999999999964029
0.14285714285714285,0.14285714285714285,0.14285714285714285,0.14285714285714285,0.14285714285714285,0.14285714285714285,0.14285714285714285,0.0,TN,0.9999999999964029
0.4180963646582594,0.051771104735358946,0.0027666156402579795,0.25945503338985887,0.057141459591225796,0.0827997192160075,0.12796970276903152,0.0,TN,0.7796699098751243
0.14285714285714285,0.14285714285714285,0.14285714285714285,0.14285714285714285,0.14285714285714285,0.14285714285714285,0.14285714285714285,0.0,TN,0.9999999999964029
0.14285714285714285,0.14285714285714285,0.14285714285714285,0.14285714285714285,0.14285714285714285,0.14285714285714285,0.14285714285714285,0.0,TN,0.9999999999964029
0.14285714285714285,0.14285714285714285,0.14285714285714285,0.14285714285714285,0.14285714285714285,0.14285714285714285,0.14285714285714285,0.0,TN,0.9999999999964029
0.14285714285714285,0.14285714285714285,0.14285714285714285,0.14285714285714285,0.14285714285714285,0.14285714285714285,0.14285714285714285,0.0,TN,0.9999999999964029
0.14285714285714285,0.14285714285714285,0.14285714285714285,0.14285714285714285,0.14285714285714285,0.14285714285714285,0.14285714285714285,0.0,TN,0.9999999999964029
0.14285714285714285,0.14285714285714285,0.14285714285714285,0.14285714285714285,0.14285714285714285,0.14285714285714285,0.14285714285714285,0.0,TN,0.9999999999964029
0.12937897247224614,0.20734354736986743,0.05900370182716071,0.2302516993058588,0.2617236900024911,0.008760318375006099,0.0967367501996837,0.006801320447685896,TN,0.840694500604029
0.14285714285714285,0.14285714285714285,0.14285714285714285,0.14285714285714285,0.14285714285714285,0.14285714285714285,0.14285714285714285,0.0,TN,0.9999999999964029
0.14285714285714285,0.14285714285714285,0.14285714285714285,0.14285714285714285,0.14285714285714285,0.14285714285714285,0.14285714285714285,0.0,TN,0.9999999999964029
0.14285714285714285,0.14285714285714285,0.14285714285714285,0.14285714285714285,0.14285714285714285,0.14285714285714285,0.14285714285714285,0.0,TN,0.9999999999964029
0.14285714285714285,0.14285714285714285,0.14285714285714285,0.14285714285714285,0.14285714285714285,0.14285714285714285,0.14285714285714285,0.0,TN,0.9999999999964029
0.48375976544463123,0.06151559423111062,0.08015917472086502,0.09419437915637414,0.03041262603824299,0.19451661850202273,0.010931353916625778,0.04451048799012751,TN,0.7503135084511706
0.3321905850623084,0.020629092895535918,0.14695426029830877,0.0001808684211774567,0.02719908023171193,0.29200476940649694,0.18084134368446061,0.0,TN,0.7689321729944824
0.09692413800087017,0.26130705570288976,0.32149099021957844,0.07510977746061466,0.058346585247403666,0.13159931844167708,0.03955417637589966,0.015667958551066636,TN,0.8472029311796704
0.2332411491059536,0.1025087263048926,0.20084160527024575,0.2401695338993871,0.10400218341904353,0.06524022197898253,0.05399658002149487,0.0,TN,0.929685149423564
0.14285714285714285,0.14285714285714285,0.14285714285714285,0.14285714285714285,0.14285714285714285,0.14285714285714285,0.14285714285714285,0.0,TN,0.9999999999964029
0.14285714285714285,0.14285714285714285,0.14285714285714285,0.14285714285714285,0.14285714285714285,0.14285714285714285,0.14285714285714285,0.0,TN,0.9999999999964029
0.14285714285714285,0.14285714285714285,0.14285714285714285,0.14285714285714285,0.14285714285714285,0.14285714285714285,0.14285714285714285,0.0,TN,0.9999999999964029
0.10694956222396089,0.03367692950428516,0.06581807266119903,0.11277324678763571,0.048043511470308435,0.30722657767763084,0.32551209967498007,0.0,TN,0.849078192403353
0.14285714285714285,0.14285714285714285,0.14285714285714285,0.14285714285714285,0.14285714285714285,0.14285714285714285,0.14285714285714285,0.0,TN,0.9999999999964029
0.14285714285714285,0.14285714285714285,0.14285714285714285,0.14285714285714285,0.14285714285714285,0.14285714285714285,0.14285714285714285,0.0,TN,0.9999999999964029
0.14285714285714285,0.14285714285714285,0.14285714285714285,0.14285714285714285,0.14285714285714285,0.14285714285714285,0.14285714285714285,0.0,TN,0.9999999999964029
0.14285714285714285,0.14285714285714285,0.14285714285714285,0.14285714285714285,0.14285714285714285,0.14285714285714285,0.14285714285714285,0.0,TN,0.9999999999964029
0.14285714285714285,0.14285714285714285,0.14285714285714285,0.14285714285714285,0.14285714285714285,0.14285714285714285,0.14285714285714285,0.0,TN,0.9999999999964029
0.14285714285714285,0.14285714285714285,0.14285714285714285,0.14285714285714285,0.14285714285714285,0.14285714285714285,0.14285714285714285,0.0,TN,0.9999999999964029
0.14285714285714285,0.14285714285714285,0.14285714285714285,0.14285714285714285,0.14285714285714285,0.14285714285714285,0.14285714285714285,0.0,TN,0.9999999999964029
0.14285714285714285,0.14285714285714285,0.14285714285714285,0.14285714285714285,0.14285714285714285,0.14285714285714285,0.14285714285714285,0.0,TN,0.9999999999964029
0.08908862045228637,0.009058796885921826,0.14238231950595626,0.08199352806556076,0.3063404408252382,0.09742382793695602,0.14211943389121837,0.13159303243686238,TN,0.9012535193161443
0.14285714285714285,0.14285714285714285,0.14285714285714285,0.14285714285714285,0.14285714285714285,0.14285714285714285,0.14285714285714285,0.0,TN,0.9999999999964029
0.14285714285714285,0.14285714285714285,0.14285714285714285,0.14285714285714285,0.14285714285714285,0.14285714285714285,0.14285714285714285,0.0,TN,0.9999999999964029
0.14285714285714285,0.14285714285714285,0.14285714285714285,0.14285714285714285,0.14285714285714285,0.14285714285714285,0.14285714285714285,0.0,TN,0.9999999999964029
0.14285714285714285,0.14285714285714285,0.14285714285714285,0.14285714285714285,0.14285714285714285,0.14285714285714285,0.14285714285714285,0.0,TN,0.9999999999964029
0.14285714285714285,0.14285714285714285,0.14285714285714285,0.14285714285714285,0.14285714285714285,0.14285714285714285,0.14285714285714285,0.0,TN,0.9999999999964029
0.14285714285714285,0.14285714285714285,0.14285714285714285,0.14285714285714285,0.14285714285714285,0.14285714285714285,0.14285714285714285,0.0,TN,0.9999999999964029
0.14285714285714285,0.14285714285714285,0.14285714285714285,0.14285714285714285,0.14285714285714285,0.14285714285714285,0.14285714285714285,0.0,TN,0.9999999999964029
0.14285714285714285,0.14285714285714285,0.14285714285714285,0.14285714285714285,0.14285714285714285,0.14285714285714285,0.14285714285714285,0.0,TN,0.9999999999964029
0.03068136232202947,0.3020007993027754,0.04149432020808937,0.18932700839006178,0.039071054041994326,0.1094591529761514,0.28069470930717194,0.007271593451726278,TN,0.8064079809089829
0.14285714285714285,0.14285714285714285,0.14285714285714285,0.14285714285714285,0.14285714285714285,0.14285714285714285,0.14285714285714285,0.0,TN,0.9999999999964029
0.14285714285714285,0.14285714285714285,0.14285714285714285,0.14285714285714285,0.14285714285714285,0.14285714285714285,0.14285714285714285,0.0,TN,0.9999999999964029
0.14285714285714285,0.14285714285714285,0.14285714285714285,0.14285714285714285,0.14285714285714285,0.14285714285714285,0.14285714285714285,0.0,TN,0.9999999999964029
0.14285714285714285,0.14285714285714285,0.14285714285714285,0.14285714285714285,0.14285714285714285,0.14285714285714285,0.14285714285714285,0.0,TN,0.9999999999964029
0.14285714285714285,0.14285714285714285,0.14285714285714285,0.14285714285714285,0.14285714285714285,0.14285714285714285,0.14285714285714285,0.0,TN,0.9999999999964029
0.14285714285714285,0.14285714285714285,0.14285714285714285,0.14285714285714285,0.14285714285714285,0.14285714285714285,0.14285714285714285,0.0,TN,0.9999999999964029
0.14285714285714285,0.14285714285714285,0.14285714285714285,0.14285714285714285,0.14285714285714285,0.14285714285714285,0.14285714285714285,0.0,TN,0.9999999999964029
0.14285714285714285,0.14285714285714285,0.14285714285714285,0.14285714285714285,0.14285714285714285,0.14285714285714285,0.14285714285714285,0.0,TN,0.9999999999964029
0.14285714285714285,0.14285714285714285,0.14285714285714285,0.14285714285714285,0.14285714285714285,0.14285714285714285,0.14285714285714285,0.0,TN,0.9999999999964029
0.21456693967502663,0.04897140232550228,0.06244660603887307,0.30179958619785147,0.015094887575387602,0.01629399285354179,0.3408265853338171,0.0,TN,0.7759638754735112
0.06924199470533984,0.13554872295431855,0.1751192300310375,0.09528823018860204,0.3505956146993526,0.0008295589255592712,0.17337664849579026,0.0,TN,0.8541221159006805
0.018365061315569142,0.011054027365292386,0.053189905258562854,0.03010296959997236,0.19615498246578972,0.1915486861369877,0.3711956367188941,0.1283887311389319,TN,0.79453383034269
0.14285714285714285,0.14285714285714285,0.14285714285714285,0.14285714285714285,0.14285714285714285,0.14285714285714285,0.14285714285714285,0.0,TN,0.9999999999964029
0.14285714285714285,0.14285714285714285,0.14285714285714285,0.14285714285714285,0.14285714285714285,0.14285714285714285,0.14285714285714285,0.0,TN,0.9999999999964029
0.14285714285714285,0.14285714285714285,0.14285714285714285,0.14285714285714285,0.14285714285714285,0.14285714285714285,0.14285714285714285,0.0,TN,0.9999999999964029
0.0767512213514251,0.00011289739014172265,0.4679612572721517,0.27339404583301397,0.07766366227569328,0.1036774374813163,0.00043947839625803895,0.0,TN,0.6910921866450483
0.14285714285714285,0.14285714285714285,0.14285714285714285,0.14285714285714285,0.14285714285714285,0.14285714285714285,0.14285714285714285,0.0,TN,0.9999999999964029
0.14285714285714285,0.14285714285714285,0.14285714285714285,0.14285714285714285,0.14285714285714285,0.14285714285714285,0.14285714285714285,0.0,TN,0.9999999999964029
0.14285714285714285,0.14285714285714285,0.14285714285714285,0.14285714285714285,0.14285714285714285,0.14285714285714285,0.14285714285714285,0.0,TN,0.9999999999964029
0.14285714285714285,0.14285714285714285,0.14285714285714285,0.14285714285714285,0.14285714285714285,0.14285714285714285,0.14285714285714285,0.0,TN,0.9999999999964029
0.14285714285714285,0.14285714285714285,0.14285714285714285,0.14285714285714285,0.14285714285714285,0.14285714285714285,0.14285714285714285,0.0,TN,0.9999999999964029
0.14285714285714285,0.14285714285714285,0.14285714285714285,0.14285714285714285,0.14285714285714285,0.14285714285714285,0.14285714285714285,0.0,TN,0.9999999999964029
0.14285714285714285,0.14285714285714285,0.14285714285714285,0.14285714285714285,0.14285714285714285,0.14285714285714285,0.14285714285714285,0.0,TN,0.9999999999964029
0.14285714285714285,0.14285714285714285,0.14285714285714285,0.14285714285714285,0.14285714285714285,0.14285714285714285,0.14285714285714285,0.0,TN,0.9999999999964029
0.14285714285714285,0.14285714285714285,0.14285714285714285,0.14285714285714285,0.14285714285714285,0.14285714285714285,0.14285714285714285,0.0,TN,0.9999999999964029
0.14285714285714285,0.14285714285714285,0.14285714285714285,0.14285714285714285,0.14285714285714285,0.14285714285714285,0.14285714285714285,0.0,TN,0.9999999999964029
0.008972815496565706,0.3044806405077024,0.267605445999249,0.011505746068302302,0.10402201103045935,0.036504024937140674,0.2669093159605806,0.0,TN,0.7797438320629526
0.07491248187626451,0.018470253523172896,0.1444458666359094,0.12019576748813081,0.25157317392941453,0.004412804647484576,0.06427551319901402,0.3217141387006093,TN,0.8244324228731299
0.14285714285714285,0.14285714285714285,0.14285714285714285,0.14285714285714285,0.14285714285714285,0.14285714285714285,0.14285714285714285,0.0,TN,0.9999999999964029
0.006880275098589594,0.06619291637404687,0.08240561153056246,0.076075332685163,0.005425247765521306,0.08085406361272027,0.48211641836748453,0.20005013456591186,TN,0.7314285375653048
0.14285714285714285,0.14285714285714285,0.14285714285714285,0.14285714285714285,0.14285714285714285,0.14285714285714285,0.14285714285714285,0.0,TN,0.9999999999964029
0.14285714285714285,0.14285714285714285,0.14285714285714285,0.14285714285714285,0.14285714285714285,0.14285714285714285,0.14285714285714285,0.0,TN,0.9999999999964029
0.14285714285714285,0.14285714285714285,0.14285714285714285,0.14285714285714285,0.14285714285714285,0.14285714285714285,0.14285714285714285,0.0,TN,0.9999999999964029
0.14285714285714285,0.14285714285714285,0.14285714285714285,0.14285714285714285,0.14285714285714285,0.14285714285714285,0.14285714285714285,0.0,TN,0.9999999999964029
0.0143045859547788,0.24703928549364668,0.31102349392748196,0.16143314904528835,0.08215898942146141,0.04621057097908103,0.12617517420638022,0.011654750971881456,TN,0.8292068215297785
0.14285714285714285,0.14285714285714285,0.14285714285714285,0.14285714285714285,0.14285714285714285,0.14285714285714285,0.14285714285714285,0.0,TN,0.9999999999964029
0.14285714285714285,0.14285714285714285,0.14285714285714285,0.14285714285714285,0.14285714285714285,0.14285714285714285,0.14285714285714285,0.0,TN,0.9999999999964029
0.0018318324580949338,0.16536767308401432,0.10407562772899072,0.11745730560290937,0.17212822431891625,0.021605136283881568,0.4175342005231928,0.0,TN,0.794776336377475
0.14285714285714285,0.14285714285714285,0.14285714285714285,0.14285714285714285,0.14285714285714285,0.14285714285714285,0.14285714285714285,0.0,TN,0.9999999999964029
0.14285714285714285,0.14285714285714285,0.14285714285714285,0.14285714285714285,0.14285714285714285,0.14285714285714285,0.14285714285714285,0.0,TN,0.9999999999964029
0.14285714285714285,0.14285714285714285,0.14285714285714285,0.14285714285714285,0.14285714285714285,0.14285714285714285,0.14285714285714285,0.0,TN,0.9999999999964029
0.14285714285714285,0.14285714285714285,0.14285714285714285,0.14285714285714285,0.14285714285714285,0.14285714285714285,0.14285714285714285,0.0,TN,0.9999999999964029
0.14285714285714285,0.14285714285714285,0.14285714285714285,0.14285714285714285,0.14285714285714285,0.14285714285714285,0.14285714285714285,0.0,TN,0.9999999999964029
0.14285714285714285,0.14285714285714285,0.14285714285714285,0.14285714285714285,0.14285714285714285,0.14285714285714285,0.14285714285714285,0.0,TN,0.9999999999964029
0.14285714285714285,0.14285714285714285,0.14285714285714285,0.14285714285714285,0.14285714285714285,0.14285714285714285,0.14285714285714285,0.0,TN,0.9999999999964029
0.14285714285714285,0.14285714285714285,0.14285714285714285,0.14285714285714285,0.14285714285714285,0.14285714285714285,0.14285714285714285,0.0,TN,0.9999999999964029
0.14285714285714285,0.14285714285714285,0.14285714285714285,0.14285714285714285,0.14285714285714285,0.14285714285714285,0.14285714285714285,0.0,TN,0.9999999999964029
0.14285714285714285,0.14285714285714285,0.14285714285714285,0.14285714285714285,0.14285714285714285,0.14285714285714285,0.14285714285714285,0.0,TN,0.9999999999964029
0.14285714285714285,0.14285714285714285,0.14285714285714285,0.14285714285714285,0.14285714285714285,0.14285714285714285,0.14285714285714285,0.0,TN,0.9999999999964029
0.14285714285714285,0.14285714285714285,0.14285714285714285,0.14285714285714285,0.14285714285714285,0.14285714285714285,0.14285714285714285,0.0,TN,0.9999999999964029
0.14285714285714285,0.14285714285714285,0.14285714285714285,0.14285714285714285,0.14285714285714285,0.14285714285714285,0.14285714285714285,0.0,TN,0.9999999999964029
0.14285714285714285,0.14285714285714285,0.14285714285714285,0.14285714285714285,0.14285714285714285,0.14285714285714285,0.14285714285714285,0.0,TN,0.9999999999964029
0.14285714285714285,0.14285714285714285,0.14285714285714285,0.14285714285714285,0.14285714285714285,0.14285714285714285,0.14285714285714285,0.0,TN,0.9999999999964029
0.14285714285714285,0.14285714285714285,0.14285714285714285,0.14285714285714285,0.14285714285714285,0.14285714285714285,0.14285714285714285,0.0,TN,0.9999999999964029
0.14285714285714285,0.14285714285714285,0.14285714285714285,0.14285714285714285,0.14285714285714285,0.14285714285714285,0.14285714285714285,0.0,TN,0.9999999999964029
0.0009226258197883024,0.06437666909805621,0.015107684388912433,0.4716101647061485,0.011890593782607112,0.09632907523702004,0.31699471251946704,0.022768474448000196,TN,0.6392335266025617
0.14285714285714285,0.14285714285714285,0.14285714285714285,0.14285714285714285,0.14285714285714285,0.14285714285714285,0.14285714285714285,0.0,TN,0.9999999999964029
0.14285714285714285,0.14285714285714285,0.14285714285714285,0.14285714285714285,0.14285714285714285,0.14285714285714285,0.14285714285714285,0.0,TN,0.9999999999964029
0.14285714285714285,0.14285714285714285,0.14285714285714285,0.14285714285714285,0.14285714285714285,0.14285714285714285,0.14285714285714285,0.0,TN,0.9999999999964029
0.14285714285714285,0.14285714285714285,0.14285714285714285,0.14285714285714285,0.14285714285714285,0.14285714285714285,0.14285714285714285,0.0,TN,0.9999999999964029
0.14285714285714285,0.14285714285714285,0.14285714285714285,0.14285714285714285,0.14285714285714285,0.14285714285714285,0.14285714285714285,0.0,TN,0.9999999999964029
0.14285714285714285,0.14285714285714285,0.14285714285714285,0.14285714285714285,0.14285714285714285,0.14285714285714285,0.14285714285714285,0.0,TN,0.9999999999964029
0.14285714285714285,0.14285714285714285,0.14285714285714285,0.14285714285714285,0.14285714285714285,0.14285714285714285,0.14285714285714285,0.0,TN,0.9999999999964029
0.14285714285714285,0.14285714285714285,0.14285714285714285,0.14285714285714285,0.14285714285714285,0.14285714285714285,0.14285714285714285,0.0,TN,0.9999999999964029
0.14285714285714285,0.14285714285714285,0.14285714285714285,0.14285714285714285,0.14285714285714285,0.14285714285714285,0.14285714285714285,0.0,TN,0.9999999999964029
0.14285714285714285,0.14285714285714285,0.14285714285714285,0.14285714285714285,0.14285714285714285,0.14285714285714285,0.14285714285714285,0.0,TN,0.9999999999964029
0.14285714285714285,0.14285714285714285,0.14285714285714285,0.14285714285714285,0.14285714285714285,0.14285714285714285,0.14285714285714285,0.0,TN,0.9999999999964029
0.14285714285714285,0.14285714285714285,0.14285714285714285,0.14285714285714285,0.14285714285714285,0.14285714285714285,0.14285714285714285,0.0,TN,0.9999999999964029
0.14285714285714285,0.14285714285714285,0.14285714285714285,0.14285714285714285,0.14285714285714285,0.14285714285714285,0.14285714285714285,0.0,TN,0.9999999999964029
0.09381504868564862,0.3062888125614576,0.10400967490556669,0.03523277491468212,0.011712605264233653,0.02857852437677505,0.27469710982210677,0.14566544946952945,TN,0.8304797332714323
0.14285714285714285,0.14285714285714285,0.14285714285714285,0.14285714285714285,0.14285714285714285,0.14285714285714285,0.14285714285714285,0.0,TN,0.9999999999964029
0.14285714285714285,0.14285714285714285,0.14285714285714285,0.14285714285714285,0.14285714285714285,0.14285714285714285,0.14285714285714285,0.0,TN,0.9999999999964029
0.14285714285714285,0.14285714285714285,0.14285714285714285,0.14285714285714285,0.14285714285714285,0.14285714285714285,0.14285714285714285,0.0,TN,0.9999999999964029
0.14285714285714285,0.14285714285714285,0.14285714285714285,0.14285714285714285,0.14285714285714285,0.14285714285714285,0.14285714285714285,0.0,TN,0.9999999999964029
0.14285714285714285,0.14285714285714285,0.14285714285714285,0.14285714285714285,0.14285714285714285,0.14285714285714285,0.14285714285714285,0.0,TN,0.9999999999964029
0.14285714285714285,0.14285714285714285,0.14285714285714285,0.14285714285714285,0.14285714285714285,0.14285714285714285,0.14285714285714285,0.0,TN,0.9999999999964029
0.14285714285714285,0.14285714285714285,0.14285714285714285,0.14285714285714285,0.14285714285714285,0.14285714285714285,0.14285714285714285,0.0,TN,0.9999999999964029
0.14285714285714285,0.14285714285714285,0.14285714285714285,0.14285714285714285,0.14285714285714285,0.14285714285714285,0.14285714285714285,0.0,TN,0.9999999999964029
0.14285714285714285,0.14285714285714285,0.14285714285714285,0.14285714285714285,0.14285714285714285,0.14285714285714285,0.14285714285714285,0.0,TN,0.9999999999964029
0.14285714285714285,0.14285714285714285,0.14285714285714285,0.14285714285714285,0.14285714285714285,0.14285714285714285,0.14285714285714285,0.0,TN,0.9999999999964029
0.14285714285714285,0.14285714285714285,0.14285714285714285,0.14285714285714285,0.14285714285714285,0.14285714285714285,0.14285714285714285,0.0,TN,0.9999999999964029
0.012307380301941685,0.15191475039763114,0.05150231306241334,0.4243581994467143,0.10518813068762399,0.13468923919878734,0.0637199978967212,0.05631998900816708,TN,0.8181376533388265
0.14285714285714285,0.14285714285714285,0.14285714285714285,0.14285714285714285,0.14285714285714285,0.14285714285714285,0.14285714285714285,0.0,TN,0.9999999999964029
0.14285714285714285,0.14285714285714285,0.14285714285714285,0.14285714285714285,0.14285714285714285,0.14285714285714285,0.14285714285714285,0.0,TN,0.9999999999964029
0.14285714285714285,0.14285714285714285,0.14285714285714285,0.14285714285714285,0.14285714285714285,0.14285714285714285,0.14285714285714285,0.0,TN,0.9999999999964029
0.14285714285714285,0.14285714285714285,0.14285714285714285,0.14285714285714285,0.14285714285714285,0.14285714285714285,0.14285714285714285,0.0,TN,0.9999999999964029
0.009652927180095106,0.016698907088874188,0.33126382591347486,0.062105236401942834,0.127324912928435,0.35572205738864515,0.0025587172869727605,0.09467341581156004,TN,0.7310876080096306
0.14285714285714285,0.14285714285714285,0.14285714285714285,0.14285714285714285,0.14285714285714285,0.14285714285714285,0.14285714285714285,0.0,TN,0.9999999999964029
0.14285714285714285,0.14285714285714285,0.14285714285714285,0.14285714285714285,0.14285714285714285,0.14285714285714285,0.14285714285714285,0.0,TN,0.9999999999964029
0.14285714285714285,0.14285714285714285,0.14285714285714285,0.14285714285714285,0.14285714285714285,0.14285714285714285,0.14285714285714285,0.0,TN,0.9999999999964029
0.14285714285714285,0.14285714285714285,0.14285714285714285,0.14285714285714285,0.14285714285714285,0.14285714285714285,0.14285714285714285,0.0,TN,0.9999999999964029
0.14285714285714285,0.14285714285714285,0.14285714285714285,0.14285714285714285,0.14285714285714285,0.14285714285714285,0.14285714285714285,0.0,TN,0.9999999999964029
0.14285714285714285,0.14285714285714285,0.14285714285714285,0.14285714285714285,0.14285714285714285,0.14285714285714285,0.14285714285714285,0.0,TN,0.9999999999964029
0.07873604100249913,0.08494398675061202,0.5315514918003923,0.10442529860665067,0.04282206891810767,0.00027862917525745917,0.15724248374648084,0.0,TN,0.7243439361692516
0.14285714285714285,0.14285714285714285,0.14285714285714285,0.14285714285714285,0.14285714285714285,0.14285714285714285,0.14285714285714285,0.0,TN,0.9999999999964029
0.14285714285714285,0.14285714285714285,0.14285714285714285,0.14285714285714285,0.14285714285714285,0.14285714285714285,0.14285714285714285,0.0,TN,0.9999999999964029
0.14285714285714285,0.14285714285714285,0.14285714285714285,0.14285714285714285,0.14285714285714285,0.14285714285714285,0.14285714285714285,0.0,TN,0.9999999999964029
0.14285714285714285,0.14285714285714285,0.14285714285714285,0.14285714285714285,0.14285714285714285,0.14285714285714285,0.14285714285714285,0.0,TN,0.9999999999964029
0.14285714285714285,0.14285714285714285,0.14285714285714285,0.14285714285714285,0.14285714285714285,0.14285714285714285,0.14285714285714285,0.0,TN,0.9999999999964029
0.14285714285714285,0.14285714285714285,0.14285714285714285,0.14285714285714285,0.14285714285714285,0.14285714285714285,0.14285714285714285,0.0,TN,0.9999999999964029
0.14285714285714285,0.14285714285714285,0.14285714285714285,0.14285714285714285,0.14285714285714285,0.14285714285714285,0.14285714285714285,0.0,TN,0.9999999999964029
0.14285714285714285,0.14285714285714285,0.14285714285714285,0.14285714285714285,0.14285714285714285,0.14285714285714285,0.14285714285714285,0.0,TN,0.9999999999964029
0.14285714285714285,0.14285714285714285,0.14285714285714285,0.14285714285714285,0.14285714285714285,0.14285714285714285,0.14285714285714285,0.0,TN,0.9999999999964029
0.14285714285714285,0.14285714285714285,0.14285714285714285,0.14285714285714285,0.14285714285714285,0.14285714285714285,0.14285714285714285,0.0,TN,0.9999999999964029
0.11491828164731145,0.27684147976618795,0.03413885190775753,0.019294663234683516,0.11671502311434102,0.18878894815913524,0.2493027521705833,0.0,TN,0.8774279880456888
0.14285714285714285,0.14285714285714285,0.14285714285714285,0.14285714285714285,0.14285714285714285,0.14285714285714285,0.14285714285714285,0.0,TN,0.9999999999964029
0.14285714285714285,0.14285714285714285,0.14285714285714285,0.14285714285714285,0.14285714285714285,0.14285714285714285,0.14285714285714285,0.0,TN,0.9999999999964029
0.14285714285714285,0.14285714285714285,0.14285714285714285,0.14285714285714285,0.14285714285714285,0.14285714285714285,0.14285714285714285,0.0,TN,0.9999999999964029
0.027433824217037384,0.27343065768629843,0.11057086062215638,0.17398594637664402,0.013427166709480813,0.0017473826822533428,0.39921229010263354,0.00019187160349613583,TN,0.6916080515126657
0.14285714285714285,0.14285714285714285,0.14285714285714285,0.14285714285714285,0.14285714285714285,0.14285714285714285,0.14285714285714285,0.0,TN,0.9999999999964029
0.14285714285714285,0.14285714285714285,0.14285714285714285,0.14285714285714285,0.14285714285714285,0.14285714285714285,0.14285714285714285,0.0,TN,0.9999999999964029
0.14285714285714285,0.14285714285714285,0.14285714285714285,0.14285714285714285,0.14285714285714285,0.14285714285714285,0.14285714285714285,0.0,TN,0.9999999999964029
0.14285714285714285,0.14285714285714285,0.14285714285714285,0.14285714285714285,0.14285714285714285,0.14285714285714285,0.14285714285714285,0.0,TN,0.9999999999964029
0.410867886702254,0.0029010196480459337,0.22033371298715582,0.1335476652450194,0.01747681147585115,0.10438999621628739,0.11048290772538624,0.0,TN,0.7886032812184375
0.14285714285714285,0.14285714285714285,0.14285714285714285,0.14285714285714285,0.14285714285714285,0.14285714285714285,0.14285714285714285,0.0,TN,0.9999999999964029
0.14285714285714285,0.14285714285714285,0.14285714285714285,0.14285714285714285,0.14285714285714285,0.14285714285714285,0.14285714285714285,0.0,TN,0.9999999999964029
0.14285714285714285,0.14285714285714285,0.14285714285714285,0.14285714285714285,0.14285714285714285,0.14285714285714285,0.14285714285714285,0.0,TN,0.9999999999964029
0.14285714285714285,0.14285714285714285,0.14285714285714285,0.14285714285714285,0.14285714285714285,0.14285714285714285,0.14285714285714285,0.0,TN,0.9999999999964029
0.14285714285714285,0.14285714285714285,0.14285714285714285,0.14285714285714285,0.14285714285714285,0.14285714285714285,0.14285714285714285,0.0,TN,0.9999999999964029
0.14285714285714285,0.14285714285714285,0.14285714285714285,0.14285714285714285,0.14285714285714285,0.14285714285714285,0.14285714285714285,0.0,TN,0.9999999999964029
0.14285714285714285,0.14285714285714285,0.14285714285714285,0.14285714285714285,0.14285714285714285,0.14285714285714285,0.14285714285714285,0.0,TN,0.9999999999964029
0.14285714285714285,0.14285714285714285,0.14285714285714285,0.14285714285714285,0.14285714285714285,0.14285714285714285,0.14285714285714285,0.0,TN,0.9999999999964029
0.06475898893153242,0.35957307949037115,0.06011202829110996,0.059013318178122505,0.2961439530885212,0.07930107260543717,0.0810975594149056,0.0,TN,0.8459513086018953
0.14285714285714285,0.14285714285714285,0.14285714285714285,0.14285714285714285,0.14285714285714285,0.14285714285714285,0.14285714285714285,0.0,TN,0.9999999999964029
0.00847220889831321,0.33455073781713907,0.00805278551761891,0.016591858620123853,0.21933510749541274,0.10978820834813485,0.056047883742811146,0.2471612095604463,TN,0.7674433070044476
0.14285714285714285,0.14285714285714285,0.14285714285714285,0.14285714285714285,0.14285714285714285,0.14285714285714285,0.14285714285714285,0.0,TN,0.9999999999964029
0.39002711366568443,0.01913863448978987,0.04934493654790073,0.09453696369120872,0.07181267233831985,0.23742009468398806,0.1377195845831082,0.0,TN,0.831468589670671
0.14285714285714285,0.14285714285714285,0.14285714285714285,0.14285714285714285,0.14285714285714285,0.14285714285714285,0.14285714285714285,0.0,TN,0.9999999999964029
0.14285714285714285,0.14285714285714285,0.14285714285714285,0.14285714285714285,0.14285714285714285,0.14285714285714285,0.14285714285714285,0.0,TN,0.9999999999964029
0.14285714285714285,0.14285714285714285,0.14285714285714285,0.14285714285714285,0.14285714285714285,0.14285714285714285,0.14285714285714285,0.0,TN,0.9999999999964029
0.14285714285714285,0.14285714285714285,0.14285714285714285,0.14285714285714285,0.14285714285714285,0.14285714285714285,0.14285714285714285,0.0,TN,0.9999999999964029
0.1776233585771355,0.06953775606252051,0.21788222192089343,0.188017861138892,0.1284316348895386,0.20475333923495215,0.013753828176067863,0.0,TN,0.91773399120993
0.14285714285714285,0.14285714285714285,0.14285714285714285,0.14285714285714285,0.14285714285714285,0.14285714285714285,0.14285714285714285,0.0,TN,0.9999999999964029
0.017139699552481034,0.3405607265176712,0.20678707667280577,0.26401521465941774,0.1234985234792651,0.02463633523106256,0.023362423887296657,0.0,TN,0.797237635595749
0.14285714285714285,0.14285714285714285,0.14285714285714285,0.14285714285714285,0.14285714285714285,0.14285714285714285,0.14285714285714285,0.0,TN,0.9999999999964029
0.14285714285714285,0.14285714285714285,0.14285714285714285,0.14285714285714285,0.14285714285714285,0.14285714285714285,0.14285714285714285,0.0,TN,0.9999999999964029
0.14285714285714285,0.14285714285714285,0.14285714285714285,0.14285714285714285,0.14285714285714285,0.14285714285714285,0.14285714285714285,0.0,TN,0.9999999999964029
0.14285714285714285,0.14285714285714285,0.14285714285714285,0.14285714285714285,0.14285714285714285,0.14285714285714285,0.14285714285714285,0.0,TN,0.9999999999964029
0.14285714285714285,0.14285714285714285,0.14285714285714285,0.14285714285714285,0.14285714285714285,0.14285714285714285,0.14285714285714285,0.0,TN,0.9999999999964029
0.14285714285714285,0.14285714285714285,0.14285714285714285,0.14285714285714285,0.14285714285714285,0.14285714285714285,0.14285714285714285,0.0,TN,0.9999999999964029
0.14285714285714285,0.14285714285714285,0.14285714285714285,0.14285714285714285,0.14285714285714285,0.14285714285714285,0.14285714285714285,0.0,TN,0.9999999999964029
0.14285714285714285,0.14285714285714285,0.14285714285714285,0.14285714285714285,0.14285714285714285,0.14285714285714285,0.14285714285714285,0.0,TN,0.9999999999964029
0.14285714285714285,0.14285714285714285,0.14285714285714285,0.14285714285714285,0.14285714285714285,0.14285714285714285,0.14285714285714285,0.0,TN,0.9999999999964029
0.14285714285714285,0.14285714285714285,0.14285714285714285,0.14285714285714285,0.14285714285714285,0.14285714285714285,0.14285714285714285,0.0,TN,0.9999999999964029
0.09856146918333557,0.09785673384232607,0.019697014497937013,0.21151018655391338,0.11133216265599821,0.205617459416326,0.23832524869790048,0.017099725152263275,TN,0.8861728942980044
0.14285714285714285,0.14285714285714285,0.14285714285714285,0.14285714285714285,0.14285714285714285,0.14285714285714285,0.14285714285714285,0.0,TN,0.9999999999964029
0.14285714285714285,0.14285714285714285,0.14285714285714285,0.14285714285714285,0.14285714285714285,0.14285714285714285,0.14285714285714285,0.0,TN,0.9999999999964029
0.14285714285714285,0.14285714285714285,0.14285714285714285,0.14285714285714285,0.14285714285714285,0.14285714285714285,0.14285714285714285,0.0,TN,0.9999999999964029
0.14285714285714285,0.14285714285714285,0.14285714285714285,0.14285714285714285,0.14285714285714285,0.14285714285714285,0.14285714285714285,0.0,TN,0.9999999999964029
0.14285714285714285,0.14285714285714285,0.14285714285714285,0.14285714285714285,0.14285714285714285,0.14285714285714285,0.14285714285714285,0.0,TN,0.9999999999964029
0.02176275746756912,0.11884108845044214,0.10324173770145507,0.3111337076088989,0.04005136780139017,0.16725698501936292,0.024451275235329504,0.21326108071555228,TN,0.8571317118609327
0.14285714285714285,0.14285714285714285,0.14285714285714285,0.14285714285714285,0.14285714285714285,0.14285714285714285,0.14285714285714285,0.0,TN,0.9999999999964029
0.30855698593190084,0.0039034199201148797,0.023372965079452444,0.05964561527957705,0.0020033284779807847,0.15732386689251104,0.045928049190882704,0.3992657692275802,TN,0.6982133750063977
0.04497798084468432,0.11843742380801704,0.18379263521209316,0.32323038138904414,0.1607670723261651,0.11792532943922485,0.007485108905330483,0.043384068075440874,TN,0.8594924087972728
0.2000372976294294,0.046341721600925916,0.0608359987656083,0.09521299099692605,0.22745774122833004,0.056410394205439376,0.27183940799384865,0.041864447579492314,TN,0.8869761737148908
0.14285714285714285,0.14285714285714285,0.14285714285714285,0.14285714285714285,0.14285714285714285,0.14285714285714285,0.14285714285714285,0.0,TN,0.9999999999964029
0.14285714285714285,0.14285714285714285,0.14285714285714285,0.14285714285714285,0.14285714285714285,0.14285714285714285,0.14285714285714285,0.0,TN,0.9999999999964029
0.14285714285714285,0.14285714285714285,0.14285714285714285,0.14285714285714285,0.14285714285714285,0.14285714285714285,0.14285714285714285,0.0,TN,0.9999999999964029
0.24025289517250303,0.20332649266803104,0.18927112937662952,0.0996309385641671,0.05414320844787322,0.02654841250905413,0.18682692326174197,0.0,TN,0.914214189310952
0.14285714285714285,0.14285714285714285,0.14285714285714285,0.14285714285714285,0.14285714285714285,0.14285714285714285,0.14285714285714285,0.0,TN,0.9999999999964029
0.14285714285714285,0.14285714285714285,0.14285714285714285,0.14285714285714285,0.14285714285714285,0.14285714285714285,0.14285714285714285,0.0,TN,0.9999999999964029
0.14285714285714285,0.14285714285714285,0.14285714285714285,0.14285714285714285,0.14285714285714285,0.14285714285714285,0.14285714285714285,0.0,TN,0.9999999999964029
0.14285714285714285,0.14285714285714285,0.14285714285714285,0.14285714285714285,0.14285714285714285,0.14285714285714285,0.14285714285714285,0.0,TN,0.9999999999964029
0.14285714285714285,0.14285714285714285,0.14285714285714285,0.14285714285714285,0.14285714285714285,0.14285714285714285,0.14285714285714285,0.0,TN,0.9999999999964029
0.14285714285714285,0.14285714285714285,0.14285714285714285,0.14285714285714285,0.14285714285714285,0.14285714285714285,0.14285714285714285,0.0,TN,0.9999999999964029
0.14285714285714285,0.14285714285714285,0.14285714285714285,0.14285714285714285,0.14285714285714285,0.14285714285714285,0.14285714285714285,0.0,TN,0.9999999999964029
0.14285714285714285,0.14285714285714285,0.14285714285714285,0.14285714285714285,0.14285714285714285,0.14285714285714285,0.14285714285714285,0.0,TN,0.9999999999964029
0.14285714285714285,0.14285714285714285,0.14285714285714285,0.14285714285714285,0.14285714285714285,0.14285714285714285,0.14285714285714285,0.0,TN,0.9999999999964029
0.14285714285714285,0.14285714285714285,0.14285714285714285,0.14285714285714285,0.14285714285714285,0.14285714285714285,0.14285714285714285,0.0,TN,0.9999999999964029
0.010060644394107013,0.352194969092964,0.05734234005331021,0.03340855775757999,0.37410171835443984,0.06673458060979959,0.10615718973779925,0.0,TN,0.7594710340188388
0.14285714285714285,0.14285714285714285,0.14285714285714285,0.14285714285714285,0.14285714285714285,0.14285714285714285,0.14285714285714285,0.0,TN,0.9999999999964029
0.14285714285714285,0.14285714285714285,0.14285714285714285,0.14285714285714285,0.14285714285714285,0.14285714285714285,0.14285714285714285,0.0,TN,0.9999999999964029
0.044218805136541736,0.20356229651281357,0.0993772321183767,0.14599864675585325,0.06887842000541954,0.18075086857529013,0.09033860008289524,0.16687513081280977,TN,0.9530239518622473
0.14285714285714285,0.14285714285714285,0.14285714285714285,0.14285714285714285,0.14285714285714285,0.14285714285714285,0.14285714285714285,0.0,TN,0.9999999999964029
0.025067400392225197,0.6206978842531481,0.040180996224601154,0.02146758874481526,0.0011120010456791578,0.044476839459329794,0.0014467266165108289,0.24555056326369046,TN,0.529143532067029
0.14285714285714285,0.14285714285714285,0.14285714285714285,0.14285714285714285,0.14285714285714285,0.14285714285714285,0.14285714285714285,0.0,TN,0.9999999999964029
0.30341987317875385,0.03620895529894538,0.08508737908049636,0.08125568858187329,0.20722720638957676,0.09535953503355672,0.19144136243679763,0.0,TN,0.9056981054764603
0.14285714285714285,0.14285714285714285,0.14285714285714285,0.14285714285714285,0.14285714285714285,0.14285714285714285,0.14285714285714285,0.0,TN,0.9999999999964029
0.14285714285714285,0.14285714285714285,0.14285714285714285,0.14285714285714285,0.14285714285714285,0.14285714285714285,0.14285714285714285,0.0,TN,0.9999999999964029
0.14285714285714285,0.14285714285714285,0.14285714285714285,0.14285714285714285,0.14285714285714285,0.14285714285714285,0.14285714285714285,0.0,TN,0.9999999999964029
0.14285714285714285,0.14285714285714285,0.14285714285714285,0.14285714285714285,0.14285714285714285,0.14285714285714285,0.14285714285714285,0.0,TN,0.9999999999964029
0.33697435760716343,0.11000811605253685,0.03842001487215048,0.0006706602108127726,0.04594558470753127,0.008933602624733474,0.4060378045869714,0.05300985933810021,TN,0.6948096706927981
0.14285714285714285,0.14285714285714285,0.14285714285714285,0.14285714285714285,0.14285714285714285,0.14285714285714285,0.14285714285714285,0.0,TN,0.9999999999964029
0.14285714285714285,0.14285714285714285,0.14285714285714285,0.14285714285714285,0.14285714285714285,0.14285714285714285,0.14285714285714285,0.0,TN,0.9999999999964029
0.14285714285714285,0.14285714285714285,0.14285714285714285,0.14285714285714285,0.14285714285714285,0.14285714285714285,0.14285714285714285,0.0,TN,0.9999999999964029
0.14285714285714285,0.14285714285714285,0.14285714285714285,0.14285714285714285,0.14285714285714285,0.14285714285714285,0.14285714285714285,0.0,TN,0.9999999999964029
0.14285714285714285,0.14285714285714285,0.14285714285714285,0.14285714285714285,0.14285714285714285,0.14285714285714285,0.14285714285714285,0.0,TN,0.9999999999964029
0.14285714285714285,0.14285714285714285,0.14285714285714285,0.14285714285714285,0.14285714285714285,0.14285714285714285,0.14285714285714285,0.0,TN,0.9999999999964029
0.14285714285714285,0.14285714285714285,0.14285714285714285,0.14285714285714285,0.14285714285714285,0.14285714285714285,0.14285714285714285,0.0,TN,0.9999999999964029
0.14285714285714285,0.14285714285714285,0.14285714285714285,0.14285714285714285,0.14285714285714285,0.14285714285714285,0.14285714285714285,0.0,TN,0.9999999999964029
0.14285714285714285,0.14285714285714285,0.14285714285714285,0.14285714285714285,0.14285714285714285,0.14285714285714285,0.14285714285714285,0.0,TN,0.9999999999964029
0.14285714285714285,0.14285714285714285,0.14285714285714285,0.14285714285714285,0.14285714285714285,0.14285714285714285,0.14285714285714285,0.0,TN,0.9999999999964029
0.14285714285714285,0.14285714285714285,0.14285714285714285,0.14285714285714285,0.14285714285714285,0.14285714285714285,0.14285714285714285,0.0,TN,0.9999999999964029
0.14285714285714285,0.14285714285714285,0.14285714285714285,0.14285714285714285,0.14285714285714285,0.14285714285714285,0.14285714285714285,0.0,TN,0.9999999999964029
0.1247467664676184,0.2762828623970107,0.20502955815397358,0.17509045855831548,0.04029620386624341,0.016672027543906117,0.16087059242789373,0.0010115305850385994,TN,0.8384955992381691
0.14285714285714285,0.14285714285714285,0.14285714285714285,0.14285714285714285,0.14285714285714285,0.14285714285714285,0.14285714285714285,0.0,TN,0.9999999999964029
0.14285714285714285,0.14285714285714285,0.14285714285714285,0.14285714285714285,0.14285714285714285,0.14285714285714285,0.14285714285714285,0.0,TN,0.9999999999964029
0.14285714285714285,0.14285714285714285,0.14285714285714285,0.14285714285714285,0.14285714285714285,0.14285714285714285,0.14285714285714285,0.0,TN,0.9999999999964029
0.14285714285714285,0.14285714285714285,0.14285714285714285,0.14285714285714285,0.14285714285714285,0.14285714285714285,0.14285714285714285,0.0,TN,0.9999999999964029
0.14285714285714285,0.14285714285714285,0.14285714285714285,0.14285714285714285,0.14285714285714285,0.14285714285714285,0.14285714285714285,0.0,TN,0.9999999999964029
0.14285714285714285,0.14285714285714285,0.14285714285714285,0.14285714285714285,0.14285714285714285,0.14285714285714285,0.14285714285714285,0.0,TN,0.9999999999964029
0.14285714285714285,0.14285714285714285,0.14285714285714285,0.14285714285714285,0.14285714285714285,0.14285714285714285,0.14285714285714285,0.0,TN,0.9999999999964029
0.14285714285714285,0.14285714285714285,0.14285714285714285,0.14285714285714285,0.14285714285714285,0.14285714285714285,0.14285714285714285,0.0,TN,0.9999999999964029
0.14285714285714285,0.14285714285714285,0.14285714285714285,0.14285714285714285,0.14285714285714285,0.14285714285714285,0.14285714285714285,0.0,TN,0.9999999999964029
0.14285714285714285,0.14285714285714285,0.14285714285714285,0.14285714285714285,0.14285714285714285,0.14285714285714285,0.14285714285714285,0.0,TN,0.9999999999964029
0.14285714285714285,0.14285714285714285,0.14285714285714285,0.14285714285714285,0.14285714285714285,0.14285714285714285,0.14285714285714285,0.0,TN,0.9999999999964029
0.10143003873794222,0.024648901733433454,0.2822354726705923,0.043482733120846065,0.14019849883680569,0.13804104260301348,0.06130850082949065,0.2086548114678762,TN,0.896246093054419
0.14285714285714285,0.14285714285714285,0.14285714285714285,0.14285714285714285,0.14285714285714285,0.14285714285714285,0.14285714285714285,0.0,TN,0.9999999999964029
0.20356568965102959,0.31134634858409466,0.004403123396149634,0.20057453758607477,0.20556361284610275,0.019305965680570147,0.055240722255978356,0.0,TN,0.8195846534471201
0.14285714285714285,0.14285714285714285,0.14285714285714285,0.14285714285714285,0.14285714285714285,0.14285714285714285,0.14285714285714285,0.0,TN,0.9999999999964029
0.14285714285714285,0.14285714285714285,0.14285714285714285,0.14285714285714285,0.14285714285714285,0.14285714285714285,0.14285714285714285,0.0,TN,0.9999999999964029
0.14285714285714285,0.14285714285714285,0.14285714285714285,0.14285714285714285,0.14285714285714285,0.14285714285714285,0.14285714285714285,0.0,TN,0.9999999999964029
0.14285714285714285,0.14285714285714285,0.14285714285714285,0.14285714285714285,0.14285714285714285,0.14285714285714285,0.14285714285714285,0.0,TN,0.9999999999964029
0.2851425889053524,0.07049103517265307,0.15284364095636105,0.24393329688204807,0.018807149186423896,0.11494311398407543,0.11383917491308616,0.0,TN,0.8976542846340992
0.030652655703120067,0.13222036207111368,0.0006585296178491421,0.0027228019826850817,0.024894824687830466,0.03315348725461313,0.4718366771848635,0.3038606614979249,TN,0.6330987536883386
0.14285714285714285,0.14285714285714285,0.14285714285714285,0.14285714285714285,0.14285714285714285,0.14285714285714285,0.14285714285714285,0.0,TN,0.9999999999964029
0.14285714285714285,0.14285714285714285,0.14285714285714285,0.14285714285714285,0.14285714285714285,0.14285714285714285,0.14285714285714285,0.0,TN,0.9999999999964029
0.14285714285714285,0.14285714285714285,0.14285714285714285,0.14285714285714285,0.14285714285714285,0.14285714285714285,0.14285714285714285,0.0,TN,0.9999999999964029
0.14285714285714285,0.14285714285714285,0.14285714285714285,0.14285714285714285,0.14285714285714285,0.14285714285714285,0.14285714285714285,0.0,TN,0.9999999999964029
0.14285714285714285,0.14285714285714285,0.14285714285714285,0.14285714285714285,0.14285714285714285,0.14285714285714285,0.14285714285714285,0.0,TN,0.9999999999964029
0.14285714285714285,0.14285714285714285,0.14285714285714285,0.14285714285714285,0.14285714285714285,0.14285714285714285,0.14285714285714285,0.0,TN,0.9999999999964029
0.14285714285714285,0.14285714285714285,0.14285714285714285,0.14285714285714285,0.14285714285714285,0.14285714285714285,0.14285714285714285,0.0,TN,0.9999999999964029
0.19590583384825636,0.025184957314503476,0.19907918310008424,0.0027270486349016427,0.11258898813515573,0.4455769239284466,0.018937065038651876,0.0,TN,0.7352369394716657
0.14285714285714285,0.14285714285714285,0.14285714285714285,0.14285714285714285,0.14285714285714285,0.14285714285714285,0.14285714285714285,0.0,TN,0.9999999999964029
0.14285714285714285,0.14285714285714285,0.14285714285714285,0.14285714285714285,0.14285714285714285,0.14285714285714285,0.14285714285714285,0.0,TN,0.9999999999964029
0.14285714285714285,0.14285714285714285,0.14285714285714285,0.14285714285714285,0.14285714285714285,0.14285714285714285,0.14285714285714285,0.0,TN,0.9999999999964029
0.14285714285714285,0.14285714285714285,0.14285714285714285,0.14285714285714285,0.14285714285714285,0.14285714285714285,0.14285714285714285,0.0,TN,0.9999999999964029
0.14285714285714285,0.14285714285714285,0.14285714285714285,0.14285714285714285,0.14285714285714285,0.14285714285714285,0.14285714285714285,0.0,TN,0.9999999999964029
0.14285714285714285,0.14285714285714285,0.14285714285714285,0.14285714285714285,0.14285714285714285,0.14285714285714285,0.14285714285714285,0.0,TN,0.9999999999964029
0.14285714285714285,0.14285714285714285,0.14285714285714285,0.14285714285714285,0.14285714285714285,0.14285714285714285,0.14285714285714285,0.0,TN,0.9999999999964029
0.14285714285714285,0.14285714285714285,0.14285714285714285,0.14285714285714285,0.14285714285714285,0.14285714285714285,0.14285714285714285,0.0,TN,0.9999999999964029
0.2660093677391767,0.019792556305279402,0.36070952458051303,0.0006871333276289138,0.030743992700486326,0.0011941450626456382,0.07807568747378062,0.24278759281048928,TN,0.7023883694339366
0.14285714285714285,0.14285714285714285,0.14285714285714285,0.14285714285714285,0.14285714285714285,0.14285714285714285,0.14285714285714285,0.0,TN,0.9999999999964029
0.14285714285714285,0.14285714285714285,0.14285714285714285,0.14285714285714285,0.14285714285714285,0.14285714285714285,0.14285714285714285,0.0,TN,0.9999999999964029
0.14285714285714285,0.14285714285714285,0.14285714285714285,0.14285714285714285,0.14285714285714285,0.14285714285714285,0.14285714285714285,0.0,TN,0.9999999999964029
0.0025198690352181558,0.012583827103398844,0.27074023189251967,0.0666430704428121,0.039738197089693866,0.05688814701273953,0.34940822705668495,0.20147843036693297,TN,0.7626202673752601
0.061566031060318306,0.004242526541876502,0.1345397818839245,0.16463344768803614,0.1609283982417695,0.2606245313715632,0.21346528321251193,0.0,TN,0.8920069321340944
0.018150080592570988,0.5385582077270956,0.21564269613388015,0.02610886127776089,0.027821807705893008,0.06832623012909363,0.1053921164337057,0.0,TN,0.6948969291594942
0.3582041308891677,0.0017062041786634343,0.007532415470136157,0.13681770736193555,0.1677080437783022,0.09653193638794016,0.0024517816724472824,0.22904778026140774,TN,0.7526226494540709
0.14285714285714285,0.14285714285714285,0.14285714285714285,0.14285714285714285,0.14285714285714285,0.14285714285714285,0.14285714285714285,0.0,TN,0.9999999999964029
0.14285714285714285,0.14285714285714285,0.14285714285714285,0.14285714285714285,0.14285714285714285,0.14285714285714285,0.14285714285714285,0.0,TN,0.9999999999964029
0.14285714285714285,0.14285714285714285,0.14285714285714285,0.14285714285714285,0.14285714285714285,0.14285714285714285,0.14285714285714285,0.0,TN,0.9999999999964029
0.14285714285714285,0.14285714285714285,0.14285714285714285,0.14285714285714285,0.14285714285714285,0.14285714285714285,0.14285714285714285,0.0,TN,0.9999999999964029
0.14285714285714285,0.14285714285714285,0.14285714285714285,0.14285714285714285,0.14285714285714285,0.14285714285714285,0.14285714285714285,0.0,TN,0.9999999999964029
0.14285714285714285,0.14285714285714285,0.14285714285714285,0.14285714285714285,0.14285714285714285,0.14285714285714285,0.14285714285714285,0.0,TN,0.9999999999964029
0.14285714285714285,0.14285714285714285,0.14285714285714285,0.14285714285714285,0.14285714285714285,0.14285714285714285,0.14285714285714285,0.0,TN,0.9999999999964029
0.14285714285714285,0.14285714285714285,0.14285714285714285,0.14285714285714285,0.14285714285714285,0.14285714285714285,0.14285714285714285,0.0,TN,0.9999999999964029
0.14285714285714285,0.14285714285714285,0.14285714285714285,0.14285714285714285,0.14285714285714285,0.14285714285714285,0.14285714285714285,0.0,TN,0.9999999999964029
0.01639558265589182,0.23848269269811634,0.13050015478075105,0.012612285013157334,0.03560988300782329,0.5384991889481667,0.027900212896093516,0.0,TN,0.6588649755500604
0.14285714285714285,0.14285714285714285,0.14285714285714285,0.14285714285714285,0.14285714285714285,0.14285714285714285,0.14285714285714285,0.0,TN,0.9999999999964029
0.14285714285714285,0.14285714285714285,0.14285714285714285,0.14285714285714285,0.14285714285714285,0.14285714285714285,0.14285714285714285,0.0,TN,0.9999999999964029
0.14285714285714285,0.14285714285714285,0.14285714285714285,0.14285714285714285,0.14285714285714285,0.14285714285714285,0.14285714285714285,0.0,TN,0.9999999999964029
0.14285714285714285,0.14285714285714285,0.14285714285714285,0.14285714285714285,0.14285714285714285,0.14285714285714285,0.14285714285714285,0.0,TN,0.9999999999964029
0.14285714285714285,0.14285714285714285,0.14285714285714285,0.14285714285714285,0.14285714285714285,0.14285714285714285,0.14285714285714285,0.0,TN,0.9999999999964029
0.09216064721884236,0.07918398601889207,0.24602500697546223,0.24061062045249867,0.02703325730159939,0.15346989170475855,0.09818893458990471,0.063327655738042,TN,0.9118774748095073
0.028957392986368412,0.13866535237259803,0.09398778209139376,0.0008106073110503619,0.020657395134482184,0.0964373787264999,0.6204840913776074,0.0,TN,0.6199486962938482
0.14285714285714285,0.14285714285714285,0.14285714285714285,0.14285714285714285,0.14285714285714285,0.14285714285714285,0.14285714285714285,0.0,TN,0.9999999999964029
0.14285714285714285,0.14285714285714285,0.14285714285714285,0.14285714285714285,0.14285714285714285,0.14285714285714285,0.14285714285714285,0.0,TN,0.9999999999964029
0.14285714285714285,0.14285714285714285,0.14285714285714285,0.14285714285714285,0.14285714285714285,0.14285714285714285,0.14285714285714285,0.0,TN,0.9999999999964029
0.14285714285714285,0.14285714285714285,0.14285714285714285,0.14285714285714285,0.14285714285714285,0.14285714285714285,0.14285714285714285,0.0,TN,0.9999999999964029
0.14285714285714285,0.14285714285714285,0.14285714285714285,0.14285714285714285,0.14285714285714285,0.14285714285714285,0.14285714285714285,0.0,TN,0.9999999999964029
0.15283988961425435,0.08877347985924099,0.02534581279398654,0.22171230695667882,0.2320484107895903,0.011999085966739502,0.2672810140195095,0.0,TN,0.8602220424068202
0.14285714285714285,0.14285714285714285,0.14285714285714285,0.14285714285714285,0.14285714285714285,0.14285714285714285,0.14285714285714285,0.0,TN,0.9999999999964029
0.14285714285714285,0.14285714285714285,0.14285714285714285,0.14285714285714285,0.14285714285714285,0.14285714285714285,0.14285714285714285,0.0,TN,0.9999999999964029
0.14285714285714285,0.14285714285714285,0.14285714285714285,0.14285714285714285,0.14285714285714285,0.14285714285714285,0.14285714285714285,0.0,TN,0.9999999999964029
0.14285714285714285,0.14285714285714285,0.14285714285714285,0.14285714285714285,0.14285714285714285,0.14285714285714285,0.14285714285714285,0.0,TN,0.9999999999964029
0.14285714285714285,0.14285714285714285,0.14285714285714285,0.14285714285714285,0.14285714285714285,0.14285714285714285,0.14285714285714285,0.0,TN,0.9999999999964029
0.14285714285714285,0.14285714285714285,0.14285714285714285,0.14285714285714285,0.14285714285714285,0.14285714285714285,0.14285714285714285,0.0,TN,0.9999999999964029
0.0020330114896036835,0.12578988223748747,0.03450319716598252,0.0760555679555796,0.338249925871677,0.08919516879675189,0.3341732464829179,0.0,TN,0.7883209715642993
0.14285714285714285,0.14285714285714285,0.14285714285714285,0.14285714285714285,0.14285714285714285,0.14285714285714285,0.14285714285714285,0.0,TN,0.9999999999964029
0.3399866410104381,0.25531806530749274,0.14900913456994247,0.11328853001564107,0.03706327704502948,0.014423191245713791,0.031509510091491826,0.05940165071425062,TN,0.8202635753972896
0.14285714285714285,0.14285714285714285,0.14285714285714285,0.14285714285714285,0.14285714285714285,0.14285714285714285,0.14285714285714285,0.0,TN,0.9999999999964029
0.14285714285714285,0.14285714285714285,0.14285714285714285,0.14285714285714285,0.14285714285714285,0.14285714285714285,0.14285714285714285,0.0,TN,0.9999999999964029
0.14285714285714285,0.14285714285714285,0.14285714285714285,0.14285714285714285,0.14285714285714285,0.14285714285714285,0.14285714285714285,0.0,TN,0.9999999999964029
0.09721134775862184,0.025528302727791906,0.02324613534360827,0.09309540245869209,0.539011131096307,0.12603120643603324,0.09587647417894565,0.0,TN,0.743943264482952
0.09289648130439532,0.20673444274777034,0.1396079973529821,0.12458578638735286,0.027214720749302757,0.029000736437893207,0.3383166370592407,0.041643197961062736,TN,0.8563688093398267
0.14285714285714285,0.14285714285714285,0.14285714285714285,0.14285714285714285,0.14285714285714285,0.14285714285714285,0.14285714285714285,0.0,TN,0.9999999999964029
0.14285714285714285,0.14285714285714285,0.14285714285714285,0.14285714285714285,0.14285714285714285,0.14285714285714285,0.14285714285714285,0.0,TN,0.9999999999964029
0.14285714285714285,0.14285714285714285,0.14285714285714285,0.14285714285714285,0.14285714285714285,0.14285714285714285,0.14285714285714285,0.0,TN,0.9999999999964029
0.2678521693253892,0.13324671940940644,0.03747533807463464,0.04626957527354218,0.12545052751136626,0.22255081378480393,0.1151986660923569,0.051956190528500555,TN,0.9060665243142207
0.14285714285714285,0.14285714285714285,0.14285714285714285,0.14285714285714285,0.14285714285714285,0.14285714285714285,0.14285714285714285,0.0,TN,0.9999999999964029
0.059584920242376,0.38123871521424246,0.007861237064335435,0.06452286880901978,0.18121204524891626,0.24603922385005575,0.024118485683593014,0.0354225038874613,TN,0.7758448776053555
0.14285714285714285,0.14285714285714285,0.14285714285714285,0.14285714285714285,0.14285714285714285,0.14285714285714285,0.14285714285714285,0.0,TN,0.9999999999964029
0.14285714285714285,0.14285714285714285,0.14285714285714285,0.14285714285714285,0.14285714285714285,0.14285714285714285,0.14285714285714285,0.0,TN,0.9999999999964029
0.0027631497909240297,0.10732703285074387,0.013445611169202539,0.15911022942624553,0.1673904061070164,0.24224236256075588,0.30772120809511183,0.0,TN,0.8281723808166236
0.14285714285714285,0.14285714285714285,0.14285714285714285,0.14285714285714285,0.14285714285714285,0.14285714285714285,0.14285714285714285,0.0,TN,0.9999999999964029
0.14285714285714285,0.14285714285714285,0.14285714285714285,0.14285714285714285,0.14285714285714285,0.14285714285714285,0.14285714285714285,0.0,TN,0.9999999999964029
0.14285714285714285,0.14285714285714285,0.14285714285714285,0.14285714285714285,0.14285714285714285,0.14285714285714285,0.14285714285714285,0.0,TN,0.9999999999964029
0.14285714285714285,0.14285714285714285,0.14285714285714285,0.14285714285714285,0.14285714285714285,0.14285714285714285,0.14285714285714285,0.0,TN,0.9999999999964029
0.05178419070629322,0.6426809528809435,0.12192737808742002,0.007148926847853328,0.008465666515487358,0.007356319601676538,0.04210231754761262,0.11853424781271352,TN,0.5732424074779782
0.14285714285714285,0.14285714285714285,0.14285714285714285,0.14285714285714285,0.14285714285714285,0.14285714285714285,0.14285714285714285,0.0,TN,0.9999999999964029
0.14285714285714285,0.14285714285714285,0.14285714285714285,0.14285714285714285,0.14285714285714285,0.14285714285714285,0.14285714285714285,0.0,TN,0.9999999999964029
0.14285714285714285,0.14285714285714285,0.14285714285714285,0.14285714285714285,0.14285714285714285,0.14285714285714285,0.14285714285714285,0.0,TN,0.9999999999964029
0.14285714285714285,0.14285714285714285,0.14285714285714285,0.14285714285714285,0.14285714285714285,0.14285714285714285,0.14285714285714285,0.0,TN,0.9999999999964029
0.14285714285714285,0.14285714285714285,0.14285714285714285,0.14285714285714285,0.14285714285714285,0.14285714285714285,0.14285714285714285,0.0,TN,0.9999999999964029
0.14285714285714285,0.14285714285714285,0.14285714285714285,0.14285714285714285,0.14285714285714285,0.14285714285714285,0.14285714285714285,0.0,TN,0.9999999999964029
0.14285714285714285,0.14285714285714285,0.14285714285714285,0.14285714285714285,0.14285714285714285,0.14285714285714285,0.14285714285714285,0.0,TN,0.9999999999964029
0.14285714285714285,0.14285714285714285,0.14285714285714285,0.14285714285714285,0.14285714285714285,0.14285714285714285,0.14285714285714285,0.0,TN,0.9999999999964029
0.14285714285714285,0.14285714285714285,0.14285714285714285,0.14285714285714285,0.14285714285714285,0.14285714285714285,0.14285714285714285,0.0,TN,0.9999999999964029
0.09994157677731222,0.24912565969849648,0.02533717449776514,0.4492501085922603,0.038104624350166,0.006203329567009602,0.13203752651699022,0.0,TN,0.7463795531058816
0.14285714285714285,0.14285714285714285,0.14285714285714285,0.14285714285714285,0.14285714285714285,0.14285714285714285,0.14285714285714285,0.0,TN,0.9999999999964029
0.14285714285714285,0.14285714285714285,0.14285714285714285,0.14285714285714285,0.14285714285714285,0.14285714285714285,0.14285714285714285,0.0,TN,0.9999999999964029
0.01821696341626279,0.034118451965384836,0.0960283404544437,0.48569865703874865,0.20494630977044212,0.05855280933751664,0.10243846801720131,0.0,TN,0.7648788977320323
0.06459880997802529,0.02300727389173333,0.006713513060012062,0.45694305076465674,0.00903239459460702,0.06917567525734662,0.23805473660556326,0.13247454584805585,TN,0.7174818775144117
0.14285714285714285,0.14285714285714285,0.14285714285714285,0.14285714285714285,0.14285714285714285,0.14285714285714285,0.14285714285714285,0.0,TN,0.9999999999964029
0.14285714285714285,0.14285714285714285,0.14285714285714285,0.14285714285714285,0.14285714285714285,0.14285714285714285,0.14285714285714285,0.0,TN,0.9999999999964029
0.14285714285714285,0.14285714285714285,0.14285714285714285,0.14285714285714285,0.14285714285714285,0.14285714285714285,0.14285714285714285,0.0,TN,0.9999999999964029
0.14285714285714285,0.14285714285714285,0.14285714285714285,0.14285714285714285,0.14285714285714285,0.14285714285714285,0.14285714285714285,0.0,TN,0.9999999999964029
0.14285714285714285,0.14285714285714285,0.14285714285714285,0.14285714285714285,0.14285714285714285,0.14285714285714285,0.14285714285714285,0.0,TN,0.9999999999964029
0.14285714285714285,0.14285714285714285,0.14285714285714285,0.14285714285714285,0.14285714285714285,0.14285714285714285,0.14285714285714285,0.0,TN,0.9999999999964029
0.2761392445745021,0.033015102992218645,0.13518597556831702,0.4021214847400971,0.0026517929483915593,0.09515280188525375,0.055733597291219884,0.0,TN,0.7735614877031947
0.14285714285714285,0.14285714285714285,0.14285714285714285,0.14285714285714285,0.14285714285714285,0.14285714285714285,0.14285714285714285,0.0,TN,0.9999999999964029
0.14285714285714285,0.14285714285714285,0.14285714285714285,0.14285714285714285,0.14285714285714285,0.14285714285714285,0.14285714285714285,0.0,TN,0.9999999999964029
0.23130482373614847,0.24398691927678187,0.012120269491493607,0.0049554820422654565,0.0023651152503051513,0.2275138813339738,0.27196438158540187,0.005789127283629814,TN,0.7202359561078917
0.14285714285714285,0.14285714285714285,0.14285714285714285,0.14285714285714285,0.14285714285714285,0.14285714285714285,0.14285714285714285,0.0,TN,0.9999999999964029
0.06567781529511782,0.2562208489385032,0.3540309932807766,0.005587570938456513,0.024141575720110674,0.09748525235517619,0.196855943471859,0.0,TN,0.8022652152270195
0.14285714285714285,0.14285714285714285,0.14285714285714285,0.14285714285714285,0.14285714285714285,0.14285714285714285,0.14285714285714285,0.0,TN,0.9999999999964029
0.14285714285714285,0.14285714285714285,0.14285714285714285,0.14285714285714285,0.14285714285714285,0.14285714285714285,0.14285714285714285,0.0,TN,0.9999999999964029
0.14285714285714285,0.14285714285714285,0.14285714285714285,0.14285714285714285,0.14285714285714285,0.14285714285714285,0.14285714285714285,0.0,TN,0.9999999999964029
0.00010829500810701631,0.24341889230497496,0.004969790934360276,0.364943507333455,0.005734289505484036,0.31015582912193573,0.07066939579168297,0.0,TN,0.6778871640242387
0.14285714285714285,0.14285714285714285,0.14285714285714285,0.14285714285714285,0.14285714285714285,0.14285714285714285,0.14285714285714285,0.0,TN,0.9999999999964029
0.14285714285714285,0.14285714285714285,0.14285714285714285,0.14285714285714285,0.14285714285714285,0.14285714285714285,0.14285714285714285,0.0,TN,0.9999999999964029
0.14285714285714285,0.14285714285714285,0.14285714285714285,0.14285714285714285,0.14285714285714285,0.14285714285714285,0.14285714285714285,0.0,TN,0.9999999999964029
0.14285714285714285,0.14285714285714285,0.14285714285714285,0.14285714285714285,0.14285714285714285,0.14285714285714285,0.14285714285714285,0.0,TN,0.9999999999964029
0.14285714285714285,0.14285714285714285,0.14285714285714285,0.14285714285714285,0.14285714285714285,0.14285714285714285,0.14285714285714285,0.0,TN,0.9999999999964029
0.14285714285714285,0.14285714285714285,0.14285714285714285,0.14285714285714285,0.14285714285714285,0.14285714285714285,0.14285714285714285,0.0,TN,0.9999999999964029
0.14285714285714285,0.14285714285714285,0.14285714285714285,0.14285714285714285,0.14285714285714285,0.14285714285714285,0.14285714285714285,0.0,TN,0.9999999999964029
0.0299683759531051,0.357125431461891,0.08601549524229354,0.12903028749998202,0.0640014932046477,0.16332609724048042,0.16247404871412255,0.008058770683477719,TN,0.8435214990359513
0.05262217863919414,0.019918000894714877,0.27241719055477515,0.4316297409251468,0.020280604907864784,0.04895095729556108,0.15418132678274327,0.0,TN,0.7527887876578481
0.04001335642462731,0.4818512397779805,0.012591862591759963,0.05997213830528612,0.012144079013715541,0.1368095263477052,0.2566177975389252,0.0,TN,0.7087583573340339
0.14285714285714285,0.14285714285714285,0.14285714285714285,0.14285714285714285,0.14285714285714285,0.14285714285714285,0.14285714285714285,0.0,TN,0.9999999999964029
0.14285714285714285,0.14285714285714285,0.14285714285714285,0.14285714285714285,0.14285714285714285,0.14285714285714285,0.14285714285714285,0.0,TN,0.9999999999964029
0.14285714285714285,0.14285714285714285,0.14285714285714285,0.14285714285714285,0.14285714285714285,0.14285714285714285,0.14285714285714285,0.0,TN,0.9999999999964029
0.14285714285714285,0.14285714285714285,0.14285714285714285,0.14285714285714285,0.14285714285714285,0.14285714285714285,0.14285714285714285,0.0,TN,0.9999999999964029
0.14285714285714285,0.14285714285714285,0.14285714285714285,0.14285714285714285,0.14285714285714285,0.14285714285714285,0.14285714285714285,0.0,TN,0.9999999999964029
0.14285714285714285,0.14285714285714285,0.14285714285714285,0.14285714285714285,0.14285714285714285,0.14285714285714285,0.14285714285714285,0.0,TN,0.9999999999964029
0.4112199536555639,0.15483980455407986,0.10001614280605775,0.008727377664568086,0.05252324949382891,0.1808205450122886,0.08887682575611379,0.002976101057499202,TN,0.7801900313160753
0.14285714285714285,0.14285714285714285,0.14285714285714285,0.14285714285714285,0.14285714285714285,0.14285714285714285,0.14285714285714285,0.0,TN,0.9999999999964029
0.14285714285714285,0.14285714285714285,0.14285714285714285,0.14285714285714285,0.14285714285714285,0.14285714285714285,0.14285714285714285,0.0,TN,0.9999999999964029
0.0902011774312934,0.0007071103511194302,0.12536703081043368,0.1420811046836387,0.2313219073525252,0.07171803777108146,0.05279563600718088,0.2858079955927273,TN,0.8658912529452998
0.0014730301125045115,0.27139362324602145,0.314565305560168,0.12594800479821275,0.18290713643963633,0.04065813633275047,0.06305476351070653,0.0,TN,0.8240427004065465
0.14285714285714285,0.14285714285714285,0.14285714285714285,0.14285714285714285,0.14285714285714285,0.14285714285714285,0.14285714285714285,0.0,TN,0.9999999999964029
0.14285714285714285,0.14285714285714285,0.14285714285714285,0.14285714285714285,0.14285714285714285,0.14285714285714285,0.14285714285714285,0.0,TN,0.9999999999964029
0.28474304795537364,0.11233377492459508,0.1393952223265734,3.601861711493333e-05,0.1803887634206714,0.1007273913700749,0.16213782440256963,0.020237956983026887,TN,0.8619488697571714
0.14285714285714285,0.14285714285714285,0.14285714285714285,0.14285714285714285,0.14285714285714285,0.14285714285714285,0.14285714285714285,0.0,TN,0.9999999999964029
0.0473419661659627,0.36879729602487754,0.1490933330477222,0.1692568113050307,0.0749340171485706,0.11358298962576188,0.07699358668207433,0.0,TN,0.8917908105509419
0.14285714285714285,0.14285714285714285,0.14285714285714285,0.14285714285714285,0.14285714285714285,0.14285714285714285,0.14285714285714285,0.0,TN,0.9999999999964029
0.14285714285714285,0.14285714285714285,0.14285714285714285,0.14285714285714285,0.14285714285714285,0.14285714285714285,0.14285714285714285,0.0,TN,0.9999999999964029
0.14285714285714285,0.14285714285714285,0.14285714285714285,0.14285714285714285,0.14285714285714285,0.14285714285714285,0.14285714285714285,0.0,TN,0.9999999999964029
0.13129045223665128,0.05124166929652086,0.029998722421968597,0.27805229729107017,0.2168436277964784,0.0027804344834567183,0.2824878772203031,0.007304919253550815,TN,0.7794199607842143
0.14285714285714285,0.14285714285714285,0.14285714285714285,0.14285714285714285,0.14285714285714285,0.14285714285714285,0.14285714285714285,0.0,TN,0.9999999999964029
0.14285714285714285,0.14285714285714285,0.14285714285714285,0.14285714285714285,0.14285714285714285,0.14285714285714285,0.14285714285714285,0.0,TN,0.9999999999964029
0.14285714285714285,0.14285714285714285,0.14285714285714285,0.14285714285714285,0.14285714285714285,0.14285714285714285,0.14285714285714285,0.0,TN,0.9999999999964029
0.14285714285714285,0.14285714285714285,0.14285714285714285,0.14285714285714285,0.14285714285714285,0.14285714285714285,0.14285714285714285,0.0,TN,0.9999999999964029
0.14285714285714285,0.14285714285714285,0.14285714285714285,0.14285714285714285,0.14285714285714285,0.14285714285714285,0.14285714285714285,0.0,TN,0.9999999999964029
0.14285714285714285,0.14285714285714285,0.14285714285714285,0.14285714285714285,0.14285714285714285,0.14285714285714285,0.14285714285714285,0.0,TN,0.9999999999964029
0.14285714285714285,0.14285714285714285,0.14285714285714285,0.14285714285714285,0.14285714285714285,0.14285714285714285,0.14285714285714285,0.0,TN,0.9999999999964029
0.14285714285714285,0.14285714285714285,0.14285714285714285,0.14285714285714285,0.14285714285714285,0.14285714285714285,0.14285714285714285,0.0,TN,0.9999999999964029
0.14285714285714285,0.14285714285714285,0.14285714285714285,0.14285714285714285,0.14285714285714285,0.14285714285714285,0.14285714285714285,0.0,TN,0.9999999999964029
0.14285714285714285,0.14285714285714285,0.14285714285714285,0.14285714285714285,0.14285714285714285,0.14285714285714285,0.14285714285714285,0.0,TN,0.9999999999964029
0.14285714285714285,0.14285714285714285,0.14285714285714285,0.14285714285714285,0.14285714285714285,0.14285714285714285,0.14285714285714285,0.0,TN,0.9999999999964029
0.14285714285714285,0.14285714285714285,0.14285714285714285,0.14285714285714285,0.14285714285714285,0.14285714285714285,0.14285714285714285,0.0,TN,0.9999999999964029
0.14285714285714285,0.14285714285714285,0.14285714285714285,0.14285714285714285,0.14285714285714285,0.14285714285714285,0.14285714285714285,0.0,TN,0.9999999999964029
0.14285714285714285,0.14285714285714285,0.14285714285714285,0.14285714285714285,0.14285714285714285,0.14285714285714285,0.14285714285714285,0.0,TN,0.9999999999964029
0.12570081542843725,0.2018712477760069,0.17940720336821664,0.022542811397012735,0.15372821966945524,0.0010771300380079973,0.027015359987421318,0.2886572123354421,TN,0.8314170496848897
0.14285714285714285,0.14285714285714285,0.14285714285714285,0.14285714285714285,0.14285714285714285,0.14285714285714285,0.14285714285714285,0.0,TN,0.9999999999964029
0.14285714285714285,0.14285714285714285,0.14285714285714285,0.14285714285714285,0.14285714285714285,0.14285714285714285,0.14285714285714285,0.0,TN,0.9999999999964029
0.04617028459719156,0.24451012761919289,0.26652824750925286,0.20118728012636297,0.04440474437143711,0.18979157320285536,0.007407742573707159,0.0,TN,0.8486767632427006
0.14285714285714285,0.14285714285714285,0.14285714285714285,0.14285714285714285,0.14285714285714285,0.14285714285714285,0.14285714285714285,0.0,TN,0.9999999999964029
0.14285714285714285,0.14285714285714285,0.14285714285714285,0.14285714285714285,0.14285714285714285,0.14285714285714285,0.14285714285714285,0.0,TN,0.9999999999964029
0.043534590900379457,0.13213873440568527,0.03370322157134991,0.09353756835577623,0.009505042851314333,0.20110002658433732,0.4312356867987051,0.05524512853245213,TN,0.7835178100052874
0.0804724000544594,0.3624795976667405,0.05227472740623085,0.009499703451159457,0.12537278025296378,0.12118715502385816,0.2487136361445879,0.0,TN,0.8383167448584461
0.14285714285714285,0.14285714285714285,0.14285714285714285,0.14285714285714285,0.14285714285714285,0.14285714285714285,0.14285714285714285,0.0,TN,0.9999999999964029
0.26680856229321814,0.005080136064444043,0.01659938517713643,0.022826965789527243,0.34036564846538664,0.1469945749817212,0.05356471068939786,0.14776001653916837,TN,0.7798465585040846
0.14285714285714285,0.14285714285714285,0.14285714285714285,0.14285714285714285,0.14285714285714285,0.14285714285714285,0.14285714285714285,0.0,TN,0.9999999999964029
0.14285714285714285,0.14285714285714285,0.14285714285714285,0.14285714285714285,0.14285714285714285,0.14285714285714285,0.14285714285714285,0.0,TN,0.9999999999964029
0.14285714285714285,0.14285714285714285,0.14285714285714285,0.14285714285714285,0.14285714285714285,0.14285714285714285,0.14285714285714285,0.0,TN,0.9999999999964029
0.14285714285714285,0.14285714285714285,0.14285714285714285,0.14285714285714285,0.14285714285714285,0.14285714285714285,0.14285714285714285,0.0,TN,0.9999999999964029
0.14285714285714285,0.14285714285714285,0.14285714285714285,0.14285714285714285,0.14285714285714285,0.14285714285714285,0.14285714285714285,0.0,TN,0.9999999999964029
0.14285714285714285,0.14285714285714285,0.14285714285714285,0.14285714285714285,0.14285714285714285,0.14285714285714285,0.14285714285714285,0.0,TN,0.9999999999964029
0.14285714285714285,0.14285714285714285,0.14285714285714285,0.14285714285714285,0.14285714285714285,0.14285714285714285,0.14285714285714285,0.0,TN,0.9999999999964029
0.14285714285714285,0.14285714285714285,0.14285714285714285,0.14285714285714285,0.14285714285714285,0.14285714285714285,0.14285714285714285,0.0,TN,0.9999999999964029
0.14285714285714285,0.14285714285714285,0.14285714285714285,0.14285714285714285,0.14285714285714285,0.14285714285714285,0.14285714285714285,0.0,TN,0.9999999999964029
0.14285714285714285,0.14285714285714285,0.14285714285714285,0.14285714285714285,0.14285714285714285,0.14285714285714285,0.14285714285714285,0.0,TN,0.9999999999964029
0.14285714285714285,0.14285714285714285,0.14285714285714285,0.14285714285714285,0.14285714285714285,0.14285714285714285,0.14285714285714285,0.0,TN,0.9999999999964029
0.14285714285714285,0.14285714285714285,0.14285714285714285,0.14285714285714285,0.14285714285714285,0.14285714285714285,0.14285714285714285,0.0,TN,0.9999999999964029
0.14285714285714285,0.14285714285714285,0.14285714285714285,0.14285714285714285,0.14285714285714285,0.14285714285714285,0.14285714285714285,0.0,TN,0.9999999999964029
0.14285714285714285,0.14285714285714285,0.14285714285714285,0.14285714285714285,0.14285714285714285,0.14285714285714285,0.14285714285714285,0.0,TN,0.9999999999964029
0.14285714285714285,0.14285714285714285,0.14285714285714285,0.14285714285714285,0.14285714285714285,0.14285714285714285,0.14285714285714285,0.0,TN,0.9999999999964029
0.14285714285714285,0.14285714285714285,0.14285714285714285,0.14285714285714285,0.14285714285714285,0.14285714285714285,0.14285714285714285,0.0,TN,0.9999999999964029
0.14285714285714285,0.14285714285714285,0.14285714285714285,0.14285714285714285,0.14285714285714285,0.14285714285714285,0.14285714285714285,0.0,TN,0.9999999999964029
0.14285714285714285,0.14285714285714285,0.14285714285714285,0.14285714285714285,0.14285714285714285,0.14285714285714285,0.14285714285714285,0.0,TN,0.9999999999964029
0.14285714285714285,0.14285714285714285,0.14285714285714285,0.14285714285714285,0.14285714285714285,0.14285714285714285,0.14285714285714285,0.0,TN,0.9999999999964029
0.033331231137858866,0.0017241954311826887,0.34738601776880873,0.4464139272523359,0.06598789397138569,0.07293985219144522,0.03221688224698292,0.0,TN,0.6848652896061482
0.14285714285714285,0.14285714285714285,0.14285714285714285,0.14285714285714285,0.14285714285714285,0.14285714285714285,0.14285714285714285,0.0,TN,0.9999999999964029
0.0011894802121704688,0.05719778485367633,0.005577772901775724,0.24602510888583967,0.2212554494393589,0.06048109862938418,0.3317417499957981,0.07653155508199644,TN,0.7750997502806366
0.09320769607982515,0.0007333620506419268,0.1047394815059447,0.19195688367719818,0.008291912584406444,0.3676051677086752,0.00864913690852925,0.22481635948477902,TN,0.7520517323027127
0.06312734218259318,0.010847571484203143,0.13196796424579363,0.05382144398662081,0.21351223201570826,0.07141936148045276,0.3429534231831494,0.11235066142147894,TN,0.8554187145640657
0.14285714285714285,0.14285714285714285,0.14285714285714285,0.14285714285714285,0.14285714285714285,0.14285714285714285,0.14285714285714285,0.0,TN,0.9999999999964029
0.14285714285714285,0.14285714285714285,0.14285714285714285,0.14285714285714285,0.14285714285714285,0.14285714285714285,0.14285714285714285,0.0,TN,0.9999999999964029
0.23481242872602082,0.0003381286361229415,0.18022893719113905,0.013828248372851317,0.004637847421443984,0.13127870846641135,0.43487570118601054,0.0,TN,0.7012438600917329
0.14285714285714285,0.14285714285714285,0.14285714285714285,0.14285714285714285,0.14285714285714285,0.14285714285714285,0.14285714285714285,0.0,TN,0.9999999999964029
0.14285714285714285,0.14285714285714285,0.14285714285714285,0.14285714285714285,0.14285714285714285,0.14285714285714285,0.14285714285714285,0.0,TN,0.9999999999964029
0.14285714285714285,0.14285714285714285,0.14285714285714285,0.14285714285714285,0.14285714285714285,0.14285714285714285,0.14285714285714285,0.0,TN,0.9999999999964029
0.14285714285714285,0.14285714285714285,0.14285714285714285,0.14285714285714285,0.14285714285714285,0.14285714285714285,0.14285714285714285,0.0,TN,0.9999999999964029
0.14285714285714285,0.14285714285714285,0.14285714285714285,0.14285714285714285,0.14285714285714285,0.14285714285714285,0.14285714285714285,0.0,TN,0.9999999999964029
0.14285714285714285,0.14285714285714285,0.14285714285714285,0.14285714285714285,0.14285714285714285,0.14285714285714285,0.14285714285714285,0.0,TN,0.9999999999964029
0.14285714285714285,0.14285714285714285,0.14285714285714285,0.14285714285714285,0.14285714285714285,0.14285714285714285,0.14285714285714285,0.0,TN,0.9999999999964029
0.14285714285714285,0.14285714285714285,0.14285714285714285,0.14285714285714285,0.14285714285714285,0.14285714285714285,0.14285714285714285,0.0,TN,0.9999999999964029
0.14285714285714285,0.14285714285714285,0.14285714285714285,0.14285714285714285,0.14285714285714285,0.14285714285714285,0.14285714285714285,0.0,TN,0.9999999999964029
0.14285714285714285,0.14285714285714285,0.14285714285714285,0.14285714285714285,0.14285714285714285,0.14285714285714285,0.14285714285714285,0.0,TN,0.9999999999964029
0.14285714285714285,0.14285714285714285,0.14285714285714285,0.14285714285714285,0.14285714285714285,0.14285714285714285,0.14285714285714285,0.0,TN,0.9999999999964029
0.14285714285714285,0.14285714285714285,0.14285714285714285,0.14285714285714285,0.14285714285714285,0.14285714285714285,0.14285714285714285,0.0,TN,0.9999999999964029
0.0768224340603755,0.2757525521505713,0.054549074771077545,0.1731756371947942,0.3552845608912508,0.03576335696459646,0.028652383967334265,0.0,TN,0.8239203973839514
0.14285714285714285,0.14285714285714285,0.14285714285714285,0.14285714285714285,0.14285714285714285,0.14285714285714285,0.14285714285714285,0.0,TN,0.9999999999964029
0.14285714285714285,0.14285714285714285,0.14285714285714285,0.14285714285714285,0.14285714285714285,0.14285714285714285,0.14285714285714285,0.0,TN,0.9999999999964029
0.14285714285714285,0.14285714285714285,0.14285714285714285,0.14285714285714285,0.14285714285714285,0.14285714285714285,0.14285714285714285,0.0,TN,0.9999999999964029
0.14285714285714285,0.14285714285714285,0.14285714285714285,0.14285714285714285,0.14285714285714285,0.14285714285714285,0.14285714285714285,0.0,TN,0.9999999999964029
0.14285714285714285,0.14285714285714285,0.14285714285714285,0.14285714285714285,0.14285714285714285,0.14285714285714285,0.14285714285714285,0.0,TN,0.9999999999964029
0.14285714285714285,0.14285714285714285,0.14285714285714285,0.14285714285714285,0.14285714285714285,0.14285714285714285,0.14285714285714285,0.0,TN,0.9999999999964029
0.14285714285714285,0.14285714285714285,0.14285714285714285,0.14285714285714285,0.14285714285714285,0.14285714285714285,0.14285714285714285,0.0,TN,0.9999999999964029
0.08883123863555877,0.046718527374457385,0.12618265827321354,0.16685527764893918,0.27689103503812423,0.27314270386455586,0.021378559165151096,0.0,TN,0.8789785409340131
0.14285714285714285,0.14285714285714285,0.14285714285714285,0.14285714285714285,0.14285714285714285,0.14285714285714285,0.14285714285714285,0.0,TN,0.9999999999964029
0.14285714285714285,0.14285714285714285,0.14285714285714285,0.14285714285714285,0.14285714285714285,0.14285714285714285,0.14285714285714285,0.0,TN,0.9999999999964029
0.14285714285714285,0.14285714285714285,0.14285714285714285,0.14285714285714285,0.14285714285714285,0.14285714285714285,0.14285714285714285,0.0,TN,0.9999999999964029
0.14285714285714285,0.14285714285714285,0.14285714285714285,0.14285714285714285,0.14285714285714285,0.14285714285714285,0.14285714285714285,0.0,TN,0.9999999999964029
0.14285714285714285,0.14285714285714285,0.14285714285714285,0.14285714285714285,0.14285714285714285,0.14285714285714285,0.14285714285714285,0.0,TN,0.9999999999964029
0.14285714285714285,0.14285714285714285,0.14285714285714285,0.14285714285714285,0.14285714285714285,0.14285714285714285,0.14285714285714285,0.0,TN,0.9999999999964029
0.14285714285714285,0.14285714285714285,0.14285714285714285,0.14285714285714285,0.14285714285714285,0.14285714285714285,0.14285714285714285,0.0,TN,0.9999999999964029
0.14285714285714285,0.14285714285714285,0.14285714285714285,0.14285714285714285,0.14285714285714285,0.14285714285714285,0.14285714285714285,0.0,TN,0.9999999999964029
0.14285714285714285,0.14285714285714285,0.14285714285714285,0.14285714285714285,0.14285714285714285,0.14285714285714285,0.14285714285714285,0.0,TN,0.9999999999964029
0.14285714285714285,0.14285714285714285,0.14285714285714285,0.14285714285714285,0.14285714285714285,0.14285714285714285,0.14285714285714285,0.0,TN,0.9999999999964029
0.14285714285714285,0.14285714285714285,0.14285714285714285,0.14285714285714285,0.14285714285714285,0.14285714285714285,0.14285714285714285,0.0,TN,0.9999999999964029
0.020053298249051398,0.013266005711998152,0.042877132227681136,0.055857636498953374,0.2849937528204556,0.5140736661498294,0.06887850834203091,0.0,TN,0.6762950185992055
0.14285714285714285,0.14285714285714285,0.14285714285714285,0.14285714285714285,0.14285714285714285,0.14285714285714285,0.14285714285714285,0.0,TN,0.9999999999964029
0.23348001001193264,0.10976104193672338,0.04502434136068888,0.10834367472739233,0.17410322307938483,0.1939715876461509,0.13531612123772715,0.0,TN,0.9536195381214236
0.14285714285714285,0.14285714285714285,0.14285714285714285,0.14285714285714285,0.14285714285714285,0.14285714285714285,0.14285714285714285,0.0,TN,0.9999999999964029
0.14285714285714285,0.14285714285714285,0.14285714285714285,0.14285714285714285,0.14285714285714285,0.14285714285714285,0.14285714285714285,0.0,TN,0.9999999999964029
0.08925232697866653,0.1527530601065617,0.3480522211827202,0.0718213685361753,0.2716713422502962,0.06329950989203462,0.0031501710535454743,0.0,TN,0.8253365614311954
0.14285714285714285,0.14285714285714285,0.14285714285714285,0.14285714285714285,0.14285714285714285,0.14285714285714285,0.14285714285714285,0.0,TN,0.9999999999964029
0.14285714285714285,0.14285714285714285,0.14285714285714285,0.14285714285714285,0.14285714285714285,0.14285714285714285,0.14285714285714285,0.0,TN,0.9999999999964029
0.14285714285714285,0.14285714285714285,0.14285714285714285,0.14285714285714285,0.14285714285714285,0.14285714285714285,0.14285714285714285,0.0,TN,0.9999999999964029
0.14285714285714285,0.14285714285714285,0.14285714285714285,0.14285714285714285,0.14285714285714285,0.14285714285714285,0.14285714285714285,0.0,TN,0.9999999999964029
0.14285714285714285,0.14285714285714285,0.14285714285714285,0.14285714285714285,0.14285714285714285,0.14285714285714285,0.14285714285714285,0.0,TN,0.9999999999964029
0.14285714285714285,0.14285714285714285,0.14285714285714285,0.14285714285714285,0.14285714285714285,0.14285714285714285,0.14285714285714285,0.0,TN,0.9999999999964029
0.14285714285714285,0.14285714285714285,0.14285714285714285,0.14285714285714285,0.14285714285714285,0.14285714285714285,0.14285714285714285,0.0,TN,0.9999999999964029
0.14285714285714285,0.14285714285714285,0.14285714285714285,0.14285714285714285,0.14285714285714285,0.14285714285714285,0.14285714285714285,0.0,TN,0.9999999999964029
0.14285714285714285,0.14285714285714285,0.14285714285714285,0.14285714285714285,0.14285714285714285,0.14285714285714285,0.14285714285714285,0.0,TN,0.9999999999964029
0.14285714285714285,0.14285714285714285,0.14285714285714285,0.14285714285714285,0.14285714285714285,0.14285714285714285,0.14285714285714285,0.0,TN,0.9999999999964029
0.14285714285714285,0.14285714285714285,0.14285714285714285,0.14285714285714285,0.14285714285714285,0.14285714285714285,0.14285714285714285,0.0,TN,0.9999999999964029
0.14285714285714285,0.14285714285714285,0.14285714285714285,0.14285714285714285,0.14285714285714285,0.14285714285714285,0.14285714285714285,0.0,TN,0.9999999999964029
0.14285714285714285,0.14285714285714285,0.14285714285714285,0.14285714285714285,0.14285714285714285,0.14285714285714285,0.14285714285714285,0.0,TN,0.9999999999964029
0.14285714285714285,0.14285714285714285,0.14285714285714285,0.14285714285714285,0.14285714285714285,0.14285714285714285,0.14285714285714285,0.0,TN,0.9999999999964029
0.14285714285714285,0.14285714285714285,0.14285714285714285,0.14285714285714285,0.14285714285714285,0.14285714285714285,0.14285714285714285,0.0,TN,0.9999999999964029
0.009173096730171597,0.07059440071618305,0.16280937131462325,0.38155077400214377,0.13345517488161582,0.030240111514376253,0.21217707084088627,0.0,TN,0.8206153400783808
0.14285714285714285,0.14285714285714285,0.14285714285714285,0.14285714285714285,0.14285714285714285,0.14285714285714285,0.14285714285714285,0.0,TN,0.9999999999964029
0.14285714285714285,0.14285714285714285,0.14285714285714285,0.14285714285714285,0.14285714285714285,0.14285714285714285,0.14285714285714285,0.0,TN,0.9999999999964029
0.14285714285714285,0.14285714285714285,0.14285714285714285,0.14285714285714285,0.14285714285714285,0.14285714285714285,0.14285714285714285,0.0,TN,0.9999999999964029
0.13371365946313896,0.29755221772477475,0.10161968464315514,0.18450983024230475,0.019975622278676407,0.06882706075896335,0.020838925585323114,0.1729629993036634,TN,0.8754418844610787
0.14285714285714285,0.14285714285714285,0.14285714285714285,0.14285714285714285,0.14285714285714285,0.14285714285714285,0.14285714285714285,0.0,TN,0.9999999999964029
0.14285714285714285,0.14285714285714285,0.14285714285714285,0.14285714285714285,0.14285714285714285,0.14285714285714285,0.14285714285714285,0.0,TN,0.9999999999964029
0.06291064158203889,0.12802722714140077,0.23940683458289264,0.12959113714775455,0.18151306458289881,0.19163138932855228,0.014447854268709617,0.0524718513657524,TN,0.9071947687289795
0.14285714285714285,0.14285714285714285,0.14285714285714285,0.14285714285714285,0.14285714285714285,0.14285714285714285,0.14285714285714285,0.0,TN,0.9999999999964029
0.14285714285714285,0.14285714285714285,0.14285714285714285,0.14285714285714285,0.14285714285714285,0.14285714285714285,0.14285714285714285,0.0,TN,0.9999999999964029
0.14285714285714285,0.14285714285714285,0.14285714285714285,0.14285714285714285,0.14285714285714285,0.14285714285714285,0.14285714285714285,0.0,TN,0.9999999999964029
0.14285714285714285,0.14285714285714285,0.14285714285714285,0.14285714285714285,0.14285714285714285,0.14285714285714285,0.14285714285714285,0.0,TN,0.9999999999964029
0.14285714285714285,0.14285714285714285,0.14285714285714285,0.14285714285714285,0.14285714285714285,0.14285714285714285,0.14285714285714285,0.0,TN,0.9999999999964029
0.04818331436652623,0.2946940370180898,0.16157958339839668,0.42009183506067754,0.02014338186613417,0.01123122450247692,0.04407662378769869,0.0,TN,0.7357600949319282
0.14285714285714285,0.14285714285714285,0.14285714285714285,0.14285714285714285,0.14285714285714285,0.14285714285714285,0.14285714285714285,0.0,TN,0.9999999999964029
0.06328041623270077,0.03102126878018615,0.027714382682968223,0.013348781615963003,0.014209486966107689,0.0995329243660523,0.3270117749904397,0.42388096436558215,TN,0.701550522546524
0.14285714285714285,0.14285714285714285,0.14285714285714285,0.14285714285714285,0.14285714285714285,0.14285714285714285,0.14285714285714285,0.0,TN,0.9999999999964029
0.14285714285714285,0.14285714285714285,0.14285714285714285,0.14285714285714285,0.14285714285714285,0.14285714285714285,0.14285714285714285,0.0,TN,0.9999999999964029
0.14285714285714285,0.14285714285714285,0.14285714285714285,0.14285714285714285,0.14285714285714285,0.14285714285714285,0.14285714285714285,0.0,TN,0.9999999999964029
0.14285714285714285,0.14285714285714285,0.14285714285714285,0.14285714285714285,0.14285714285714285,0.14285714285714285,0.14285714285714285,0.0,TN,0.9999999999964029
0.14285714285714285,0.14285714285714285,0.14285714285714285,0.14285714285714285,0.14285714285714285,0.14285714285714285,0.14285714285714285,0.0,TN,0.9999999999964029
0.14285714285714285,0.14285714285714285,0.14285714285714285,0.14285714285714285,0.14285714285714285,0.14285714285714285,0.14285714285714285,0.0,TN,0.9999999999964029
0.14285714285714285,0.14285714285714285,0.14285714285714285,0.14285714285714285,0.14285714285714285,0.14285714285714285,0.14285714285714285,0.0,TN,0.9999999999964029
0.14285714285714285,0.14285714285714285,0.14285714285714285,0.14285714285714285,0.14285714285714285,0.14285714285714285,0.14285714285714285,0.0,TN,0.9999999999964029
0.054610697627894535,0.09074020049195136,0.2917893301230965,0.07457992757572038,0.28904806034295627,0.17105775075080637,0.028174033087574647,0.0,TN,0.8689534488566685
0.14285714285714285,0.14285714285714285,0.14285714285714285,0.14285714285714285,0.14285714285714285,0.14285714285714285,0.14285714285714285,0.0,TN,0.9999999999964029
0.14285714285714285,0.14285714285714285,0.14285714285714285,0.14285714285714285,0.14285714285714285,0.14285714285714285,0.14285714285714285,0.0,TN,0.9999999999964029
0.05378148596491207,0.6454604841388379,0.01094157045182478,0.15049643109242086,0.008288342765919936,0.015410922301716585,0.07805386059165578,0.037566902692712255,TN,0.5773485805300852
0.1668826692601684,0.039939103789996155,0.01102642310666782,0.0047355492775031935,0.23497857471134673,0.42983694903787334,0.11260073081644434,0.0,TN,0.7459844094755869
0.14285714285714285,0.14285714285714285,0.14285714285714285,0.14285714285714285,0.14285714285714285,0.14285714285714285,0.14285714285714285,0.0,TN,0.9999999999964029
0.14285714285714285,0.14285714285714285,0.14285714285714285,0.14285714285714285,0.14285714285714285,0.14285714285714285,0.14285714285714285,0.0,TN,0.9999999999964029
0.14285714285714285,0.14285714285714285,0.14285714285714285,0.14285714285714285,0.14285714285714285,0.14285714285714285,0.14285714285714285,0.0,TN,0.9999999999964029
0.14285714285714285,0.14285714285714285,0.14285714285714285,0.14285714285714285,0.14285714285714285,0.14285714285714285,0.14285714285714285,0.0,TN,0.9999999999964029
0.14285714285714285,0.14285714285714285,0.14285714285714285,0.14285714285714285,0.14285714285714285,0.14285714285714285,0.14285714285714285,0.0,TN,0.9999999999964029
0.3232522913794208,0.020453480285992236,0.22128197065415453,0.04896171752922784,0.1603819564436409,0.16560929162174262,0.017743084306579143,0.04231620777924208,TN,0.8284724610546715
0.05754514221675958,0.1379806632976057,0.16550320141714311,0.04006264620594493,0.16348715843537995,0.22571118108862626,0.09802420404115474,0.11168580329738563,TN,0.9467565950169355
0.14285714285714285,0.14285714285714285,0.14285714285714285,0.14285714285714285,0.14285714285714285,0.14285714285714285,0.14285714285714285,0.0,TN,0.9999999999964029
0.14285714285714285,0.14285714285714285,0.14285714285714285,0.14285714285714285,0.14285714285714285,0.14285714285714285,0.14285714285714285,0.0,TN,0.9999999999964029
0.0755429058323934,0.05088854933745186,0.09040461675059663,0.1439706825405181,0.03289387596470136,0.40719248407021613,0.19910688550412245,0.0,TN,0.8440830982032314
0.011806527416041079,0.02242558342455729,0.006002795388917879,0.02065899008134373,0.14345272257393846,0.6853971228075447,0.11025625830765695,0.0,TN,0.5288019067322777
0.14285714285714285,0.14285714285714285,0.14285714285714285,0.14285714285714285,0.14285714285714285,0.14285714285714285,0.14285714285714285,0.0,TN,0.9999999999964029
0.057916831446369624,0.021331164885865637,0.27725336277156293,0.015583768218291707,0.08159614316684966,0.01993687500193258,0.16562492173432022,0.3607569327748077,TN,0.7770000257894851
0.14285714285714285,0.14285714285714285,0.14285714285714285,0.14285714285714285,0.14285714285714285,0.14285714285714285,0.14285714285714285,0.0,TN,0.9999999999964029
0.14285714285714285,0.14285714285714285,0.14285714285714285,0.14285714285714285,0.14285714285714285,0.14285714285714285,0.14285714285714285,0.0,TN,0.9999999999964029
0.14285714285714285,0.14285714285714285,0.14285714285714285,0.14285714285714285,0.14285714285714285,0.14285714285714285,0.14285714285714285,0.0,TN,0.9999999999964029
0.14285714285714285,0.14285714285714285,0.14285714285714285,0.14285714285714285,0.14285714285714285,0.14285714285714285,0.14285714285714285,0.0,TN,0.9999999999964029
0.14285714285714285,0.14285714285714285,0.14285714285714285,0.14285714285714285,0.14285714285714285,0.14285714285714285,0.14285714285714285,0.0,TN,0.9999999999964029
0.14285714285714285,0.14285714285714285,0.14285714285714285,0.14285714285714285,0.14285714285714285,0.14285714285714285,0.14285714285714285,0.0,TN,0.9999999999964029
0.14285714285714285,0.14285714285714285,0.14285714285714285,0.14285714285714285,0.14285714285714285,0.14285714285714285,0.14285714285714285,0.0,TN,0.9999999999964029
0.14285714285714285,0.14285714285714285,0.14285714285714285,0.14285714285714285,0.14285714285714285,0.14285714285714285,0.14285714285714285,0.0,TN,0.9999999999964029
0.14285714285714285,0.14285714285714285,0.14285714285714285,0.14285714285714285,0.14285714285714285,0.14285714285714285,0.14285714285714285,0.0,TN,0.9999999999964029
0.14285714285714285,0.14285714285714285,0.14285714285714285,0.14285714285714285,0.14285714285714285,0.14285714285714285,0.14285714285714285,0.0,TN,0.9999999999964029
0.14285714285714285,0.14285714285714285,0.14285714285714285,0.14285714285714285,0.14285714285714285,0.14285714285714285,0.14285714285714285,0.0,TN,0.9999999999964029
0.14285714285714285,0.14285714285714285,0.14285714285714285,0.14285714285714285,0.14285714285714285,0.14285714285714285,0.14285714285714285,0.0,TN,0.9999999999964029
0.14285714285714285,0.14285714285714285,0.14285714285714285,0.14285714285714285,0.14285714285714285,0.14285714285714285,0.14285714285714285,0.0,TN,0.9999999999964029
0.14285714285714285,0.14285714285714285,0.14285714285714285,0.14285714285714285,0.14285714285714285,0.14285714285714285,0.14285714285714285,0.0,TN,0.9999999999964029
0.14285714285714285,0.14285714285714285,0.14285714285714285,0.14285714285714285,0.14285714285714285,0.14285714285714285,0.14285714285714285,0.0,TN,0.9999999999964029
0.14285714285714285,0.14285714285714285,0.14285714285714285,0.14285714285714285,0.14285714285714285,0.14285714285714285,0.14285714285714285,0.0,TN,0.9999999999964029
0.16202416743740494,0.10196121019596872,0.039980354174398304,0.0012919143152490698,0.10504238597199246,0.40239489936661793,0.17743804813133818,0.009867020407030276,TN,0.7792381447614865
0.14285714285714285,0.14285714285714285,0.14285714285714285,0.14285714285714285,0.14285714285714285,0.14285714285714285,0.14285714285714285,0.0,TN,0.9999999999964029
0.14285714285714285,0.14285714285714285,0.14285714285714285,0.14285714285714285,0.14285714285714285,0.14285714285714285,0.14285714285714285,0.0,TN,0.9999999999964029
0.14285714285714285,0.14285714285714285,0.14285714285714285,0.14285714285714285,0.14285714285714285,0.14285714285714285,0.14285714285714285,0.0,TN,0.9999999999964029
0.031439157957468475,0.40955310904906667,0.006425300804177706,0.017348236311425545,0.3311163725475264,0.008041223962762903,0.19607659936757224,0.0,TN,0.6687666050441974
0.14285714285714285,0.14285714285714285,0.14285714285714285,0.14285714285714285,0.14285714285714285,0.14285714285714285,0.14285714285714285,0.0,TN,0.9999999999964029
0.20394647516753664,0.3657491129977232,0.01764043338408292,0.13242177490690635,0.09873532209514366,0.012493414953185091,0.10366221689334423,0.06535124960207789,TN,0.830834949611553
0.09967370066236521,0.2898247468930768,0.005340842309857372,0.19778819995214683,0.09350414458968828,0.07740175047847532,0.0777368293175173,0.1587297857968728,TN,0.8885095237299167
0.14285714285714285,0.14285714285714285,0.14285714285714285,0.14285714285714285,0.14285714285714285,0.14285714285714285,0.14285714285714285,0.0,TN,0.9999999999964029
0.14285714285714285,0.14285714285714285,0.14285714285714285,0.14285714285714285,0.14285714285714285,0.14285714285714285,0.14285714285714285,0.0,TN,0.9999999999964029
0.14285714285714285,0.14285714285714285,0.14285714285714285,0.14285714285714285,0.14285714285714285,0.14285714285714285,0.14285714285714285,0.0,TN,0.9999999999964029
0.14285714285714285,0.14285714285714285,0.14285714285714285,0.14285714285714285,0.14285714285714285,0.14285714285714285,0.14285714285714285,0.0,TN,0.9999999999964029
0.14285714285714285,0.14285714285714285,0.14285714285714285,0.14285714285714285,0.14285714285714285,0.14285714285714285,0.14285714285714285,0.0,TN,0.9999999999964029
0.14285714285714285,0.14285714285714285,0.14285714285714285,0.14285714285714285,0.14285714285714285,0.14285714285714285,0.14285714285714285,0.0,TN,0.9999999999964029
0.14285714285714285,0.14285714285714285,0.14285714285714285,0.14285714285714285,0.14285714285714285,0.14285714285714285,0.14285714285714285,0.0,TN,0.9999999999964029
0.14285714285714285,0.14285714285714285,0.14285714285714285,0.14285714285714285,0.14285714285714285,0.14285714285714285,0.14285714285714285,0.0,TN,0.9999999999964029
0.14285714285714285,0.14285714285714285,0.14285714285714285,0.14285714285714285,0.14285714285714285,0.14285714285714285,0.14285714285714285,0.0,TN,0.9999999999964029
0.14285714285714285,0.14285714285714285,0.14285714285714285,0.14285714285714285,0.14285714285714285,0.14285714285714285,0.14285714285714285,0.0,TN,0.9999999999964029
0.14285714285714285,0.14285714285714285,0.14285714285714285,0.14285714285714285,0.14285714285714285,0.14285714285714285,0.14285714285714285,0.0,TN,0.9999999999964029
0.14285714285714285,0.14285714285714285,0.14285714285714285,0.14285714285714285,0.14285714285714285,0.14285714285714285,0.14285714285714285,0.0,TN,0.9999999999964029
0.14285714285714285,0.14285714285714285,0.14285714285714285,0.14285714285714285,0.14285714285714285,0.14285714285714285,0.14285714285714285,0.0,TN,0.9999999999964029
0.14285714285714285,0.14285714285714285,0.14285714285714285,0.14285714285714285,0.14285714285714285,0.14285714285714285,0.14285714285714285,0.0,TN,0.9999999999964029
0.14285714285714285,0.14285714285714285,0.14285714285714285,0.14285714285714285,0.14285714285714285,0.14285714285714285,0.14285714285714285,0.0,TN,0.9999999999964029
0.14285714285714285,0.14285714285714285,0.14285714285714285,0.14285714285714285,0.14285714285714285,0.14285714285714285,0.14285714285714285,0.0,TN,0.9999999999964029
0.13730910154054282,0.020256017218174945,0.24349199824697582,0.021247024975905266,0.0405915138691353,0.05212438192175909,0.4707288259580363,0.014251136269470489,TN,0.7101566267995802
0.14285714285714285,0.14285714285714285,0.14285714285714285,0.14285714285714285,0.14285714285714285,0.14285714285714285,0.14285714285714285,0.0,TN,0.9999999999964029
0.21898917783989033,0.26588410113624567,0.011035379489828655,0.08223676274097551,0.11501968782146832,0.14525996265726493,0.16157492831432657,0.0,TN,0.9062484134590374
0.14285714285714285,0.14285714285714285,0.14285714285714285,0.14285714285714285,0.14285714285714285,0.14285714285714285,0.14285714285714285,0.0,TN,0.9999999999964029
0.14285714285714285,0.14285714285714285,0.14285714285714285,0.14285714285714285,0.14285714285714285,0.14285714285714285,0.14285714285714285,0.0,TN,0.9999999999964029
0.14285714285714285,0.14285714285714285,0.14285714285714285,0.14285714285714285,0.14285714285714285,0.14285714285714285,0.14285714285714285,0.0,TN,0.9999999999964029
0.14285714285714285,0.14285714285714285,0.14285714285714285,0.14285714285714285,0.14285714285714285,0.14285714285714285,0.14285714285714285,0.0,TN,0.9999999999964029
0.026831856075364886,0.1612914681549912,0.0923539664270953,0.12912494118406445,0.23326669442712283,0.15977084390861715,0.042947775732971795,0.15441245408977228,TN,0.9290428236429564
0.012002062613576588,0.011756943685186228,0.0012946402844014999,0.024967327452180298,0.35388363654679944,0.16037757001495498,0.38485851799761805,0.05085930140528285,TN,0.666615655016356
0.14285714285714285,0.14285714285714285,0.14285714285714285,0.14285714285714285,0.14285714285714285,0.14285714285714285,0.14285714285714285,0.0,TN,0.9999999999964029
0.03908993420569273,0.08759378429404867,0.020252115645139908,0.2887396311713809,0.11312064208396974,0.3540202308733034,0.0776689997375103,0.0195146619889546,TN,0.8017064954573364
0.14285714285714285,0.14285714285714285,0.14285714285714285,0.14285714285714285,0.14285714285714285,0.14285714285714285,0.14285714285714285,0.0,TN,0.9999999999964029
0.14285714285714285,0.14285714285714285,0.14285714285714285,0.14285714285714285,0.14285714285714285,0.14285714285714285,0.14285714285714285,0.0,TN,0.9999999999964029
0.1679295919586863,0.04627375125488696,0.1434880188388232,0.26580995918924116,0.15319149269719443,0.2211600252192139,0.0021471608419540186,0.0,TN,0.8771696099492657
0.14285714285714285,0.14285714285714285,0.14285714285714285,0.14285714285714285,0.14285714285714285,0.14285714285714285,0.14285714285714285,0.0,TN,0.9999999999964029
0.027786057276533733,0.008245612852206713,0.055560443002475965,0.14612137263932404,0.20578032553657422,0.0432537055968114,0.07474804699267058,0.4385044361034034,TN,0.7681335422637169
0.14285714285714285,0.14285714285714285,0.14285714285714285,0.14285714285714285,0.14285714285714285,0.14285714285714285,0.14285714285714285,0.0,TN,0.9999999999964029
0.14285714285714285,0.14285714285714285,0.14285714285714285,0.14285714285714285,0.14285714285714285,0.14285714285714285,0.14285714285714285,0.0,TN,0.9999999999964029
0.14285714285714285,0.14285714285714285,0.14285714285714285,0.14285714285714285,0.14285714285714285,0.14285714285714285,0.14285714285714285,0.0,TN,0.9999999999964029
0.14285714285714285,0.14285714285714285,0.14285714285714285,0.14285714285714285,0.14285714285714285,0.14285714285714285,0.14285714285714285,0.0,TN,0.9999999999964029
0.08648887745731106,0.08796673602875657,0.0020409235838831892,0.22830965455175872,0.1110516886009696,0.34687861819788557,0.009023490939077113,0.12824001064035806,TN,0.8139685686352919
0.3279443579169954,0.031665105939934136,0.23831886543472136,0.22049044591958858,0.00035824111735472227,0.1418518715894434,0.03937111208196234,0.0,TN,0.8003079530791735
0.14285714285714285,0.14285714285714285,0.14285714285714285,0.14285714285714285,0.14285714285714285,0.14285714285714285,0.14285714285714285,0.0,TN,0.9999999999964029
0.14285714285714285,0.14285714285714285,0.14285714285714285,0.14285714285714285,0.14285714285714285,0.14285714285714285,0.14285714285714285,0.0,TN,0.9999999999964029
0.14285714285714285,0.14285714285714285,0.14285714285714285,0.14285714285714285,0.14285714285714285,0.14285714285714285,0.14285714285714285,0.0,TN,0.9999999999964029
0.14285714285714285,0.14285714285714285,0.14285714285714285,0.14285714285714285,0.14285714285714285,0.14285714285714285,0.14285714285714285,0.0,TN,0.9999999999964029
0.14285714285714285,0.14285714285714285,0.14285714285714285,0.14285714285714285,0.14285714285714285,0.14285714285714285,0.14285714285714285,0.0,TN,0.9999999999964029
0.07296377438894634,0.3140618215283107,0.15790445502927333,0.25084095071894685,0.09391180517541503,0.1007669839121223,0.009550209246985455,0.0,TN,0.8689530289253683
0.4581781554977722,0.13005665594632265,0.1979074142309233,0.06072103468911643,0.0016730447283088846,0.0008448437798428971,0.0025899628015791628,0.1480288883261346,TN,0.6869588148116801
0.14285714285714285,0.14285714285714285,0.14285714285714285,0.14285714285714285,0.14285714285714285,0.14285714285714285,0.14285714285714285,0.0,TN,0.9999999999964029
0.14285714285714285,0.14285714285714285,0.14285714285714285,0.14285714285714285,0.14285714285714285,0.14285714285714285,0.14285714285714285,0.0,TN,0.9999999999964029
0.14285714285714285,0.14285714285714285,0.14285714285714285,0.14285714285714285,0.14285714285714285,0.14285714285714285,0.14285714285714285,0.0,TN,0.9999999999964029
0.14285714285714285,0.14285714285714285,0.14285714285714285,0.14285714285714285,0.14285714285714285,0.14285714285714285,0.14285714285714285,0.0,TN,0.9999999999964029
0.02463517428676303,0.2840686296640063,0.36591442876109304,0.14152045252858975,0.020305436271445026,0.14339852678339823,0.020157351704704483,0.0,TN,0.7860920323665287
0.14285714285714285,0.14285714285714285,0.14285714285714285,0.14285714285714285,0.14285714285714285,0.14285714285714285,0.14285714285714285,0.0,TN,0.9999999999964029
0.14285714285714285,0.14285714285714285,0.14285714285714285,0.14285714285714285,0.14285714285714285,0.14285714285714285,0.14285714285714285,0.0,TN,0.9999999999964029
0.14285714285714285,0.14285714285714285,0.14285714285714285,0.14285714285714285,0.14285714285714285,0.14285714285714285,0.14285714285714285,0.0,TN,0.9999999999964029
0.14285714285714285,0.14285714285714285,0.14285714285714285,0.14285714285714285,0.14285714285714285,0.14285714285714285,0.14285714285714285,0.0,TN,0.9999999999964029
0.14285714285714285,0.14285714285714285,0.14285714285714285,0.14285714285714285,0.14285714285714285,0.14285714285714285,0.14285714285714285,0.0,TN,0.9999999999964029
0.14285714285714285,0.14285714285714285,0.14285714285714285,0.14285714285714285,0.14285714285714285,0.14285714285714285,0.14285714285714285,0.0,TN,0.9999999999964029
0.14285714285714285,0.14285714285714285,0.14285714285714285,0.14285714285714285,0.14285714285714285,0.14285714285714285,0.14285714285714285,0.0,TN,0.9999999999964029
0.14285714285714285,0.14285714285714285,0.14285714285714285,0.14285714285714285,0.14285714285714285,0.14285714285714285,0.14285714285714285,0.0,TN,0.9999999999964029
0.14285714285714285,0.14285714285714285,0.14285714285714285,0.14285714285714285,0.14285714285714285,0.14285714285714285,0.14285714285714285,0.0,TN,0.9999999999964029
0.14285714285714285,0.14285714285714285,0.14285714285714285,0.14285714285714285,0.14285714285714285,0.14285714285714285,0.14285714285714285,0.0,TN,0.9999999999964029
0.14285714285714285,0.14285714285714285,0.14285714285714285,0.14285714285714285,0.14285714285714285,0.14285714285714285,0.14285714285714285,0.0,TN,0.9999999999964029
0.14285714285714285,0.14285714285714285,0.14285714285714285,0.14285714285714285,0.14285714285714285,0.14285714285714285,0.14285714285714285,0.0,TN,0.9999999999964029
0.14285714285714285,0.14285714285714285,0.14285714285714285,0.14285714285714285,0.14285714285714285,0.14285714285714285,0.14285714285714285,0.0,TN,0.9999999999964029
0.14285714285714285,0.14285714285714285,0.14285714285714285,0.14285714285714285,0.14285714285714285,0.14285714285714285,0.14285714285714285,0.0,TN,0.9999999999964029
0.14285714285714285,0.14285714285714285,0.14285714285714285,0.14285714285714285,0.14285714285714285,0.14285714285714285,0.14285714285714285,0.0,TN,0.9999999999964029
0.14285714285714285,0.14285714285714285,0.14285714285714285,0.14285714285714285,0.14285714285714285,0.14285714285714285,0.14285714285714285,0.0,TN,0.9999999999964029
0.14285714285714285,0.14285714285714285,0.14285714285714285,0.14285714285714285,0.14285714285714285,0.14285714285714285,0.14285714285714285,0.0,TN,0.9999999999964029
0.13097709943224337,0.20857454138305637,0.12594392781237784,0.39033928891743935,0.10704171219668536,0.009011536222436466,0.006114369252501499,0.021997524783259947,TN,0.7781314771732637
0.14285714285714285,0.14285714285714285,0.14285714285714285,0.14285714285714285,0.14285714285714285,0.14285714285714285,0.14285714285714285,0.0,TN,0.9999999999964029
0.25988256315845654,0.14576475671239808,0.013899317834266074,0.3064530519219454,0.08357127563427336,0.0029227253938365607,0.1599806306095008,0.02752567873532314,TN,0.8027866697009554
0.14285714285714285,0.14285714285714285,0.14285714285714285,0.14285714285714285,0.14285714285714285,0.14285714285714285,0.14285714285714285,0.0,TN,0.9999999999964029
0.14285714285714285,0.14285714285714285,0.14285714285714285,0.14285714285714285,0.14285714285714285,0.14285714285714285,0.14285714285714285,0.0,TN,0.9999999999964029
0.28780542365422407,0.17949745917992868,0.11825505905148981,0.030423687479607713,0.08701425450148385,0.137830534684667,0.10756116456427625,0.05161241688432253,TN,0.9155768574519622
0.14285714285714285,0.14285714285714285,0.14285714285714285,0.14285714285714285,0.14285714285714285,0.14285714285714285,0.14285714285714285,0.0,TN,0.9999999999964029
0.14285714285714285,0.14285714285714285,0.14285714285714285,0.14285714285714285,0.14285714285714285,0.14285714285714285,0.14285714285714285,0.0,TN,0.9999999999964029
0.09158325524880817,0.004505413194191749,0.054269210187078504,0.1526303162931525,0.14222842831514118,0.4603507385486549,0.0944326382129732,0.0,TN,0.794316994559617
0.41765237448410425,0.016520766311127123,0.31034758719692435,0.038848810033139065,0.009079733491519831,0.13607856588351863,0.07083404002541346,0.0006381225742531772,TN,0.6867591810422932
0.14285714285714285,0.14285714285714285,0.14285714285714285,0.14285714285714285,0.14285714285714285,0.14285714285714285,0.14285714285714285,0.0,TN,0.9999999999964029
0.14285714285714285,0.14285714285714285,0.14285714285714285,0.14285714285714285,0.14285714285714285,0.14285714285714285,0.14285714285714285,0.0,TN,0.9999999999964029
0.14285714285714285,0.14285714285714285,0.14285714285714285,0.14285714285714285,0.14285714285714285,0.14285714285714285,0.14285714285714285,0.0,TN,0.9999999999964029
0.14285714285714285,0.14285714285714285,0.14285714285714285,0.14285714285714285,0.14285714285714285,0.14285714285714285,0.14285714285714285,0.0,TN,0.9999999999964029
0.14285714285714285,0.14285714285714285,0.14285714285714285,0.14285714285714285,0.14285714285714285,0.14285714285714285,0.14285714285714285,0.0,TN,0.9999999999964029
0.30589585761309107,0.19659009446668355,0.12422267482622527,0.1284728552753884,0.029698966186665527,0.02844222186635219,0.0917465829246729,0.09493074684092101,TN,0.8912058768578026
0.14285714285714285,0.14285714285714285,0.14285714285714285,0.14285714285714285,0.14285714285714285,0.14285714285714285,0.14285714285714285,0.0,TN,0.9999999999964029
0.044229097021695536,0.06720647866384806,0.4187207508063269,0.024829978248150364,0.2613510445280445,0.03204552387101142,0.14463114658668977,0.006985980274233207,TN,0.7458508607420173
0.14285714285714285,0.14285714285714285,0.14285714285714285,0.14285714285714285,0.14285714285714285,0.14285714285714285,0.14285714285714285,0.0,TN,0.9999999999964029
0.14285714285714285,0.14285714285714285,0.14285714285714285,0.14285714285714285,0.14285714285714285,0.14285714285714285,0.14285714285714285,0.0,TN,0.9999999999964029
0.14285714285714285,0.14285714285714285,0.14285714285714285,0.14285714285714285,0.14285714285714285,0.14285714285714285,0.14285714285714285,0.0,TN,0.9999999999964029
0.14285714285714285,0.14285714285714285,0.14285714285714285,0.14285714285714285,0.14285714285714285,0.14285714285714285,0.14285714285714285,0.0,TN,0.9999999999964029
0.16616036505211823,0.0792469499006704,0.09980412434722873,0.11842624464150028,0.2994513356616875,0.04379015412612954,0.19312082627066537,0.0,TN,0.9237003029728881
0.14285714285714285,0.14285714285714285,0.14285714285714285,0.14285714285714285,0.14285714285714285,0.14285714285714285,0.14285714285714285,0.0,TN,0.9999999999964029
0.14285714285714285,0.14285714285714285,0.14285714285714285,0.14285714285714285,0.14285714285714285,0.14285714285714285,0.14285714285714285,0.0,TN,0.9999999999964029
0.14285714285714285,0.14285714285714285,0.14285714285714285,0.14285714285714285,0.14285714285714285,0.14285714285714285,0.14285714285714285,0.0,TN,0.9999999999964029
0.14285714285714285,0.14285714285714285,0.14285714285714285,0.14285714285714285,0.14285714285714285,0.14285714285714285,0.14285714285714285,0.0,TN,0.9999999999964029
0.14285714285714285,0.14285714285714285,0.14285714285714285,0.14285714285714285,0.14285714285714285,0.14285714285714285,0.14285714285714285,0.0,TN,0.9999999999964029
0.14285714285714285,0.14285714285714285,0.14285714285714285,0.14285714285714285,0.14285714285714285,0.14285714285714285,0.14285714285714285,0.0,TN,0.9999999999964029
0.09779936918163129,0.019144117712806004,0.04297809508456896,0.18300223402541288,0.2993947209238122,0.24410638084667738,0.007453787486421787,0.10612129473866944,TN,0.8314714079773913
0.14285714285714285,0.14285714285714285,0.14285714285714285,0.14285714285714285,0.14285714285714285,0.14285714285714285,0.14285714285714285,0.0,TN,0.9999999999964029
0.6467445408907782,0.025481098079164783,0.02431408790667522,0.028492656283649036,0.15272389908828754,0.034591484116415896,0.07926109381503611,0.00839113981999314,TN,0.5826145357985268
0.14285714285714285,0.14285714285714285,0.14285714285714285,0.14285714285714285,0.14285714285714285,0.14285714285714285,0.14285714285714285,0.0,TN,0.9999999999964029
0.14285714285714285,0.14285714285714285,0.14285714285714285,0.14285714285714285,0.14285714285714285,0.14285714285714285,0.14285714285714285,0.0,TN,0.9999999999964029
0.08075519609787403,0.05422276050461764,0.2788718022115807,0.0031154752057908483,0.2421131932658375,0.07958319075644785,0.2613383819578513,0.0,TN,0.8381019155348479
0.14285714285714285,0.14285714285714285,0.14285714285714285,0.14285714285714285,0.14285714285714285,0.14285714285714285,0.14285714285714285,0.0,TN,0.9999999999964029
0.14285714285714285,0.14285714285714285,0.14285714285714285,0.14285714285714285,0.14285714285714285,0.14285714285714285,0.14285714285714285,0.0,TN,0.9999999999964029
0.14285714285714285,0.14285714285714285,0.14285714285714285,0.14285714285714285,0.14285714285714285,0.14285714285714285,0.14285714285714285,0.0,TN,0.9999999999964029
0.20472627078114625,0.1527881159009843,0.24193233677261375,0.017671822906320633,0.08422122160711533,0.08254775704324,0.049293915393883114,0.1668185595946966,TN,0.9078471333579907
0.14285714285714285,0.14285714285714285,0.14285714285714285,0.14285714285714285,0.14285714285714285,0.14285714285714285,0.14285714285714285,0.0,TN,0.9999999999964029
0.14285714285714285,0.14285714285714285,0.14285714285714285,0.14285714285714285,0.14285714285714285,0.14285714285714285,0.14285714285714285,0.0,TN,0.9999999999964029
0.14285714285714285,0.14285714285714285,0.14285714285714285,0.14285714285714285,0.14285714285714285,0.14285714285714285,0.14285714285714285,0.0,TN,0.9999999999964029
0.14285714285714285,0.14285714285714285,0.14285714285714285,0.14285714285714285,0.14285714285714285,0.14285714285714285,0.14285714285714285,0.0,TN,0.9999999999964029
0.14285714285714285,0.14285714285714285,0.14285714285714285,0.14285714285714285,0.14285714285714285,0.14285714285714285,0.14285714285714285,0.0,TN,0.9999999999964029
0.14285714285714285,0.14285714285714285,0.14285714285714285,0.14285714285714285,0.14285714285714285,0.14285714285714285,0.14285714285714285,0.0,TN,0.9999999999964029
0.14285714285714285,0.14285714285714285,0.14285714285714285,0.14285714285714285,0.14285714285714285,0.14285714285714285,0.14285714285714285,0.0,TN,0.9999999999964029
0.14285714285714285,0.14285714285714285,0.14285714285714285,0.14285714285714285,0.14285714285714285,0.14285714285714285,0.14285714285714285,0.0,TN,0.9999999999964029
0.0225273918739767,0.281255538365579,0.07193915656409043,0.2499077710426584,0.11778523240246738,0.06468176963085942,0.13630251936075305,0.05560062075961581,TN,0.8845819811045593
0.14285714285714285,0.14285714285714285,0.14285714285714285,0.14285714285714285,0.14285714285714285,0.14285714285714285,0.14285714285714285,0.0,TN,0.9999999999964029
0.03304118344071325,0.48956098465328285,0.04813854439997433,0.10000998694812635,0.06687462424253096,0.08549524503623451,0.17687943127913777,0.0,TN,0.7894511977757297
0.004212654266602857,0.05473019348193795,0.49685162291479257,0.11576293018875712,0.15191685498659194,0.018545675402721108,0.1579800687585965,0.0,TN,0.7353555294159969
0.14285714285714285,0.14285714285714285,0.14285714285714285,0.14285714285714285,0.14285714285714285,0.14285714285714285,0.14285714285714285,0.0,TN,0.9999999999964029
0.14285714285714285,0.14285714285714285,0.14285714285714285,0.14285714285714285,0.14285714285714285,0.14285714285714285,0.14285714285714285,0.0,TN,0.9999999999964029
0.14285714285714285,0.14285714285714285,0.14285714285714285,0.14285714285714285,0.14285714285714285,0.14285714285714285,0.14285714285714285,0.0,TN,0.9999999999964029
0.00720854332416005,0.14074465167509534,0.022939135537013013,0.3422281632052313,0.047873209081852074,0.30448373742698,0.13452255974966823,0.0,TN,0.7926937269599009
0.14285714285714285,0.14285714285714285,0.14285714285714285,0.14285714285714285,0.14285714285714285,0.14285714285714285,0.14285714285714285,0.0,TN,0.9999999999964029
0.14285714285714285,0.14285714285714285,0.14285714285714285,0.14285714285714285,0.14285714285714285,0.14285714285714285,0.14285714285714285,0.0,TN,0.9999999999964029
0.058373188719947657,0.042334979300204946,0.31002679542701217,0.4692610775122086,0.0257999339089499,0.08219148984616628,0.012012535285510455,0.0,TN,0.7043816327905957
0.14285714285714285,0.14285714285714285,0.14285714285714285,0.14285714285714285,0.14285714285714285,0.14285714285714285,0.14285714285714285,0.0,TN,0.9999999999964029
0.01092480957987174,0.011584506539412424,0.2907915852605366,0.006627850891948764,0.08384620512765907,0.07415609158037932,0.522068951020192,0.0,TN,0.6338877870982932
0.2894194101234103,0.1352384837905311,0.007062817343290373,0.02960509207128758,0.03985137580979739,0.10048186548779807,0.06926214999435215,0.32907880537953305,TN,0.8072319614686755
0.14285714285714285,0.14285714285714285,0.14285714285714285,0.14285714285714285,0.14285714285714285,0.14285714285714285,0.14285714285714285,0.0,TN,0.9999999999964029
0.14285714285714285,0.14285714285714285,0.14285714285714285,0.14285714285714285,0.14285714285714285,0.14285714285714285,0.14285714285714285,0.0,TN,0.9999999999964029
0.031092251687896037,0.07259270338763919,0.0035760111056715614,0.12151288962195529,0.08094719386833098,0.23721678955497952,0.4530621607735274,0.0,TN,0.7595838750418622
0.4397293267441574,0.03128587374987826,0.06569632359226446,0.013768248129429641,0.28275239229125443,0.10088863895448566,0.0658791965385302,0.0,TN,0.7581615672876897
0.14285714285714285,0.14285714285714285,0.14285714285714285,0.14285714285714285,0.14285714285714285,0.14285714285714285,0.14285714285714285,0.0,TN,0.9999999999964029
0.14285714285714285,0.14285714285714285,0.14285714285714285,0.14285714285714285,0.14285714285714285,0.14285714285714285,0.14285714285714285,0.0,TN,0.9999999999964029
0.14285714285714285,0.14285714285714285,0.14285714285714285,0.14285714285714285,0.14285714285714285,0.14285714285714285,0.14285714285714285,0.0,TN,0.9999999999964029
0.1160009263996603,0.12037884147017477,0.08156408456325008,0.015815069340526407,0.08953032152997452,0.4686478331663682,0.01227523944653403,0.09578768408351163,TN,0.7813098732324046
0.14285714285714285,0.14285714285714285,0.14285714285714285,0.14285714285714285,0.14285714285714285,0.14285714285714285,0.14285714285714285,0.0,TN,0.9999999999964029
0.14285714285714285,0.14285714285714285,0.14285714285714285,0.14285714285714285,0.14285714285714285,0.14285714285714285,0.14285714285714285,0.0,TN,0.9999999999964029
0.14285714285714285,0.14285714285714285,0.14285714285714285,0.14285714285714285,0.14285714285714285,0.14285714285714285,0.14285714285714285,0.0,TN,0.9999999999964029
0.14285714285714285,0.14285714285714285,0.14285714285714285,0.14285714285714285,0.14285714285714285,0.14285714285714285,0.14285714285714285,0.0,TN,0.9999999999964029
0.14285714285714285,0.14285714285714285,0.14285714285714285,0.14285714285714285,0.14285714285714285,0.14285714285714285,0.14285714285714285,0.0,TN,0.9999999999964029
0.14285714285714285,0.14285714285714285,0.14285714285714285,0.14285714285714285,0.14285714285714285,0.14285714285714285,0.14285714285714285,0.0,TN,0.9999999999964029
0.14285714285714285,0.14285714285714285,0.14285714285714285,0.14285714285714285,0.14285714285714285,0.14285714285714285,0.14285714285714285,0.0,TN,0.9999999999964029
0.14285714285714285,0.14285714285714285,0.14285714285714285,0.14285714285714285,0.14285714285714285,0.14285714285714285,0.14285714285714285,0.0,TN,0.9999999999964029
0.14285714285714285,0.14285714285714285,0.14285714285714285,0.14285714285714285,0.14285714285714285,0.14285714285714285,0.14285714285714285,0.0,TN,0.9999999999964029
0.14285714285714285,0.14285714285714285,0.14285714285714285,0.14285714285714285,0.14285714285714285,0.14285714285714285,0.14285714285714285,0.0,TN,0.9999999999964029
0.12705121903666156,0.08049027806960207,0.09709052274769019,0.40555983616602603,0.20733875163558318,0.0052428960570098755,0.07722649628742707,0.0,TN,0.8268139851531885
0.14285714285714285,0.14285714285714285,0.14285714285714285,0.14285714285714285,0.14285714285714285,0.14285714285714285,0.14285714285714285,0.0,TN,0.9999999999964029
0.14285714285714285,0.14285714285714285,0.14285714285714285,0.14285714285714285,0.14285714285714285,0.14285714285714285,0.14285714285714285,0.0,TN,0.9999999999964029
0.14285714285714285,0.14285714285714285,0.14285714285714285,0.14285714285714285,0.14285714285714285,0.14285714285714285,0.14285714285714285,0.0,TN,0.9999999999964029
0.14285714285714285,0.14285714285714285,0.14285714285714285,0.14285714285714285,0.14285714285714285,0.14285714285714285,0.14285714285714285,0.0,TN,0.9999999999964029
0.14285714285714285,0.14285714285714285,0.14285714285714285,0.14285714285714285,0.14285714285714285,0.14285714285714285,0.14285714285714285,0.0,TN,0.9999999999964029
0.30166589200780003,0.0003952348337083741,0.2270881963867868,0.0020536245575759997,0.01836208566116871,0.03439017105081808,0.24988796352546547,0.16615683197667652,TN,0.7444403475519142
0.14285714285714285,0.14285714285714285,0.14285714285714285,0.14285714285714285,0.14285714285714285,0.14285714285714285,0.14285714285714285,0.0,TN,0.9999999999964029
0.14285714285714285,0.14285714285714285,0.14285714285714285,0.14285714285714285,0.14285714285714285,0.14285714285714285,0.14285714285714285,0.0,TN,0.9999999999964029
0.14285714285714285,0.14285714285714285,0.14285714285714285,0.14285714285714285,0.14285714285714285,0.14285714285714285,0.14285714285714285,0.0,TN,0.9999999999964029
0.14285714285714285,0.14285714285714285,0.14285714285714285,0.14285714285714285,0.14285714285714285,0.14285714285714285,0.14285714285714285,0.0,TN,0.9999999999964029
0.14285714285714285,0.14285714285714285,0.14285714285714285,0.14285714285714285,0.14285714285714285,0.14285714285714285,0.14285714285714285,0.0,TN,0.9999999999964029
0.14285714285714285,0.14285714285714285,0.14285714285714285,0.14285714285714285,0.14285714285714285,0.14285714285714285,0.14285714285714285,0.0,TN,0.9999999999964029
0.14285714285714285,0.14285714285714285,0.14285714285714285,0.14285714285714285,0.14285714285714285,0.14285714285714285,0.14285714285714285,0.0,TN,0.9999999999964029
0.14285714285714285,0.14285714285714285,0.14285714285714285,0.14285714285714285,0.14285714285714285,0.14285714285714285,0.14285714285714285,0.0,TN,0.9999999999964029
0.14285714285714285,0.14285714285714285,0.14285714285714285,0.14285714285714285,0.14285714285714285,0.14285714285714285,0.14285714285714285,0.0,TN,0.9999999999964029
0.14214479890384482,0.03972351748077377,0.0118177490721853,0.19423873195928368,0.4366248407136616,0.06644758370927999,0.1090027781609708,0.0,TN,0.8015634150658918
0.14285714285714285,0.14285714285714285,0.14285714285714285,0.14285714285714285,0.14285714285714285,0.14285714285714285,0.14285714285714285,0.0,TN,0.9999999999964029
0.30798712227188196,0.0022216358494251695,0.3366298990800495,0.14875783921420027,0.09236782730866995,0.036119058603177004,0.07591661767259618,0.0,TN,0.8026780040011424
0.14285714285714285,0.14285714285714285,0.14285714285714285,0.14285714285714285,0.14285714285714285,0.14285714285714285,0.14285714285714285,0.0,TN,0.9999999999964029
0.02419571022996471,0.26643529058434073,0.04472680685013484,0.08355648018202184,0.35640440109877003,0.0260166784750818,0.19866463257968614,0.0,TN,0.8081175199513799
0.14285714285714285,0.14285714285714285,0.14285714285714285,0.14285714285714285,0.14285714285714285,0.14285714285714285,0.14285714285714285,0.0,TN,0.9999999999964029
0.14285714285714285,0.14285714285714285,0.14285714285714285,0.14285714285714285,0.14285714285714285,0.14285714285714285,0.14285714285714285,0.0,TN,0.9999999999964029
0.1468481868384215,0.007191483518876309,0.16405241184399955,0.007880651570842414,0.37740981113890004,0.10219340528035524,0.19442404980860492,0.0,TN,0.8074168071131377
0.14285714285714285,0.14285714285714285,0.14285714285714285,0.14285714285714285,0.14285714285714285,0.14285714285714285,0.14285714285714285,0.0,TN,0.9999999999964029
0.14285714285714285,0.14285714285714285,0.14285714285714285,0.14285714285714285,0.14285714285714285,0.14285714285714285,0.14285714285714285,0.0,TN,0.9999999999964029
0.14285714285714285,0.14285714285714285,0.14285714285714285,0.14285714285714285,0.14285714285714285,0.14285714285714285,0.14285714285714285,0.0,TN,0.9999999999964029
0.14285714285714285,0.14285714285714285,0.14285714285714285,0.14285714285714285,0.14285714285714285,0.14285714285714285,0.14285714285714285,0.0,TN,0.9999999999964029
0.14285714285714285,0.14285714285714285,0.14285714285714285,0.14285714285714285,0.14285714285714285,0.14285714285714285,0.14285714285714285,0.0,TN,0.9999999999964029
0.14285714285714285,0.14285714285714285,0.14285714285714285,0.14285714285714285,0.14285714285714285,0.14285714285714285,0.14285714285714285,0.0,TN,0.9999999999964029
0.14285714285714285,0.14285714285714285,0.14285714285714285,0.14285714285714285,0.14285714285714285,0.14285714285714285,0.14285714285714285,0.0,TN,0.9999999999964029
0.14285714285714285,0.14285714285714285,0.14285714285714285,0.14285714285714285,0.14285714285714285,0.14285714285714285,0.14285714285714285,0.0,TN,0.9999999999964029
0.14285714285714285,0.14285714285714285,0.14285714285714285,0.14285714285714285,0.14285714285714285,0.14285714285714285,0.14285714285714285,0.0,TN,0.9999999999964029
0.14285714285714285,0.14285714285714285,0.14285714285714285,0.14285714285714285,0.14285714285714285,0.14285714285714285,0.14285714285714285,0.0,TN,0.9999999999964029
0.14285714285714285,0.14285714285714285,0.14285714285714285,0.14285714285714285,0.14285714285714285,0.14285714285714285,0.14285714285714285,0.0,TN,0.9999999999964029
0.5000993685741738,0.05857271246469296,0.031708686886714306,0.10010616413251432,0.16927883898733959,0.036164753080707386,0.033296596395409224,0.07077287947844838,TN,0.7569396992464893
0.1288801526722405,0.24551004363974763,0.21263317126201584,0.01202088388879909,0.17338455456184623,0.013721795751833028,0.09604799479341372,0.11780140343010424,TN,0.8804481811979992
0.14285714285714285,0.14285714285714285,0.14285714285714285,0.14285714285714285,0.14285714285714285,0.14285714285714285,0.14285714285714285,0.0,TN,0.9999999999964029
0.14285714285714285,0.14285714285714285,0.14285714285714285,0.14285714285714285,0.14285714285714285,0.14285714285714285,0.14285714285714285,0.0,TN,0.9999999999964029
0.14285714285714285,0.14285714285714285,0.14285714285714285,0.14285714285714285,0.14285714285714285,0.14285714285714285,0.14285714285714285,0.0,TN,0.9999999999964029
0.14285714285714285,0.14285714285714285,0.14285714285714285,0.14285714285714285,0.14285714285714285,0.14285714285714285,0.14285714285714285,0.0,TN,0.9999999999964029
0.14285714285714285,0.14285714285714285,0.14285714285714285,0.14285714285714285,0.14285714285714285,0.14285714285714285,0.14285714285714285,0.0,TN,0.9999999999964029
0.24444913805013824,0.008129699809777995,0.2168185979256886,0.08992778986784475,0.0351392498141302,0.25879714810184906,0.0911169915593318,0.05562138487123934,TN,0.8550439405256827
0.14285714285714285,0.14285714285714285,0.14285714285714285,0.14285714285714285,0.14285714285714285,0.14285714285714285,0.14285714285714285,0.0,TN,0.9999999999964029
2.466309468224347e-06,0.1446862186491007,0.06025803655973662,0.0916907119604021,0.09988244182492445,0.21717276572730906,0.270335821894915,0.11597153707414382,TN,0.8816332636464892
0.14285714285714285,0.14285714285714285,0.14285714285714285,0.14285714285714285,0.14285714285714285,0.14285714285714285,0.14285714285714285,0.0,TN,0.9999999999964029
0.14285714285714285,0.14285714285714285,0.14285714285714285,0.14285714285714285,0.14285714285714285,0.14285714285714285,0.14285714285714285,0.0,TN,0.9999999999964029
0.14285714285714285,0.14285714285714285,0.14285714285714285,0.14285714285714285,0.14285714285714285,0.14285714285714285,0.14285714285714285,0.0,TN,0.9999999999964029
0.14285714285714285,0.14285714285714285,0.14285714285714285,0.14285714285714285,0.14285714285714285,0.14285714285714285,0.14285714285714285,0.0,TN,0.9999999999964029
0.14285714285714285,0.14285714285714285,0.14285714285714285,0.14285714285714285,0.14285714285714285,0.14285714285714285,0.14285714285714285,0.0,TN,0.9999999999964029
0.14285714285714285,0.14285714285714285,0.14285714285714285,0.14285714285714285,0.14285714285714285,0.14285714285714285,0.14285714285714285,0.0,TN,0.9999999999964029
0.14285714285714285,0.14285714285714285,0.14285714285714285,0.14285714285714285,0.14285714285714285,0.14285714285714285,0.14285714285714285,0.0,TN,0.9999999999964029
0.1879213131420338,0.0059361837129157475,0.09800112279953509,0.20549069503624615,0.43499119482150894,0.007668982828099318,0.05999050765966103,0.0,TN,0.7531797429098718
0.09050909471151858,0.0001531521168279374,0.19449103148677763,0.2331763454194714,0.06706339994028322,0.02976586069933874,0.02409394330160713,0.3607471723241754,TN,0.7791158615468085
0.14285714285714285,0.14285714285714285,0.14285714285714285,0.14285714285714285,0.14285714285714285,0.14285714285714285,0.14285714285714285,0.0,TN,0.9999999999964029
0.14285714285714285,0.14285714285714285,0.14285714285714285,0.14285714285714285,0.14285714285714285,0.14285714285714285,0.14285714285714285,0.0,TN,0.9999999999964029
0.045933957678711036,0.19900906091319462,0.052148018950872,0.025739048252196056,0.5934684993874147,0.002599921060015217,0.08110149375759636,0.0,TN,0.6371676334481126
0.5341004183240607,7.775363605041931e-05,0.11002633834071071,0.01611343856704615,0.13783774221730072,0.1664654059837888,0.03537890293104244,0.0,TN,0.6860023017832205
0.14285714285714285,0.14285714285714285,0.14285714285714285,0.14285714285714285,0.14285714285714285,0.14285714285714285,0.14285714285714285,0.0,TN,0.9999999999964029
0.14285714285714285,0.14285714285714285,0.14285714285714285,0.14285714285714285,0.14285714285714285,0.14285714285714285,0.14285714285714285,0.0,TN,0.9999999999964029
0.14285714285714285,0.14285714285714285,0.14285714285714285,0.14285714285714285,0.14285714285714285,0.14285714285714285,0.14285714285714285,0.0,TN,0.9999999999964029
0.14285714285714285,0.14285714285714285,0.14285714285714285,0.14285714285714285,0.14285714285714285,0.14285714285714285,0.14285714285714285,0.0,TN,0.9999999999964029
0.14285714285714285,0.14285714285714285,0.14285714285714285,0.14285714285714285,0.14285714285714285,0.14285714285714285,0.14285714285714285,0.0,TN,0.9999999999964029
0.14285714285714285,0.14285714285714285,0.14285714285714285,0.14285714285714285,0.14285714285714285,0.14285714285714285,0.14285714285714285,0.0,TN,0.9999999999964029
0.14285714285714285,0.14285714285714285,0.14285714285714285,0.14285714285714285,0.14285714285714285,0.14285714285714285,0.14285714285714285,0.0,TN,0.9999999999964029
0.14285714285714285,0.14285714285714285,0.14285714285714285,0.14285714285714285,0.14285714285714285,0.14285714285714285,0.14285714285714285,0.0,TN,0.9999999999964029
0.14285714285714285,0.14285714285714285,0.14285714285714285,0.14285714285714285,0.14285714285714285,0.14285714285714285,0.14285714285714285,0.0,TN,0.9999999999964029
0.14285714285714285,0.14285714285714285,0.14285714285714285,0.14285714285714285,0.14285714285714285,0.14285714285714285,0.14285714285714285,0.0,TN,0.9999999999964029
0.14285714285714285,0.14285714285714285,0.14285714285714285,0.14285714285714285,0.14285714285714285,0.14285714285714285,0.14285714285714285,0.0,TN,0.9999999999964029
0.14285714285714285,0.14285714285714285,0.14285714285714285,0.14285714285714285,0.14285714285714285,0.14285714285714285,0.14285714285714285,0.0,TN,0.9999999999964029
0.14285714285714285,0.14285714285714285,0.14285714285714285,0.14285714285714285,0.14285714285714285,0.14285714285714285,0.14285714285714285,0.0,TN,0.9999999999964029
0.14285714285714285,0.14285714285714285,0.14285714285714285,0.14285714285714285,0.14285714285714285,0.14285714285714285,0.14285714285714285,0.0,TN,0.9999999999964029
0.14285714285714285,0.14285714285714285,0.14285714285714285,0.14285714285714285,0.14285714285714285,0.14285714285714285,0.14285714285714285,0.0,TN,0.9999999999964029
0.14285714285714285,0.14285714285714285,0.14285714285714285,0.14285714285714285,0.14285714285714285,0.14285714285714285,0.14285714285714285,0.0,TN,0.9999999999964029
0.14285714285714285,0.14285714285714285,0.14285714285714285,0.14285714285714285,0.14285714285714285,0.14285714285714285,0.14285714285714285,0.0,TN,0.9999999999964029
0.2604665383218061,0.015788694779795488,0.19387630798463928,0.07415582770503248,0.16137271925824812,0.1697167684347546,0.1115448404135823,0.01307830310214146,TN,0.8769755702053406
0.14285714285714285,0.14285714285714285,0.14285714285714285,0.14285714285714285,0.14285714285714285,0.14285714285714285,0.14285714285714285,0.0,TN,0.9999999999964029
0.14285714285714285,0.14285714285714285,0.14285714285714285,0.14285714285714285,0.14285714285714285,0.14285714285714285,0.14285714285714285,0.0,TN,0.9999999999964029
0.14285714285714285,0.14285714285714285,0.14285714285714285,0.14285714285714285,0.14285714285714285,0.14285714285714285,0.14285714285714285,0.0,TN,0.9999999999964029
0.14285714285714285,0.14285714285714285,0.14285714285714285,0.14285714285714285,0.14285714285714285,0.14285714285714285,0.14285714285714285,0.0,TN,0.9999999999964029
0.14285714285714285,0.14285714285714285,0.14285714285714285,0.14285714285714285,0.14285714285714285,0.14285714285714285,0.14285714285714285,0.0,TN,0.9999999999964029
0.1523709575007077,0.2675592657777297,0.12912719730207647,0.001810802111577913,0.05039657967866837,0.21064166013717528,0.18809353749206456,0.0,TN,0.8778013426749854
0.14285714285714285,0.14285714285714285,0.14285714285714285,0.14285714285714285,0.14285714285714285,0.14285714285714285,0.14285714285714285,0.0,TN,0.9999999999964029
0.00035016349631481104,0.13846099333302972,0.14004944636877711,0.008764970654893905,0.12057864280612411,0.18171337898871395,0.1619226062135823,0.24815979813856406,TN,0.8651298134590752
0.14285714285714285,0.14285714285714285,0.14285714285714285,0.14285714285714285,0.14285714285714285,0.14285714285714285,0.14285714285714285,0.0,TN,0.9999999999964029
0.14285714285714285,0.14285714285714285,0.14285714285714285,0.14285714285714285,0.14285714285714285,0.14285714285714285,0.14285714285714285,0.0,TN,0.9999999999964029
0.14285714285714285,0.14285714285714285,0.14285714285714285,0.14285714285714285,0.14285714285714285,0.14285714285714285,0.14285714285714285,0.0,TN,0.9999999999964029
0.14285714285714285,0.14285714285714285,0.14285714285714285,0.14285714285714285,0.14285714285714285,0.14285714285714285,0.14285714285714285,0.0,TN,0.9999999999964029
0.14285714285714285,0.14285714285714285,0.14285714285714285,0.14285714285714285,0.14285714285714285,0.14285714285714285,0.14285714285714285,0.0,TN,0.9999999999964029
0.14285714285714285,0.14285714285714285,0.14285714285714285,0.14285714285714285,0.14285714285714285,0.14285714285714285,0.14285714285714285,0.0,TN,0.9999999999964029
0.14285714285714285,0.14285714285714285,0.14285714285714285,0.14285714285714285,0.14285714285714285,0.14285714285714285,0.14285714285714285,0.0,TN,0.9999999999964029
0.14285714285714285,0.14285714285714285,0.14285714285714285,0.14285714285714285,0.14285714285714285,0.14285714285714285,0.14285714285714285,0.0,TN,0.9999999999964029
0.14285714285714285,0.14285714285714285,0.14285714285714285,0.14285714285714285,0.14285714285714285,0.14285714285714285,0.14285714285714285,0.0,TN,0.9999999999964029
0.14285714285714285,0.14285714285714285,0.14285714285714285,0.14285714285714285,0.14285714285714285,0.14285714285714285,0.14285714285714285,0.0,TN,0.9999999999964029
0.14285714285714285,0.14285714285714285,0.14285714285714285,0.14285714285714285,0.14285714285714285,0.14285714285714285,0.14285714285714285,0.0,TN,0.9999999999964029
0.14285714285714285,0.14285714285714285,0.14285714285714285,0.14285714285714285,0.14285714285714285,0.14285714285714285,0.14285714285714285,0.0,TN,0.9999999999964029
0.1454645610716307,0.0858219209082151,0.028737699417371414,0.11219462283023021,0.029607902268596078,0.19307481288160305,0.394144347569365,0.010954133052988495,TN,0.8063538425979289
0.14285714285714285,0.14285714285714285,0.14285714285714285,0.14285714285714285,0.14285714285714285,0.14285714285714285,0.14285714285714285,0.0,TN,0.9999999999964029
0.14285714285714285,0.14285714285714285,0.14285714285714285,0.14285714285714285,0.14285714285714285,0.14285714285714285,0.14285714285714285,0.0,TN,0.9999999999964029
0.14285714285714285,0.14285714285714285,0.14285714285714285,0.14285714285714285,0.14285714285714285,0.14285714285714285,0.14285714285714285,0.0,TN,0.9999999999964029
0.14285714285714285,0.14285714285714285,0.14285714285714285,0.14285714285714285,0.14285714285714285,0.14285714285714285,0.14285714285714285,0.0,TN,0.9999999999964029
0.14285714285714285,0.14285714285714285,0.14285714285714285,0.14285714285714285,0.14285714285714285,0.14285714285714285,0.14285714285714285,0.0,TN,0.9999999999964029
0.2996980405854616,0.2678004986110556,0.19263604413013533,0.009682055163634625,0.0032121375337566204,0.16449745651949807,0.058193110607580964,0.004280656848877094,TN,0.7599658001193833
0.14285714285714285,0.14285714285714285,0.14285714285714285,0.14285714285714285,0.14285714285714285,0.14285714285714285,0.14285714285714285,0.0,TN,0.9999999999964029
0.14285714285714285,0.14285714285714285,0.14285714285714285,0.14285714285714285,0.14285714285714285,0.14285714285714285,0.14285714285714285,0.0,TN,0.9999999999964029
0.14285714285714285,0.14285714285714285,0.14285714285714285,0.14285714285714285,0.14285714285714285,0.14285714285714285,0.14285714285714285,0.0,TN,0.9999999999964029
0.04244465464371836,0.08550427671271495,0.010568745022401111,0.34472438719128723,0.035181841309212473,0.08274867381217965,0.30722846019324496,0.09159896111524142,TN,0.8007426440243923
0.14285714285714285,0.14285714285714285,0.14285714285714285,0.14285714285714285,0.14285714285714285,0.14285714285714285,0.14285714285714285,0.0,TN,0.9999999999964029
0.14285714285714285,0.14285714285714285,0.14285714285714285,0.14285714285714285,0.14285714285714285,0.14285714285714285,0.14285714285714285,0.0,TN,0.9999999999964029
0.15024053183488262,0.18465844081015853,0.05873996922306074,0.10785610818882922,0.43737549674795645,0.013987865258896932,0.04714158793621557,0.0,TN,0.8062185789876665
0.14285714285714285,0.14285714285714285,0.14285714285714285,0.14285714285714285,0.14285714285714285,0.14285714285714285,0.14285714285714285,0.0,TN,0.9999999999964029
0.14285714285714285,0.14285714285714285,0.14285714285714285,0.14285714285714285,0.14285714285714285,0.14285714285714285,0.14285714285714285,0.0,TN,0.9999999999964029
0.14285714285714285,0.14285714285714285,0.14285714285714285,0.14285714285714285,0.14285714285714285,0.14285714285714285,0.14285714285714285,0.0,TN,0.9999999999964029
0.14285714285714285,0.14285714285714285,0.14285714285714285,0.14285714285714285,0.14285714285714285,0.14285714285714285,0.14285714285714285,0.0,TN,0.9999999999964029
0.008814822962732049,0.21488861935255196,0.014662334508613525,0.37864480468136,0.29325987708662876,0.06724839980466736,0.02248114160344634,0.0,TN,0.7340252027857218
0.14285714285714285,0.14285714285714285,0.14285714285714285,0.14285714285714285,0.14285714285714285,0.14285714285714285,0.14285714285714285,0.0,TN,0.9999999999964029
0.14285714285714285,0.14285714285714285,0.14285714285714285,0.14285714285714285,0.14285714285714285,0.14285714285714285,0.14285714285714285,0.0,TN,0.9999999999964029
0.08159098785958999,0.10863341593857058,0.04382780597991946,0.1899394611481589,0.004896349827800803,0.178802025872411,0.37096046404799604,0.021349489325553393,TN,0.8088817470430401
0.14285714285714285,0.14285714285714285,0.14285714285714285,0.14285714285714285,0.14285714285714285,0.14285714285714285,0.14285714285714285,0.0,TN,0.9999999999964029
0.14285714285714285,0.14285714285714285,0.14285714285714285,0.14285714285714285,0.14285714285714285,0.14285714285714285,0.14285714285714285,0.0,TN,0.9999999999964029
0.14285714285714285,0.14285714285714285,0.14285714285714285,0.14285714285714285,0.14285714285714285,0.14285714285714285,0.14285714285714285,0.0,TN,0.9999999999964029
0.14285714285714285,0.14285714285714285,0.14285714285714285,0.14285714285714285,0.14285714285714285,0.14285714285714285,0.14285714285714285,0.0,TN,0.9999999999964029
0.14285714285714285,0.14285714285714285,0.14285714285714285,0.14285714285714285,0.14285714285714285,0.14285714285714285,0.14285714285714285,0.0,TN,0.9999999999964029
0.14285714285714285,0.14285714285714285,0.14285714285714285,0.14285714285714285,0.14285714285714285,0.14285714285714285,0.14285714285714285,0.0,TN,0.9999999999964029
0.14285714285714285,0.14285714285714285,0.14285714285714285,0.14285714285714285,0.14285714285714285,0.14285714285714285,0.14285714285714285,0.0,TN,0.9999999999964029
0.0005974133057714907,0.17505573218549497,0.02919128100540053,0.1363923694043103,0.3186303369525496,0.14057171108252325,0.14001305704837647,0.059548099015573536,TN,0.8501617381902455
0.14285714285714285,0.14285714285714285,0.14285714285714285,0.14285714285714285,0.14285714285714285,0.14285714285714285,0.14285714285714285,0.0,TN,0.9999999999964029
0.14285714285714285,0.14285714285714285,0.14285714285714285,0.14285714285714285,0.14285714285714285,0.14285714285714285,0.14285714285714285,0.0,TN,0.9999999999964029
0.14285714285714285,0.14285714285714285,0.14285714285714285,0.14285714285714285,0.14285714285714285,0.14285714285714285,0.14285714285714285,0.0,TN,0.9999999999964029
0.32274998326760396,0.041485234162584594,0.3294019838513976,0.009845326971964673,0.13305915697416396,0.1363728272498633,0.027085487522422083,0.0,TN,0.7945507027617894
0.14285714285714285,0.14285714285714285,0.14285714285714285,0.14285714285714285,0.14285714285714285,0.14285714285714285,0.14285714285714285,0.0,TN,0.9999999999964029
0.09331943044197824,0.10352922456497121,0.09749684098803096,0.06070673256169836,0.07392985071287375,0.061370419617529225,0.16233395403243575,0.3473135470804825,TN,0.90381879807284
0.14285714285714285,0.14285714285714285,0.14285714285714285,0.14285714285714285,0.14285714285714285,0.14285714285714285,0.14285714285714285,0.0,TN,0.9999999999964029
0.14285714285714285,0.14285714285714285,0.14285714285714285,0.14285714285714285,0.14285714285714285,0.14285714285714285,0.14285714285714285,0.0,TN,0.9999999999964029
0.14285714285714285,0.14285714285714285,0.14285714285714285,0.14285714285714285,0.14285714285714285,0.14285714285714285,0.14285714285714285,0.0,TN,0.9999999999964029
0.14285714285714285,0.14285714285714285,0.14285714285714285,0.14285714285714285,0.14285714285714285,0.14285714285714285,0.14285714285714285,0.0,TN,0.9999999999964029
0.14285714285714285,0.14285714285714285,0.14285714285714285,0.14285714285714285,0.14285714285714285,0.14285714285714285,0.14285714285714285,0.0,TN,0.9999999999964029
0.14285714285714285,0.14285714285714285,0.14285714285714285,0.14285714285714285,0.14285714285714285,0.14285714285714285,0.14285714285714285,0.0,TN,0.9999999999964029
0.14285714285714285,0.14285714285714285,0.14285714285714285,0.14285714285714285,0.14285714285714285,0.14285714285714285,0.14285714285714285,0.0,TN,0.9999999999964029
0.14285714285714285,0.14285714285714285,0.14285714285714285,0.14285714285714285,0.14285714285714285,0.14285714285714285,0.14285714285714285,0.0,TN,0.9999999999964029
0.14285714285714285,0.14285714285714285,0.14285714285714285,0.14285714285714285,0.14285714285714285,0.14285714285714285,0.14285714285714285,0.0,TN,0.9999999999964029
0.14285714285714285,0.14285714285714285,0.14285714285714285,0.14285714285714285,0.14285714285714285,0.14285714285714285,0.14285714285714285,0.0,TN,0.9999999999964029
0.14285714285714285,0.14285714285714285,0.14285714285714285,0.14285714285714285,0.14285714285714285,0.14285714285714285,0.14285714285714285,0.0,TN,0.9999999999964029
0.14285714285714285,0.14285714285714285,0.14285714285714285,0.14285714285714285,0.14285714285714285,0.14285714285714285,0.14285714285714285,0.0,TN,0.9999999999964029
0.14285714285714285,0.14285714285714285,0.14285714285714285,0.14285714285714285,0.14285714285714285,0.14285714285714285,0.14285714285714285,0.0,TN,0.9999999999964029
0.14285714285714285,0.14285714285714285,0.14285714285714285,0.14285714285714285,0.14285714285714285,0.14285714285714285,0.14285714285714285,0.0,TN,0.9999999999964029
0.14285714285714285,0.14285714285714285,0.14285714285714285,0.14285714285714285,0.14285714285714285,0.14285714285714285,0.14285714285714285,0.0,TN,0.9999999999964029
0.14285714285714285,0.14285714285714285,0.14285714285714285,0.14285714285714285,0.14285714285714285,0.14285714285714285,0.14285714285714285,0.0,TN,0.9999999999964029
0.14285714285714285,0.14285714285714285,0.14285714285714285,0.14285714285714285,0.14285714285714285,0.14285714285714285,0.14285714285714285,0.0,TN,0.9999999999964029
0.14285714285714285,0.14285714285714285,0.14285714285714285,0.14285714285714285,0.14285714285714285,0.14285714285714285,0.14285714285714285,0.0,TN,0.9999999999964029
0.14285714285714285,0.14285714285714285,0.14285714285714285,0.14285714285714285,0.14285714285714285,0.14285714285714285,0.14285714285714285,0.0,TN,0.9999999999964029
0.07769595990100549,0.0071541741619675515,0.1433068842376324,0.04767744599211086,0.020331165641161518,0.24994226129551153,0.45389210877061065,0.0,TN,0.7408568229439383
0.3323733322121419,0.054071856373798986,0.08510648536340729,0.14952220134667762,0.2507557415292205,0.06144489614044125,0.01954971504586893,0.04717577198844354,TN,0.8449157338015935
0.14285714285714285,0.14285714285714285,0.14285714285714285,0.14285714285714285,0.14285714285714285,0.14285714285714285,0.14285714285714285,0.0,TN,0.9999999999964029
0.14285714285714285,0.14285714285714285,0.14285714285714285,0.14285714285714285,0.14285714285714285,0.14285714285714285,0.14285714285714285,0.0,TN,0.9999999999964029
0.14573912413949294,0.4196881657719487,0.17693523035016576,0.0034572445169832283,0.013263242964887519,0.218934864192923,0.017872787417899726,0.004109340645699213,TN,0.6999546804297418
0.14285714285714285,0.14285714285714285,0.14285714285714285,0.14285714285714285,0.14285714285714285,0.14285714285714285,0.14285714285714285,0.0,TN,0.9999999999964029
0.14285714285714285,0.14285714285714285,0.14285714285714285,0.14285714285714285,0.14285714285714285,0.14285714285714285,0.14285714285714285,0.0,TN,0.9999999999964029
0.11223805758425931,0.19433531789740574,0.44973719503541504,0.015202052122639398,0.08265278504672086,0.0051215505171467186,0.140713041796413,0.0,TN,0.7687269799686148
0.14285714285714285,0.14285714285714285,0.14285714285714285,0.14285714285714285,0.14285714285714285,0.14285714285714285,0.14285714285714285,0.0,TN,0.9999999999964029
0.14285714285714285,0.14285714285714285,0.14285714285714285,0.14285714285714285,0.14285714285714285,0.14285714285714285,0.14285714285714285,0.0,TN,0.9999999999964029
0.14285714285714285,0.14285714285714285,0.14285714285714285,0.14285714285714285,0.14285714285714285,0.14285714285714285,0.14285714285714285,0.0,TN,0.9999999999964029
0.14285714285714285,0.14285714285714285,0.14285714285714285,0.14285714285714285,0.14285714285714285,0.14285714285714285,0.14285714285714285,0.0,TN,0.9999999999964029
0.14285714285714285,0.14285714285714285,0.14285714285714285,0.14285714285714285,0.14285714285714285,0.14285714285714285,0.14285714285714285,0.0,TN,0.9999999999964029
0.14285714285714285,0.14285714285714285,0.14285714285714285,0.14285714285714285,0.14285714285714285,0.14285714285714285,0.14285714285714285,0.0,TN,0.9999999999964029
0.14285714285714285,0.14285714285714285,0.14285714285714285,0.14285714285714285,0.14285714285714285,0.14285714285714285,0.14285714285714285,0.0,TN,0.9999999999964029
0.14285714285714285,0.14285714285714285,0.14285714285714285,0.14285714285714285,0.14285714285714285,0.14285714285714285,0.14285714285714285,0.0,TN,0.9999999999964029
0.14285714285714285,0.14285714285714285,0.14285714285714285,0.14285714285714285,0.14285714285714285,0.14285714285714285,0.14285714285714285,0.0,TN,0.9999999999964029
0.14285714285714285,0.14285714285714285,0.14285714285714285,0.14285714285714285,0.14285714285714285,0.14285714285714285,0.14285714285714285,0.0,TN,0.9999999999964029
0.14285714285714285,0.14285714285714285,0.14285714285714285,0.14285714285714285,0.14285714285714285,0.14285714285714285,0.14285714285714285,0.0,TN,0.9999999999964029
0.09865049999565312,0.2531782285933393,0.15961820406674337,0.026679234535722084,0.055848221903459734,0.18168747391051157,0.2200828139061981,0.00425532308837287,TN,0.8623580646235804
0.04393737777823754,0.01644934581820337,0.14999682564120115,0.3651262605459643,0.03381401202307491,0.3111215973915649,0.07955458080175376,0.0,TN,0.789585002307962
0.14285714285714285,0.14285714285714285,0.14285714285714285,0.14285714285714285,0.14285714285714285,0.14285714285714285,0.14285714285714285,0.0,TN,0.9999999999964029
0.14285714285714285,0.14285714285714285,0.14285714285714285,0.14285714285714285,0.14285714285714285,0.14285714285714285,0.14285714285714285,0.0,TN,0.9999999999964029
0.14285714285714285,0.14285714285714285,0.14285714285714285,0.14285714285714285,0.14285714285714285,0.14285714285714285,0.14285714285714285,0.0,TN,0.9999999999964029
0.18411117545346856,0.2668475832218426,0.09412994594714669,0.10894394025610614,0.13906392904207943,0.022436477856075956,0.18446694822328072,0.0,TN,0.9246992715745134
0.14285714285714285,0.14285714285714285,0.14285714285714285,0.14285714285714285,0.14285714285714285,0.14285714285714285,0.14285714285714285,0.0,TN,0.9999999999964029
0.14285714285714285,0.14285714285714285,0.14285714285714285,0.14285714285714285,0.14285714285714285,0.14285714285714285,0.14285714285714285,0.0,TN,0.9999999999964029
0.14285714285714285,0.14285714285714285,0.14285714285714285,0.14285714285714285,0.14285714285714285,0.14285714285714285,0.14285714285714285,0.0,TN,0.9999999999964029
0.14285714285714285,0.14285714285714285,0.14285714285714285,0.14285714285714285,0.14285714285714285,0.14285714285714285,0.14285714285714285,0.0,TN,0.9999999999964029
0.14285714285714285,0.14285714285714285,0.14285714285714285,0.14285714285714285,0.14285714285714285,0.14285714285714285,0.14285714285714285,0.0,TN,0.9999999999964029
0.14285714285714285,0.14285714285714285,0.14285714285714285,0.14285714285714285,0.14285714285714285,0.14285714285714285,0.14285714285714285,0.0,TN,0.9999999999964029
0.14285714285714285,0.14285714285714285,0.14285714285714285,0.14285714285714285,0.14285714285714285,0.14285714285714285,0.14285714285714285,0.0,TN,0.9999999999964029
0.14285714285714285,0.14285714285714285,0.14285714285714285,0.14285714285714285,0.14285714285714285,0.14285714285714285,0.14285714285714285,0.0,TN,0.9999999999964029
0.437714044583555,0.1238527893249238,0.05923670727870665,0.1542933679132443,0.0006603074818883536,0.07793790954719328,0.03850098349429788,0.10780389037619065,TN,0.7912430210246522
0.14285714285714285,0.14285714285714285,0.14285714285714285,0.14285714285714285,0.14285714285714285,0.14285714285714285,0.14285714285714285,0.0,TN,0.9999999999964029
0.14285714285714285,0.14285714285714285,0.14285714285714285,0.14285714285714285,0.14285714285714285,0.14285714285714285,0.14285714285714285,0.0,TN,0.9999999999964029
0.18379442015274755,0.06112020906776505,0.034918021073238464,0.0038277596817833737,0.5018646493427577,0.024864050387935363,0.07157838575612648,0.11803250453764598,TN,0.7210692255774981
0.14285714285714285,0.14285714285714285,0.14285714285714285,0.14285714285714285,0.14285714285714285,0.14285714285714285,0.14285714285714285,0.0,TN,0.9999999999964029
0.022168087091616964,0.17451156446628838,0.051122668697443384,0.11557169992435791,0.0687215054700498,0.05023625861173455,0.21211907961104493,0.30554913612746404,TN,0.8732912136363435
0.14285714285714285,0.14285714285714285,0.14285714285714285,0.14285714285714285,0.14285714285714285,0.14285714285714285,0.14285714285714285,0.0,TN,0.9999999999964029
0.14285714285714285,0.14285714285714285,0.14285714285714285,0.14285714285714285,0.14285714285714285,0.14285714285714285,0.14285714285714285,0.0,TN,0.9999999999964029
0.14285714285714285,0.14285714285714285,0.14285714285714285,0.14285714285714285,0.14285714285714285,0.14285714285714285,0.14285714285714285,0.0,TN,0.9999999999964029
0.14285714285714285,0.14285714285714285,0.14285714285714285,0.14285714285714285,0.14285714285714285,0.14285714285714285,0.14285714285714285,0.0,TN,0.9999999999964029
0.14285714285714285,0.14285714285714285,0.14285714285714285,0.14285714285714285,0.14285714285714285,0.14285714285714285,0.14285714285714285,0.0,TN,0.9999999999964029
0.14285714285714285,0.14285714285714285,0.14285714285714285,0.14285714285714285,0.14285714285714285,0.14285714285714285,0.14285714285714285,0.0,TN,0.9999999999964029
0.06442099730602105,0.004328872117361621,0.17841315754019937,0.03739027842836696,0.2783857333546783,0.33670347033188114,0.016036546666923883,0.08432094425456768,TN,0.7828737115510405
0.14285714285714285,0.14285714285714285,0.14285714285714285,0.14285714285714285,0.14285714285714285,0.14285714285714285,0.14285714285714285,0.0,TN,0.9999999999964029
0.14285714285714285,0.14285714285714285,0.14285714285714285,0.14285714285714285,0.14285714285714285,0.14285714285714285,0.14285714285714285,0.0,TN,0.9999999999964029
0.14285714285714285,0.14285714285714285,0.14285714285714285,0.14285714285714285,0.14285714285714285,0.14285714285714285,0.14285714285714285,0.0,TN,0.9999999999964029
0.14285714285714285,0.14285714285714285,0.14285714285714285,0.14285714285714285,0.14285714285714285,0.14285714285714285,0.14285714285714285,0.0,TN,0.9999999999964029
0.14285714285714285,0.14285714285714285,0.14285714285714285,0.14285714285714285,0.14285714285714285,0.14285714285714285,0.14285714285714285,0.0,TN,0.9999999999964029
0.05406763347192652,0.01004033852493934,0.1558010876555879,0.3036590900534854,0.1284993318608173,0.15323719493441185,0.10887915276444485,0.08581617073438694,TN,0.8938849092203488
0.1826515099059954,0.1337130969103381,0.2163963979759293,0.152531373764257,0.08225892654318126,0.0936600365945686,0.13878865830573045,0.0,TN,0.9758774705594162
0.3944347359972549,0.04323875824867257,0.3362404570405184,0.14013014653772723,0.031209258846364257,0.015639083643913212,0.03910755968554937,0.0,TN,0.7423837999599894
0.05677054605917952,0.48959677734033824,0.1048086869637864,0.2007733836919806,0.026477494378848103,0.07585704912772338,0.04571606243814363,0.0,TN,0.772959941085144
0.14285714285714285,0.14285714285714285,0.14285714285714285,0.14285714285714285,0.14285714285714285,0.14285714285714285,0.14285714285714285,0.0,TN,0.9999999999964029
0.14285714285714285,0.14285714285714285,0.14285714285714285,0.14285714285714285,0.14285714285714285,0.14285714285714285,0.14285714285714285,0.0,TN,0.9999999999964029
0.14285714285714285,0.14285714285714285,0.14285714285714285,0.14285714285714285,0.14285714285714285,0.14285714285714285,0.14285714285714285,0.0,TN,0.9999999999964029
0.14285714285714285,0.14285714285714285,0.14285714285714285,0.14285714285714285,0.14285714285714285,0.14285714285714285,0.14285714285714285,0.0,TN,0.9999999999964029
0.14285714285714285,0.14285714285714285,0.14285714285714285,0.14285714285714285,0.14285714285714285,0.14285714285714285,0.14285714285714285,0.0,TN,0.9999999999964029
0.14285714285714285,0.14285714285714285,0.14285714285714285,0.14285714285714285,0.14285714285714285,0.14285714285714285,0.14285714285714285,0.0,TN,0.9999999999964029
0.014456817187425969,0.19917432561658963,0.25421548728081367,0.128687389671861,0.07755283717531287,0.06324185052545249,0.26267129254254434,0.0,TN,0.883232135690921
0.16370292816256038,0.10553495803882308,0.17245722376040248,0.03941089182553411,0.06208625526118794,0.09007205330033914,0.34317394631549064,0.023561743335662157,TN,0.8698674017000261
0.36127633628203504,0.20744025868111998,0.006494541354935566,0.0967422263118523,0.0005678539460318625,0.12968345349210172,0.15289514928694367,0.04490018064497977,TN,0.7927118330943724
0.14285714285714285,0.14285714285714285,0.14285714285714285,0.14285714285714285,0.14285714285714285,0.14285714285714285,0.14285714285714285,0.0,TN,0.9999999999964029
0.14285714285714285,0.14285714285714285,0.14285714285714285,0.14285714285714285,0.14285714285714285,0.14285714285714285,0.14285714285714285,0.0,TN,0.9999999999964029
0.14285714285714285,0.14285714285714285,0.14285714285714285,0.14285714285714285,0.14285714285714285,0.14285714285714285,0.14285714285714285,0.0,TN,0.9999999999964029
0.14285714285714285,0.14285714285714285,0.14285714285714285,0.14285714285714285,0.14285714285714285,0.14285714285714285,0.14285714285714285,0.0,TN,0.9999999999964029
0.0857033005721407,0.11975689824383678,0.029429527449698872,0.11049255480518483,0.02479411723923396,0.17963080136827025,0.22101721988529732,0.22917558043633723,TN,0.9056316279160174
0.05472028304385237,0.007952132227604306,0.021318211783790147,0.05293816535862042,0.47585206126120544,0.018148941918126455,0.2591834480605443,0.10988675634625639,TN,0.6991332395478979
0.07167073162670448,0.0271449539089511,0.00842442271875117,0.15522451982356483,0.002430311369388013,0.38255854949260665,0.24658193771569886,0.10596457334433484,TN,0.7605452337523513
0.14285714285714285,0.14285714285714285,0.14285714285714285,0.14285714285714285,0.14285714285714285,0.14285714285714285,0.14285714285714285,0.0,TN,0.9999999999964029
0.14285714285714285,0.14285714285714285,0.14285714285714285,0.14285714285714285,0.14285714285714285,0.14285714285714285,0.14285714285714285,0.0,TN,0.9999999999964029
0.14285714285714285,0.14285714285714285,0.14285714285714285,0.14285714285714285,0.14285714285714285,0.14285714285714285,0.14285714285714285,0.0,TN,0.9999999999964029
0.14285714285714285,0.14285714285714285,0.14285714285714285,0.14285714285714285,0.14285714285714285,0.14285714285714285,0.14285714285714285,0.0,TN,0.9999999999964029
0.3204204494408465,0.04969934806140288,0.0321232219995079,0.2931262994393671,0.008639689928440919,0.14593242264175985,0.15005856848867494,0.0,TN,0.8173825651392375
0.14285714285714285,0.14285714285714285,0.14285714285714285,0.14285714285714285,0.14285714285714285,0.14285714285714285,0.14285714285714285,0.0,TN,0.9999999999964029
0.05550819174738773,0.43881156649163056,0.13906354099848048,0.16328585425992898,0.13444031411370858,0.01866783564628096,0.05022269674258275,0.0,TN,0.815305587179684
0.3161613923149392,0.015946525202494545,0.09603354535555098,0.008885622557584377,0.16793548752726317,0.06350741735320788,0.3145809042925789,0.016949105396381045,TN,0.771676428529848
0.14285714285714285,0.14285714285714285,0.14285714285714285,0.14285714285714285,0.14285714285714285,0.14285714285714285,0.14285714285714285,0.0,TN,0.9999999999964029
0.14285714285714285,0.14285714285714285,0.14285714285714285,0.14285714285714285,0.14285714285714285,0.14285714285714285,0.14285714285714285,0.0,TN,0.9999999999964029
0.14285714285714285,0.14285714285714285,0.14285714285714285,0.14285714285714285,0.14285714285714285,0.14285714285714285,0.14285714285714285,0.0,TN,0.9999999999964029
0.14285714285714285,0.14285714285714285,0.14285714285714285,0.14285714285714285,0.14285714285714285,0.14285714285714285,0.14285714285714285,0.0,TN,0.9999999999964029
0.14285714285714285,0.14285714285714285,0.14285714285714285,0.14285714285714285,0.14285714285714285,0.14285714285714285,0.14285714285714285,0.0,TN,0.9999999999964029
0.14285714285714285,0.14285714285714285,0.14285714285714285,0.14285714285714285,0.14285714285714285,0.14285714285714285,0.14285714285714285,0.0,TN,0.9999999999964029
0.14285714285714285,0.14285714285714285,0.14285714285714285,0.14285714285714285,0.14285714285714285,0.14285714285714285,0.14285714285714285,0.0,TN,0.9999999999964029
0.04686509810546898,0.3353164743829894,0.08668350376784673,0.017558021721920055,0.20647689569881367,0.1527155746613867,0.07380455464477947,0.08057987701679507,TN,0.8659980511447106
0.14285714285714285,0.14285714285714285,0.14285714285714285,0.14285714285714285,0.14285714285714285,0.14285714285714285,0.14285714285714285,0.0,TN,0.9999999999964029
0.08677468600728334,0.023050816713391032,0.17093050966623277,0.00019172072647457992,0.4973144012153062,0.05863476851382345,0.03482083123461053,0.12828226592287809,TN,0.7197386013291942
0.14285714285714285,0.14285714285714285,0.14285714285714285,0.14285714285714285,0.14285714285714285,0.14285714285714285,0.14285714285714285,0.0,TN,0.9999999999964029
0.14285714285714285,0.14285714285714285,0.14285714285714285,0.14285714285714285,0.14285714285714285,0.14285714285714285,0.14285714285714285,0.0,TN,0.9999999999964029
0.14285714285714285,0.14285714285714285,0.14285714285714285,0.14285714285714285,0.14285714285714285,0.14285714285714285,0.14285714285714285,0.0,TN,0.9999999999964029
0.14285714285714285,0.14285714285714285,0.14285714285714285,0.14285714285714285,0.14285714285714285,0.14285714285714285,0.14285714285714285,0.0,TN,0.9999999999964029
0.14285714285714285,0.14285714285714285,0.14285714285714285,0.14285714285714285,0.14285714285714285,0.14285714285714285,0.14285714285714285,0.0,TN,0.9999999999964029
0.0011369711328812445,0.20323083496259603,0.137759235497373,0.03117442483371282,0.20894291002815427,0.25717129446855036,0.16058432907673229,0.0,TN,0.8647934991373236
0.14285714285714285,0.14285714285714285,0.14285714285714285,0.14285714285714285,0.14285714285714285,0.14285714285714285,0.14285714285714285,0.0,TN,0.9999999999964029
0.14285714285714285,0.14285714285714285,0.14285714285714285,0.14285714285714285,0.14285714285714285,0.14285714285714285,0.14285714285714285,0.0,TN,0.9999999999964029
0.14285714285714285,0.14285714285714285,0.14285714285714285,0.14285714285714285,0.14285714285714285,0.14285714285714285,0.14285714285714285,0.0,TN,0.9999999999964029
0.14285714285714285,0.14285714285714285,0.14285714285714285,0.14285714285714285,0.14285714285714285,0.14285714285714285,0.14285714285714285,0.0,TN,0.9999999999964029
0.14285714285714285,0.14285714285714285,0.14285714285714285,0.14285714285714285,0.14285714285714285,0.14285714285714285,0.14285714285714285,0.0,TN,0.9999999999964029
0.01736781725906895,0.009921248718923548,0.05500077139395561,0.06512781178127851,0.3377919331857842,0.3526908654302488,0.05334485676814984,0.10875469546259056,TN,0.7624136092065513
0.14285714285714285,0.14285714285714285,0.14285714285714285,0.14285714285714285,0.14285714285714285,0.14285714285714285,0.14285714285714285,0.0,TN,0.9999999999964029
0.14285714285714285,0.14285714285714285,0.14285714285714285,0.14285714285714285,0.14285714285714285,0.14285714285714285,0.14285714285714285,0.0,TN,0.9999999999964029
0.14285714285714285,0.14285714285714285,0.14285714285714285,0.14285714285714285,0.14285714285714285,0.14285714285714285,0.14285714285714285,0.0,TN,0.9999999999964029
0.14285714285714285,0.14285714285714285,0.14285714285714285,0.14285714285714285,0.14285714285714285,0.14285714285714285,0.14285714285714285,0.0,TN,0.9999999999964029
0.14285714285714285,0.14285714285714285,0.14285714285714285,0.14285714285714285,0.14285714285714285,0.14285714285714285,0.14285714285714285,0.0,TN,0.9999999999964029
0.14285714285714285,0.14285714285714285,0.14285714285714285,0.14285714285714285,0.14285714285714285,0.14285714285714285,0.14285714285714285,0.0,TN,0.9999999999964029
0.14285714285714285,0.14285714285714285,0.14285714285714285,0.14285714285714285,0.14285714285714285,0.14285714285714285,0.14285714285714285,0.0,TN,0.9999999999964029
0.14285714285714285,0.14285714285714285,0.14285714285714285,0.14285714285714285,0.14285714285714285,0.14285714285714285,0.14285714285714285,0.0,TN,0.9999999999964029
0.14285714285714285,0.14285714285714285,0.14285714285714285,0.14285714285714285,0.14285714285714285,0.14285714285714285,0.14285714285714285,0.0,TN,0.9999999999964029
0.14285714285714285,0.14285714285714285,0.14285714285714285,0.14285714285714285,0.14285714285714285,0.14285714285714285,0.14285714285714285,0.0,TN,0.9999999999964029
0.05401161639920483,0.0951793483381232,0.3009998026345353,0.1874713033900185,0.07832323471180502,0.20256691614036845,0.0814477783859447,0.0,TN,0.9167506657921737
0.14285714285714285,0.14285714285714285,0.14285714285714285,0.14285714285714285,0.14285714285714285,0.14285714285714285,0.14285714285714285,0.0,TN,0.9999999999964029
0.14285714285714285,0.14285714285714285,0.14285714285714285,0.14285714285714285,0.14285714285714285,0.14285714285714285,0.14285714285714285,0.0,TN,0.9999999999964029
0.14285714285714285,0.14285714285714285,0.14285714285714285,0.14285714285714285,0.14285714285714285,0.14285714285714285,0.14285714285714285,0.0,TN,0.9999999999964029
0.14285714285714285,0.14285714285714285,0.14285714285714285,0.14285714285714285,0.14285714285714285,0.14285714285714285,0.14285714285714285,0.0,TN,0.9999999999964029
0.045580558797228686,0.1166351870362433,0.4005379813410742,0.012408154025657125,0.05116368813121682,0.030469831597608566,0.34320459907097134,0.0,TN,0.7388903092630915
0.14285714285714285,0.14285714285714285,0.14285714285714285,0.14285714285714285,0.14285714285714285,0.14285714285714285,0.14285714285714285,0.0,TN,0.9999999999964029
0.14285714285714285,0.14285714285714285,0.14285714285714285,0.14285714285714285,0.14285714285714285,0.14285714285714285,0.14285714285714285,0.0,TN,0.9999999999964029
0.11806318000760135,0.1956845063911022,0.26468871770211333,0.2761727461282792,0.026439905051470324,0.05325690088092744,0.06569404383850601,0.0,TN,0.8786349346648343
0.14285714285714285,0.14285714285714285,0.14285714285714285,0.14285714285714285,0.14285714285714285,0.14285714285714285,0.14285714285714285,0.0,TN,0.9999999999964029
0.14285714285714285,0.14285714285714285,0.14285714285714285,0.14285714285714285,0.14285714285714285,0.14285714285714285,0.14285714285714285,0.0,TN,0.9999999999964029
0.14285714285714285,0.14285714285714285,0.14285714285714285,0.14285714285714285,0.14285714285714285,0.14285714285714285,0.14285714285714285,0.0,TN,0.9999999999964029
0.04898703119234925,0.1933677710724781,0.19805849043644838,0.35724289979468066,0.05484293696210207,0.06794317762548482,0.011091964443948952,0.06846572847250773,TN,0.83164345021349
0.14285714285714285,0.14285714285714285,0.14285714285714285,0.14285714285714285,0.14285714285714285,0.14285714285714285,0.14285714285714285,0.0,TN,0.9999999999964029
0.14285714285714285,0.14285714285714285,0.14285714285714285,0.14285714285714285,0.14285714285714285,0.14285714285714285,0.14285714285714285,0.0,TN,0.9999999999964029
0.14285714285714285,0.14285714285714285,0.14285714285714285,0.14285714285714285,0.14285714285714285,0.14285714285714285,0.14285714285714285,0.0,TN,0.9999999999964029
0.13269077648910782,0.04468003782066959,0.00738034450737287,0.04617192430180373,0.12055896373956426,0.4054898360322242,0.2430281171092574,0.0,TN,0.796521786909736
0.2983524549707182,0.20980881724483327,0.10907795245036805,0.007993428407735958,0.028097544824442797,0.14550465377790492,0.062024428474887636,0.13914071984910903,TN,0.8639161423146251
0.14285714285714285,0.14285714285714285,0.14285714285714285,0.14285714285714285,0.14285714285714285,0.14285714285714285,0.14285714285714285,0.0,TN,0.9999999999964029
0.14285714285714285,0.14285714285714285,0.14285714285714285,0.14285714285714285,0.14285714285714285,0.14285714285714285,0.14285714285714285,0.0,TN,0.9999999999964029
0.14285714285714285,0.14285714285714285,0.14285714285714285,0.14285714285714285,0.14285714285714285,0.14285714285714285,0.14285714285714285,0.0,TN,0.9999999999964029
0.14285714285714285,0.14285714285714285,0.14285714285714285,0.14285714285714285,0.14285714285714285,0.14285714285714285,0.14285714285714285,0.0,TN,0.9999999999964029
0.14285714285714285,0.14285714285714285,0.14285714285714285,0.14285714285714285,0.14285714285714285,0.14285714285714285,0.14285714285714285,0.0,TN,0.9999999999964029
0.06561161891600113,0.08441724129209786,0.04242824710530823,0.1265181236415408,0.21340414245642084,0.09811789613364505,0.3213689288457892,0.048133801609196745,TN,0.8902749770717339
0.14285714285714285,0.14285714285714285,0.14285714285714285,0.14285714285714285,0.14285714285714285,0.14285714285714285,0.14285714285714285,0.0,TN,0.9999999999964029
0.14285714285714285,0.14285714285714285,0.14285714285714285,0.14285714285714285,0.14285714285714285,0.14285714285714285,0.14285714285714285,0.0,TN,0.9999999999964029
0.050931967738581295,0.13045412182305813,0.22211307875728648,0.08659363715941405,0.15922411298210543,0.2257556759465269,0.1249274055930278,0.0,TN,0.9516297772659001
0.14285714285714285,0.14285714285714285,0.14285714285714285,0.14285714285714285,0.14285714285714285,0.14285714285714285,0.14285714285714285,0.0,TN,0.9999999999964029
0.14285714285714285,0.14285714285714285,0.14285714285714285,0.14285714285714285,0.14285714285714285,0.14285714285714285,0.14285714285714285,0.0,TN,0.9999999999964029
0.14285714285714285,0.14285714285714285,0.14285714285714285,0.14285714285714285,0.14285714285714285,0.14285714285714285,0.14285714285714285,0.0,TN,0.9999999999964029
0.14285714285714285,0.14285714285714285,0.14285714285714285,0.14285714285714285,0.14285714285714285,0.14285714285714285,0.14285714285714285,0.0,TN,0.9999999999964029
0.037780656876421716,0.0240008150108441,0.25515369956170036,0.11887683362868959,0.3515400028113549,0.004829890285232005,0.06047969527519161,0.14733840655056563,TN,0.7983202738459513
0.024628788335343803,0.12420679213601331,0.006946711875068822,0.001454452309059798,0.011904074645173315,0.36896565779413437,0.22675934187145422,0.23513418103375233,TN,0.7174041559117502
0.14285714285714285,0.14285714285714285,0.14285714285714285,0.14285714285714285,0.14285714285714285,0.14285714285714285,0.14285714285714285,0.0,TN,0.9999999999964029
0.14285714285714285,0.14285714285714285,0.14285714285714285,0.14285714285714285,0.14285714285714285,0.14285714285714285,0.14285714285714285,0.0,TN,0.9999999999964029
0.14285714285714285,0.14285714285714285,0.14285714285714285,0.14285714285714285,0.14285714285714285,0.14285714285714285,0.14285714285714285,0.0,TN,0.9999999999964029
0.08369536760518057,0.04280200924405711,0.5135440289979026,1.781581451247218e-05,0.01833604499104021,0.06670070897145054,0.1353914531367034,0.13951257123915303,TN,0.7138208366158244
0.14285714285714285,0.14285714285714285,0.14285714285714285,0.14285714285714285,0.14285714285714285,0.14285714285714285,0.14285714285714285,0.0,TN,0.9999999999964029
0.14285714285714285,0.14285714285714285,0.14285714285714285,0.14285714285714285,0.14285714285714285,0.14285714285714285,0.14285714285714285,0.0,TN,0.9999999999964029
0.14285714285714285,0.14285714285714285,0.14285714285714285,0.14285714285714285,0.14285714285714285,0.14285714285714285,0.14285714285714285,0.0,TN,0.9999999999964029
0.14285714285714285,0.14285714285714285,0.14285714285714285,0.14285714285714285,0.14285714285714285,0.14285714285714285,0.14285714285714285,0.0,TN,0.9999999999964029
0.026909546956446807,0.07086206894621205,0.043222099941641626,0.5052808062613116,0.034510090978219374,0.01616217119530775,0.3030532157208609,0.0,TN,0.673314682160062
0.14285714285714285,0.14285714285714285,0.14285714285714285,0.14285714285714285,0.14285714285714285,0.14285714285714285,0.14285714285714285,0.0,TN,0.9999999999964029
0.14285714285714285,0.14285714285714285,0.14285714285714285,0.14285714285714285,0.14285714285714285,0.14285714285714285,0.14285714285714285,0.0,TN,0.9999999999964029
0.14285714285714285,0.14285714285714285,0.14285714285714285,0.14285714285714285,0.14285714285714285,0.14285714285714285,0.14285714285714285,0.0,TN,0.9999999999964029
0.14285714285714285,0.14285714285714285,0.14285714285714285,0.14285714285714285,0.14285714285714285,0.14285714285714285,0.14285714285714285,0.0,TN,0.9999999999964029
0.14285714285714285,0.14285714285714285,0.14285714285714285,0.14285714285714285,0.14285714285714285,0.14285714285714285,0.14285714285714285,0.0,TN,0.9999999999964029
0.14285714285714285,0.14285714285714285,0.14285714285714285,0.14285714285714285,0.14285714285714285,0.14285714285714285,0.14285714285714285,0.0,TN,0.9999999999964029
0.14285714285714285,0.14285714285714285,0.14285714285714285,0.14285714285714285,0.14285714285714285,0.14285714285714285,0.14285714285714285,0.0,TN,0.9999999999964029
0.14285714285714285,0.14285714285714285,0.14285714285714285,0.14285714285714285,0.14285714285714285,0.14285714285714285,0.14285714285714285,0.0,TN,0.9999999999964029
0.14285714285714285,0.14285714285714285,0.14285714285714285,0.14285714285714285,0.14285714285714285,0.14285714285714285,0.14285714285714285,0.0,TN,0.9999999999964029
0.14285714285714285,0.14285714285714285,0.14285714285714285,0.14285714285714285,0.14285714285714285,0.14285714285714285,0.14285714285714285,0.0,TN,0.9999999999964029
0.10036470811784139,0.2129484445148151,0.27412966297803837,0.1361139605480954,0.011349145116659664,0.11612136280992112,0.14897271591462893,0.0,TN,0.9100157370252691
0.14285714285714285,0.14285714285714285,0.14285714285714285,0.14285714285714285,0.14285714285714285,0.14285714285714285,0.14285714285714285,0.0,TN,0.9999999999964029
0.14285714285714285,0.14285714285714285,0.14285714285714285,0.14285714285714285,0.14285714285714285,0.14285714285714285,0.14285714285714285,0.0,TN,0.9999999999964029
0.14285714285714285,0.14285714285714285,0.14285714285714285,0.14285714285714285,0.14285714285714285,0.14285714285714285,0.14285714285714285,0.0,TN,0.9999999999964029
0.14285714285714285,0.14285714285714285,0.14285714285714285,0.14285714285714285,0.14285714285714285,0.14285714285714285,0.14285714285714285,0.0,TN,0.9999999999964029
0.14285714285714285,0.14285714285714285,0.14285714285714285,0.14285714285714285,0.14285714285714285,0.14285714285714285,0.14285714285714285,0.0,TN,0.9999999999964029
0.14285714285714285,0.14285714285714285,0.14285714285714285,0.14285714285714285,0.14285714285714285,0.14285714285714285,0.14285714285714285,0.0,TN,0.9999999999964029
0.14285714285714285,0.14285714285714285,0.14285714285714285,0.14285714285714285,0.14285714285714285,0.14285714285714285,0.14285714285714285,0.0,TN,0.9999999999964029
0.14285714285714285,0.14285714285714285,0.14285714285714285,0.14285714285714285,0.14285714285714285,0.14285714285714285,0.14285714285714285,0.0,TN,0.9999999999964029
0.14285714285714285,0.14285714285714285,0.14285714285714285,0.14285714285714285,0.14285714285714285,0.14285714285714285,0.14285714285714285,0.0,TN,0.9999999999964029
0.14285714285714285,0.14285714285714285,0.14285714285714285,0.14285714285714285,0.14285714285714285,0.14285714285714285,0.14285714285714285,0.0,TN,0.9999999999964029
0.14285714285714285,0.14285714285714285,0.14285714285714285,0.14285714285714285,0.14285714285714285,0.14285714285714285,0.14285714285714285,0.0,TN,0.9999999999964029
0.14285714285714285,0.14285714285714285,0.14285714285714285,0.14285714285714285,0.14285714285714285,0.14285714285714285,0.14285714285714285,0.0,TN,0.9999999999964029
0.14285714285714285,0.14285714285714285,0.14285714285714285,0.14285714285714285,0.14285714285714285,0.14285714285714285,0.14285714285714285,0.0,TN,0.9999999999964029
0.14285714285714285,0.14285714285714285,0.14285714285714285,0.14285714285714285,0.14285714285714285,0.14285714285714285,0.14285714285714285,0.0,TN,0.9999999999964029
0.14285714285714285,0.14285714285714285,0.14285714285714285,0.14285714285714285,0.14285714285714285,0.14285714285714285,0.14285714285714285,0.0,TN,0.9999999999964029
0.06315258399605689,0.27945163885470814,0.3862369965104195,0.0008685497386995742,0.08774625275451217,0.07317366843195414,0.0814985843603066,0.027871725353343063,TN,0.775806176707687
0.004853808745107583,0.0742515467654207,0.41306425155022825,0.029535124588668724,0.01566242064936561,0.20211722668356166,0.04080400704801854,0.21971161396962874,TN,0.7405520536552763
0.14285714285714285,0.14285714285714285,0.14285714285714285,0.14285714285714285,0.14285714285714285,0.14285714285714285,0.14285714285714285,0.0,TN,0.9999999999964029
0.05358115804519406,0.46355473615504666,0.07697969540191432,0.014822095050831057,0.09848092763720274,0.275614372346116,0.016967015363695076,0.0,TN,0.7326411602676692
0.36678925747616803,0.04631411480977742,0.021180346787852092,0.16778370017969196,0.1459268301315641,0.17622108714628526,0.016106854313704337,0.05967780915495673,TN,0.8236910235359951
0.14285714285714285,0.14285714285714285,0.14285714285714285,0.14285714285714285,0.14285714285714285,0.14285714285714285,0.14285714285714285,0.0,TN,0.9999999999964029
0.14285714285714285,0.14285714285714285,0.14285714285714285,0.14285714285714285,0.14285714285714285,0.14285714285714285,0.14285714285714285,0.0,TN,0.9999999999964029
0.14285714285714285,0.14285714285714285,0.14285714285714285,0.14285714285714285,0.14285714285714285,0.14285714285714285,0.14285714285714285,0.0,TN,0.9999999999964029
0.14285714285714285,0.14285714285714285,0.14285714285714285,0.14285714285714285,0.14285714285714285,0.14285714285714285,0.14285714285714285,0.0,TN,0.9999999999964029
0.14285714285714285,0.14285714285714285,0.14285714285714285,0.14285714285714285,0.14285714285714285,0.14285714285714285,0.14285714285714285,0.0,TN,0.9999999999964029
0.14285714285714285,0.14285714285714285,0.14285714285714285,0.14285714285714285,0.14285714285714285,0.14285714285714285,0.14285714285714285,0.0,TN,0.9999999999964029
0.14285714285714285,0.14285714285714285,0.14285714285714285,0.14285714285714285,0.14285714285714285,0.14285714285714285,0.14285714285714285,0.0,TN,0.9999999999964029
0.14285714285714285,0.14285714285714285,0.14285714285714285,0.14285714285714285,0.14285714285714285,0.14285714285714285,0.14285714285714285,0.0,TN,0.9999999999964029
0.14285714285714285,0.14285714285714285,0.14285714285714285,0.14285714285714285,0.14285714285714285,0.14285714285714285,0.14285714285714285,0.0,TN,0.9999999999964029
0.14285714285714285,0.14285714285714285,0.14285714285714285,0.14285714285714285,0.14285714285714285,0.14285714285714285,0.14285714285714285,0.0,TN,0.9999999999964029
0.060806921807124104,0.09844826736297538,0.05606193366944945,0.1946822416016185,0.04706709193376622,0.05958717437451415,0.4833463692505522,0.0,TN,0.7923786779760519
0.14285714285714285,0.14285714285714285,0.14285714285714285,0.14285714285714285,0.14285714285714285,0.14285714285714285,0.14285714285714285,0.0,TN,0.9999999999964029
0.14285714285714285,0.14285714285714285,0.14285714285714285,0.14285714285714285,0.14285714285714285,0.14285714285714285,0.14285714285714285,0.0,TN,0.9999999999964029
0.26728074288246684,0.05363821321166568,0.21688287921625757,0.0625112919904637,0.1090458341010971,0.19513194616915885,0.06919534254049978,0.026313749888390504,TN,0.892262491562843
0.14285714285714285,0.14285714285714285,0.14285714285714285,0.14285714285714285,0.14285714285714285,0.14285714285714285,0.14285714285714285,0.0,TN,0.9999999999964029
0.14285714285714285,0.14285714285714285,0.14285714285714285,0.14285714285714285,0.14285714285714285,0.14285714285714285,0.14285714285714285,0.0,TN,0.9999999999964029
0.14285714285714285,0.14285714285714285,0.14285714285714285,0.14285714285714285,0.14285714285714285,0.14285714285714285,0.14285714285714285,0.0,TN,0.9999999999964029
0.18711718247997838,0.11801942634654271,0.3628007451827572,0.03643696122755875,0.1222995453828088,0.11165952008951611,3.2985794110509673e-05,0.06163363349672752,TN,0.8310889321899568
0.14285714285714285,0.14285714285714285,0.14285714285714285,0.14285714285714285,0.14285714285714285,0.14285714285714285,0.14285714285714285,0.0,TN,0.9999999999964029
0.11442795609119115,0.001338343609566022,0.16879529135553722,0.06355165443394487,0.10288272714126451,0.04110513216927572,0.4224497043822829,0.08544919081693753,TN,0.8039308523658547
0.14285714285714285,0.14285714285714285,0.14285714285714285,0.14285714285714285,0.14285714285714285,0.14285714285714285,0.14285714285714285,0.0,TN,0.9999999999964029
0.21882219742099687,0.2728680923386728,0.0025083275646656323,0.020088239292448812,0.18339862157293838,0.09141151207389593,0.1960783023839696,0.014824707352412167,TN,0.8137059467535053
0.14285714285714285,0.14285714285714285,0.14285714285714285,0.14285714285714285,0.14285714285714285,0.14285714285714285,0.14285714285714285,0.0,TN,0.9999999999964029
0.14285714285714285,0.14285714285714285,0.14285714285714285,0.14285714285714285,0.14285714285714285,0.14285714285714285,0.14285714285714285,0.0,TN,0.9999999999964029
0.14285714285714285,0.14285714285714285,0.14285714285714285,0.14285714285714285,0.14285714285714285,0.14285714285714285,0.14285714285714285,0.0,TN,0.9999999999964029
0.14285714285714285,0.14285714285714285,0.14285714285714285,0.14285714285714285,0.14285714285714285,0.14285714285714285,0.14285714285714285,0.0,TN,0.9999999999964029
0.14285714285714285,0.14285714285714285,0.14285714285714285,0.14285714285714285,0.14285714285714285,0.14285714285714285,0.14285714285714285,0.0,TN,0.9999999999964029
0.0053995738082791645,0.027422275346369523,0.20907472238968106,0.1381300910715335,0.3357367103017926,0.17267291219070494,0.01966947256286472,0.09189424232877466,TN,0.8145514036445323
0.14285714285714285,0.14285714285714285,0.14285714285714285,0.14285714285714285,0.14285714285714285,0.14285714285714285,0.14285714285714285,0.0,TN,0.9999999999964029
0.14285714285714285,0.14285714285714285,0.14285714285714285,0.14285714285714285,0.14285714285714285,0.14285714285714285,0.14285714285714285,0.0,TN,0.9999999999964029
0.14285714285714285,0.14285714285714285,0.14285714285714285,0.14285714285714285,0.14285714285714285,0.14285714285714285,0.14285714285714285,0.0,TN,0.9999999999964029
0.14285714285714285,0.14285714285714285,0.14285714285714285,0.14285714285714285,0.14285714285714285,0.14285714285714285,0.14285714285714285,0.0,TN,0.9999999999964029
0.08336780081824177,0.10736858973496122,0.03596113792038727,0.07672849144261128,0.27886636065523235,0.3467969421842275,0.02437665970169968,0.04653401754263888,TN,0.827128904281196
0.00012174931019083546,0.10851648860676807,0.1784659146539465,0.21552730255642316,0.2503837766068546,0.0031767776243984917,0.21167528899023905,0.0321327016511793,TN,0.8100977884577719
0.14285714285714285,0.14285714285714285,0.14285714285714285,0.14285714285714285,0.14285714285714285,0.14285714285714285,0.14285714285714285,0.0,TN,0.9999999999964029
0.0802346416811858,0.30266421007037797,0.34646271006391244,0.11973306845510964,0.008052023942440692,0.005652027039568357,0.13720131874740504,0.0,TN,0.7842695184948291
0.14285714285714285,0.14285714285714285,0.14285714285714285,0.14285714285714285,0.14285714285714285,0.14285714285714285,0.14285714285714285,0.0,TN,0.9999999999964029
0.14285714285714285,0.14285714285714285,0.14285714285714285,0.14285714285714285,0.14285714285714285,0.14285714285714285,0.14285714285714285,0.0,TN,0.9999999999964029
0.14285714285714285,0.14285714285714285,0.14285714285714285,0.14285714285714285,0.14285714285714285,0.14285714285714285,0.14285714285714285,0.0,TN,0.9999999999964029
0.002465601147053742,0.11565340785142693,0.30838272302095154,0.10471673756338666,0.2294825881529593,0.07523827869367455,0.16406066357054735,0.0,TN,0.8696913070651919
0.14285714285714285,0.14285714285714285,0.14285714285714285,0.14285714285714285,0.14285714285714285,0.14285714285714285,0.14285714285714285,0.0,TN,0.9999999999964029
0.01980419133825434,0.08680928165656357,0.017723105138069534,0.15327447021547533,0.06046748512023484,0.17645995586722565,0.36117073574145103,0.12429077492272579,TN,0.8422980280647481
0.017844580741946316,0.14479379888957145,0.12490217154774706,0.19964056294104987,0.09994416894991014,0.1356479005335484,0.27722681639622676,0.0,TN,0.9198627428520921
0.07679375387630047,0.04251597182596954,0.14559079632653177,0.004018637179877159,0.0017415476021331677,0.4179751271133175,0.3113641660758704,0.0,TN,0.705609862661615
0.14285714285714285,0.14285714285714285,0.14285714285714285,0.14285714285714285,0.14285714285714285,0.14285714285714285,0.14285714285714285,0.0,TN,0.9999999999964029
0.023900275647263727,0.21405354017950182,0.06825847209773747,0.0005914484473977651,0.3086939845979299,0.022834585998439797,0.3616676930317296,0.0,TN,0.7316951503675732
0.060164386219637954,0.4017367469461983,0.032652616415491956,0.16956630394935734,0.2998572076581499,0.003622303669743924,0.03240043514142064,0.0,TN,0.7403944377555047
0.15169522791702417,0.3876319758141421,0.12712252049305528,0.13028800339104535,0.03652515691407061,0.13599666701997837,0.030740448450684174,0.0,TN,0.8635713913730009
0.14285714285714285,0.14285714285714285,0.14285714285714285,0.14285714285714285,0.14285714285714285,0.14285714285714285,0.14285714285714285,0.0,TN,0.9999999999964029
0.14285714285714285,0.14285714285714285,0.14285714285714285,0.14285714285714285,0.14285714285714285,0.14285714285714285,0.14285714285714285,0.0,TN,0.9999999999964029
0.14285714285714285,0.14285714285714285,0.14285714285714285,0.14285714285714285,0.14285714285714285,0.14285714285714285,0.14285714285714285,0.0,TN,0.9999999999964029
0.015165216712656278,0.6457137866859198,0.02558477316891343,0.09141952497243176,0.04560173965515109,0.021237618203154014,0.15361210340932907,0.0016652371924445806,TN,0.5672116956054002
0.14285714285714285,0.14285714285714285,0.14285714285714285,0.14285714285714285,0.14285714285714285,0.14285714285714285,0.14285714285714285,0.0,TN,0.9999999999964029
0.02588225586054874,0.2138313794924375,0.006044251447064834,0.018073310035890626,0.1437599235360515,0.1793104971317826,0.4086480271180054,0.004450355378218768,TN,0.723581363345801
0.12335926686912957,0.4345497625586412,0.0070561166505796755,0.11444615253155896,0.03137177254811626,0.18353518981118028,0.045524006303567385,0.06015773272722662,TN,0.7852367413749203
0.005616136570655931,0.24392430828233724,0.15206437973734624,0.24429690908451462,0.14525324595414088,0.015311725824608068,0.13717585323251935,0.05635744131387755,TN,0.8573334900806988
0.14285714285714285,0.14285714285714285,0.14285714285714285,0.14285714285714285,0.14285714285714285,0.14285714285714285,0.14285714285714285,0.0,TN,0.9999999999964029
0.14285714285714285,0.14285714285714285,0.14285714285714285,0.14285714285714285,0.14285714285714285,0.14285714285714285,0.14285714285714285,0.0,TN,0.9999999999964029
0.04825511757856661,0.046233038846750216,0.030173410518059832,0.22592890558523404,0.0953485059361666,0.11146326179173315,0.4138131908123967,0.028784568931092772,TN,0.8011770603350272
0.16633267519052072,0.09095208582598822,0.02001083064860306,0.23032824866884166,0.1861747112138715,0.16912984485975147,0.13707160359242337,0.0,TN,0.9346736588760493
0.14285714285714285,0.14285714285714285,0.14285714285714285,0.14285714285714285,0.14285714285714285,0.14285714285714285,0.14285714285714285,0.0,TN,0.9999999999964029
0.14285714285714285,0.14285714285714285,0.14285714285714285,0.14285714285714285,0.14285714285714285,0.14285714285714285,0.14285714285714285,0.0,TN,0.9999999999964029
0.14285714285714285,0.14285714285714285,0.14285714285714285,0.14285714285714285,0.14285714285714285,0.14285714285714285,0.14285714285714285,0.0,TN,0.9999999999964029
0.358849504024253,0.23257430021495973,0.11377290989457721,0.049119876491191886,0.036325640077609744,0.0043888708171851525,0.141243284777929,0.06372561370229417,TN,0.8167836960860564
0.14285714285714285,0.14285714285714285,0.14285714285714285,0.14285714285714285,0.14285714285714285,0.14285714285714285,0.14285714285714285,0.0,TN,0.9999999999964029
0.11640672083879847,0.06706107097657045,0.014369191439645304,0.09253815741917336,0.06123574962797357,0.07649508181508134,0.4721578121169863,0.09973621576577127,TN,0.800544430981492
0.14285714285714285,0.14285714285714285,0.14285714285714285,0.14285714285714285,0.14285714285714285,0.14285714285714285,0.14285714285714285,0.0,TN,0.9999999999964029
0.14285714285714285,0.14285714285714285,0.14285714285714285,0.14285714285714285,0.14285714285714285,0.14285714285714285,0.14285714285714285,0.0,TN,0.9999999999964029
0.155546593833645,0.19793771422838416,0.2927914765145219,0.10265602736527378,0.06001321934422074,0.16199597577953107,0.02498524932275094,0.004073743611672353,TN,0.8568031892034517
0.049972529122944406,0.08390029709415539,0.034757117055414684,0.15433207268836094,0.01202699826584837,0.5335794509377995,0.0503675214319683,0.08106401340350848,TN,0.7239098471775207
0.14285714285714285,0.14285714285714285,0.14285714285714285,0.14285714285714285,0.14285714285714285,0.14285714285714285,0.14285714285714285,0.0,TN,0.9999999999964029
0.14285714285714285,0.14285714285714285,0.14285714285714285,0.14285714285714285,0.14285714285714285,0.14285714285714285,0.14285714285714285,0.0,TN,0.9999999999964029
0.38006553364010304,0.0659800130282498,0.19755863658004444,0.05114786619634735,0.024588490870991478,0.027725390262535843,0.07581233902958162,0.1771217303921462,TN,0.8233695253818332
0.14285714285714285,0.14285714285714285,0.14285714285714285,0.14285714285714285,0.14285714285714285,0.14285714285714285,0.14285714285714285,0.0,TN,0.9999999999964029
0.08377263939099247,0.03530458060972817,0.03176944402941073,0.0379035090227635,0.03415934357983052,0.18424595642243136,0.07648244405820409,0.516362082886639,TN,0.7330336737262584
0.11862189118381006,0.07342517439197133,0.0038554774907578757,0.3473166183677651,0.0011981220110449766,0.048126666725766445,0.4074560498288843,0.0,TN,0.69543168459232
0.2485694464766374,0.06685935484350802,0.0996283369041312,0.02738812624696286,0.24974335857883134,0.08624759659671519,0.043923496568193915,0.17764028378502014,TN,0.8931492234340651
0.14285714285714285,0.14285714285714285,0.14285714285714285,0.14285714285714285,0.14285714285714285,0.14285714285714285,0.14285714285714285,0.0,TN,0.9999999999964029
0.14285714285714285,0.14285714285714285,0.14285714285714285,0.14285714285714285,0.14285714285714285,0.14285714285714285,0.14285714285714285,0.0,TN,0.9999999999964029
0.06592506615710308,0.10235826997168616,0.47194011926846,0.04301890475881653,0.14009341606893666,0.13338487257881496,0.043279351196182536,0.0,TN,0.8131131108847763
0.14285714285714285,0.14285714285714285,0.14285714285714285,0.14285714285714285,0.14285714285714285,0.14285714285714285,0.14285714285714285,0.0,TN,0.9999999999964029
0.024069345852799795,0.24084596857611,0.4913649289021397,0.08299662805315468,0.057072928233710185,0.08584039691485038,0.01780980346723522,0.0,TN,0.7370412341106821
0.20247285505261353,0.3263718530945247,0.00884963325961582,0.14120841566778197,0.0004485114929202741,0.002805620351468921,0.24129085887543142,0.07655225220564342,TN,0.7534714642208211
0.14285714285714285,0.14285714285714285,0.14285714285714285,0.14285714285714285,0.14285714285714285,0.14285714285714285,0.14285714285714285,0.0,TN,0.9999999999964029
0.14285714285714285,0.14285714285714285,0.14285714285714285,0.14285714285714285,0.14285714285714285,0.14285714285714285,0.14285714285714285,0.0,TN,0.9999999999964029
0.14285714285714285,0.14285714285714285,0.14285714285714285,0.14285714285714285,0.14285714285714285,0.14285714285714285,0.14285714285714285,0.0,TN,0.9999999999964029
0.14285714285714285,0.14285714285714285,0.14285714285714285,0.14285714285714285,0.14285714285714285,0.14285714285714285,0.14285714285714285,0.0,TN,0.9999999999964029
0.14285714285714285,0.14285714285714285,0.14285714285714285,0.14285714285714285,0.14285714285714285,0.14285714285714285,0.14285714285714285,0.0,TN,0.9999999999964029
0.14285714285714285,0.14285714285714285,0.14285714285714285,0.14285714285714285,0.14285714285714285,0.14285714285714285,0.14285714285714285,0.0,TN,0.9999999999964029
0.14285714285714285,0.14285714285714285,0.14285714285714285,0.14285714285714285,0.14285714285714285,0.14285714285714285,0.14285714285714285,0.0,TN,0.9999999999964029
0.14285714285714285,0.14285714285714285,0.14285714285714285,0.14285714285714285,0.14285714285714285,0.14285714285714285,0.14285714285714285,0.0,TN,0.9999999999964029
0.14285714285714285,0.14285714285714285,0.14285714285714285,0.14285714285714285,0.14285714285714285,0.14285714285714285,0.14285714285714285,0.0,TN,0.9999999999964029
0.037950293048927844,0.11102891679963436,0.4779395673518651,0.2234798033442985,0.008659462992321797,0.02303847654140791,0.04493503257531621,0.07296844734622812,TN,0.7282375358020852
0.006583783258555481,0.45249672604884955,0.14613709535992758,0.17343805368119827,0.09106603784392084,0.055739973293762575,0.01800626354710723,0.05653206696667854,TN,0.764952489838649
0.14285714285714285,0.14285714285714285,0.14285714285714285,0.14285714285714285,0.14285714285714285,0.14285714285714285,0.14285714285714285,0.0,TN,0.9999999999964029
0.14285714285714285,0.14285714285714285,0.14285714285714285,0.14285714285714285,0.14285714285714285,0.14285714285714285,0.14285714285714285,0.0,TN,0.9999999999964029
0.14285714285714285,0.14285714285714285,0.14285714285714285,0.14285714285714285,0.14285714285714285,0.14285714285714285,0.14285714285714285,0.0,TN,0.9999999999964029
0.1354654622335764,0.4946226384153492,0.005374915002661685,0.09670767475793711,0.015817673656303172,0.03798817700519868,0.2140234589289737,0.0,TN,0.7157488298548708
0.14285714285714285,0.14285714285714285,0.14285714285714285,0.14285714285714285,0.14285714285714285,0.14285714285714285,0.14285714285714285,0.0,TN,0.9999999999964029
0.002741843810180491,0.4823036160781586,0.09380113631768679,0.10474187149048438,0.02662470330107074,0.052682752107247405,0.1791935182860204,0.05791055860915111,TN,0.7457996193656437
0.14285714285714285,0.14285714285714285,0.14285714285714285,0.14285714285714285,0.14285714285714285,0.14285714285714285,0.14285714285714285,0.0,TN,0.9999999999964029
0.14285714285714285,0.14285714285714285,0.14285714285714285,0.14285714285714285,0.14285714285714285,0.14285714285714285,0.14285714285714285,0.0,TN,0.9999999999964029
0.14285714285714285,0.14285714285714285,0.14285714285714285,0.14285714285714285,0.14285714285714285,0.14285714285714285,0.14285714285714285,0.0,TN,0.9999999999964029
0.14285714285714285,0.14285714285714285,0.14285714285714285,0.14285714285714285,0.14285714285714285,0.14285714285714285,0.14285714285714285,0.0,TN,0.9999999999964029
0.14285714285714285,0.14285714285714285,0.14285714285714285,0.14285714285714285,0.14285714285714285,0.14285714285714285,0.14285714285714285,0.0,TN,0.9999999999964029
0.14285714285714285,0.14285714285714285,0.14285714285714285,0.14285714285714285,0.14285714285714285,0.14285714285714285,0.14285714285714285,0.0,TN,0.9999999999964029
0.14285714285714285,0.14285714285714285,0.14285714285714285,0.14285714285714285,0.14285714285714285,0.14285714285714285,0.14285714285714285,0.0,TN,0.9999999999964029
0.14285714285714285,0.14285714285714285,0.14285714285714285,0.14285714285714285,0.14285714285714285,0.14285714285714285,0.14285714285714285,0.0,TN,0.9999999999964029
0.14285714285714285,0.14285714285714285,0.14285714285714285,0.14285714285714285,0.14285714285714285,0.14285714285714285,0.14285714285714285,0.0,TN,0.9999999999964029
0.14285714285714285,0.14285714285714285,0.14285714285714285,0.14285714285714285,0.14285714285714285,0.14285714285714285,0.14285714285714285,0.0,TN,0.9999999999964029
0.06632612513890317,0.45913656194127833,0.009816402969007284,0.04233380118092842,0.053395337176756055,0.08699437140845204,0.10781378365300211,0.1741836165316726,TN,0.7838821455452765
0.14285714285714285,0.14285714285714285,0.14285714285714285,0.14285714285714285,0.14285714285714285,0.14285714285714285,0.14285714285714285,0.0,TN,0.9999999999964029
0.1469975769576967,0.32337260337930224,0.14584501221297852,0.028160912565936207,0.08745204227673947,0.006677487277594569,0.11665868907516104,0.14483567625459148,TN,0.8681431878165791
0.01751369986414941,0.03592836855416341,0.04129446032590658,0.005982461278277329,0.3289546443832647,0.4190922197876555,0.014359321680826135,0.13687482412575705,TN,0.68091418222865
0.14285714285714285,0.14285714285714285,0.14285714285714285,0.14285714285714285,0.14285714285714285,0.14285714285714285,0.14285714285714285,0.0,TN,0.9999999999964029
0.14285714285714285,0.14285714285714285,0.14285714285714285,0.14285714285714285,0.14285714285714285,0.14285714285714285,0.14285714285714285,0.0,TN,0.9999999999964029
0.14285714285714285,0.14285714285714285,0.14285714285714285,0.14285714285714285,0.14285714285714285,0.14285714285714285,0.14285714285714285,0.0,TN,0.9999999999964029
0.14285714285714285,0.14285714285714285,0.14285714285714285,0.14285714285714285,0.14285714285714285,0.14285714285714285,0.14285714285714285,0.0,TN,0.9999999999964029
0.14285714285714285,0.14285714285714285,0.14285714285714285,0.14285714285714285,0.14285714285714285,0.14285714285714285,0.14285714285714285,0.0,TN,0.9999999999964029
0.0830229158066212,0.15155629009943183,0.021370058214879445,0.24049032771630902,0.05101628271585832,0.00822996358510928,0.42088536546629596,0.023428796395494802,TN,0.7506622096391051
0.14285714285714285,0.14285714285714285,0.14285714285714285,0.14285714285714285,0.14285714285714285,0.14285714285714285,0.14285714285714285,0.0,TN,0.9999999999964029
0.1436182856434003,0.18887275091239736,0.23895212022994688,0.005880858818518726,0.12573755096598455,0.044351867020347234,0.0034884084900286745,0.2490981579193763,TN,0.8322558043468697
0.052998925317644635,0.04732990321182438,0.2398310906242938,0.01065698705751312,0.1391211058931497,0.06348341267231618,0.26632923121618973,0.18024934400706846,TN,0.8663532636923515
0.14285714285714285,0.14285714285714285,0.14285714285714285,0.14285714285714285,0.14285714285714285,0.14285714285714285,0.14285714285714285,0.0,TN,0.9999999999964029
0.14285714285714285,0.14285714285714285,0.14285714285714285,0.14285714285714285,0.14285714285714285,0.14285714285714285,0.14285714285714285,0.0,TN,0.9999999999964029
0.020769825746769183,0.11426352714788003,0.49116286245107427,0.03075931283423338,0.06487993709631897,0.1310095483225566,0.010547180264241845,0.1366078061369259,TN,0.7445812304184161
0.06308081971096212,0.0031043828842806727,0.16601581524849546,0.014700894571605406,0.43170335058512477,0.0027429217654161273,0.21634392998149257,0.10230788525262294,TN,0.7192511435362559
0.14285714285714285,0.14285714285714285,0.14285714285714285,0.14285714285714285,0.14285714285714285,0.14285714285714285,0.14285714285714285,0.0,TN,0.9999999999964029
0.14285714285714285,0.14285714285714285,0.14285714285714285,0.14285714285714285,0.14285714285714285,0.14285714285714285,0.14285714285714285,0.0,TN,0.9999999999964029
0.14285714285714285,0.14285714285714285,0.14285714285714285,0.14285714285714285,0.14285714285714285,0.14285714285714285,0.14285714285714285,0.0,TN,0.9999999999964029
0.14285714285714285,0.14285714285714285,0.14285714285714285,0.14285714285714285,0.14285714285714285,0.14285714285714285,0.14285714285714285,0.0,TN,0.9999999999964029
0.14285714285714285,0.14285714285714285,0.14285714285714285,0.14285714285714285,0.14285714285714285,0.14285714285714285,0.14285714285714285,0.0,TN,0.9999999999964029
0.14285714285714285,0.14285714285714285,0.14285714285714285,0.14285714285714285,0.14285714285714285,0.14285714285714285,0.14285714285714285,0.0,TN,0.9999999999964029
0.14285714285714285,0.14285714285714285,0.14285714285714285,0.14285714285714285,0.14285714285714285,0.14285714285714285,0.14285714285714285,0.0,TN,0.9999999999964029
0.14285714285714285,0.14285714285714285,0.14285714285714285,0.14285714285714285,0.14285714285714285,0.14285714285714285,0.14285714285714285,0.0,TN,0.9999999999964029
0.14285714285714285,0.14285714285714285,0.14285714285714285,0.14285714285714285,0.14285714285714285,0.14285714285714285,0.14285714285714285,0.0,TN,0.9999999999964029
0.14285714285714285,0.14285714285714285,0.14285714285714285,0.14285714285714285,0.14285714285714285,0.14285714285714285,0.14285714285714285,0.0,TN,0.9999999999964029
0.14285714285714285,0.14285714285714285,0.14285714285714285,0.14285714285714285,0.14285714285714285,0.14285714285714285,0.14285714285714285,0.0,TN,0.9999999999964029
0.14285714285714285,0.14285714285714285,0.14285714285714285,0.14285714285714285,0.14285714285714285,0.14285714285714285,0.14285714285714285,0.0,TN,0.9999999999964029
0.14285714285714285,0.14285714285714285,0.14285714285714285,0.14285714285714285,0.14285714285714285,0.14285714285714285,0.14285714285714285,0.0,TN,0.9999999999964029
0.14285714285714285,0.14285714285714285,0.14285714285714285,0.14285714285714285,0.14285714285714285,0.14285714285714285,0.14285714285714285,0.0,TN,0.9999999999964029
0.17883478414598705,0.17891673013213588,0.027527675287983104,0.056386624606083235,0.051537239418400466,0.043050447432494664,0.3887558629614737,0.07499063601544194,TN,0.8302919404377479
0.14285714285714285,0.14285714285714285,0.14285714285714285,0.14285714285714285,0.14285714285714285,0.14285714285714285,0.14285714285714285,0.0,TN,0.9999999999964029
0.14285714285714285,0.14285714285714285,0.14285714285714285,0.14285714285714285,0.14285714285714285,0.14285714285714285,0.14285714285714285,0.0,TN,0.9999999999964029
0.14285714285714285,0.14285714285714285,0.14285714285714285,0.14285714285714285,0.14285714285714285,0.14285714285714285,0.14285714285714285,0.0,TN,0.9999999999964029
0.14285714285714285,0.14285714285714285,0.14285714285714285,0.14285714285714285,0.14285714285714285,0.14285714285714285,0.14285714285714285,0.0,TN,0.9999999999964029
0.14285714285714285,0.14285714285714285,0.14285714285714285,0.14285714285714285,0.14285714285714285,0.14285714285714285,0.14285714285714285,0.0,TN,0.9999999999964029
0.14285714285714285,0.14285714285714285,0.14285714285714285,0.14285714285714285,0.14285714285714285,0.14285714285714285,0.14285714285714285,0.0,TN,0.9999999999964029
0.14285714285714285,0.14285714285714285,0.14285714285714285,0.14285714285714285,0.14285714285714285,0.14285714285714285,0.14285714285714285,0.0,TN,0.9999999999964029
0.14285714285714285,0.14285714285714285,0.14285714285714285,0.14285714285714285,0.14285714285714285,0.14285714285714285,0.14285714285714285,0.0,TN,0.9999999999964029
0.14285714285714285,0.14285714285714285,0.14285714285714285,0.14285714285714285,0.14285714285714285,0.14285714285714285,0.14285714285714285,0.0,TN,0.9999999999964029
0.14285714285714285,0.14285714285714285,0.14285714285714285,0.14285714285714285,0.14285714285714285,0.14285714285714285,0.14285714285714285,0.0,TN,0.9999999999964029
0.14285714285714285,0.14285714285714285,0.14285714285714285,0.14285714285714285,0.14285714285714285,0.14285714285714285,0.14285714285714285,0.0,TN,0.9999999999964029
0.14285714285714285,0.14285714285714285,0.14285714285714285,0.14285714285714285,0.14285714285714285,0.14285714285714285,0.14285714285714285,0.0,TN,0.9999999999964029
0.14285714285714285,0.14285714285714285,0.14285714285714285,0.14285714285714285,0.14285714285714285,0.14285714285714285,0.14285714285714285,0.0,TN,0.9999999999964029
0.14285714285714285,0.14285714285714285,0.14285714285714285,0.14285714285714285,0.14285714285714285,0.14285714285714285,0.14285714285714285,0.0,TN,0.9999999999964029
0.14285714285714285,0.14285714285714285,0.14285714285714285,0.14285714285714285,0.14285714285714285,0.14285714285714285,0.14285714285714285,0.0,TN,0.9999999999964029
0.14285714285714285,0.14285714285714285,0.14285714285714285,0.14285714285714285,0.14285714285714285,0.14285714285714285,0.14285714285714285,0.0,TN,0.9999999999964029
0.14285714285714285,0.14285714285714285,0.14285714285714285,0.14285714285714285,0.14285714285714285,0.14285714285714285,0.14285714285714285,0.0,TN,0.9999999999964029
0.00045727152171923274,0.004631229398417754,0.24040904566339527,0.2621874460114859,0.0896044681791205,0.3561561403916465,0.046554398834214875,0.0,TN,0.7444933074711165
0.06030851082328386,0.009109019987447004,0.07725921210357602,0.04656695008882079,0.02968507546616411,0.32519796894869674,0.12989317375034662,0.3219800888316652,TN,0.7946938990899618
0.2158934651380217,0.0068783303897969154,0.12977319701743725,0.40058467595406655,0.06737051052690532,0.005026768050978386,0.1744730529227939,0.0,TN,0.7757997740923559
0.14285714285714285,0.14285714285714285,0.14285714285714285,0.14285714285714285,0.14285714285714285,0.14285714285714285,0.14285714285714285,0.0,TN,0.9999999999964029
0.14285714285714285,0.14285714285714285,0.14285714285714285,0.14285714285714285,0.14285714285714285,0.14285714285714285,0.14285714285714285,0.0,TN,0.9999999999964029
0.14285714285714285,0.14285714285714285,0.14285714285714285,0.14285714285714285,0.14285714285714285,0.14285714285714285,0.14285714285714285,0.0,TN,0.9999999999964029
0.14285714285714285,0.14285714285714285,0.14285714285714285,0.14285714285714285,0.14285714285714285,0.14285714285714285,0.14285714285714285,0.0,TN,0.9999999999964029
0.14285714285714285,0.14285714285714285,0.14285714285714285,0.14285714285714285,0.14285714285714285,0.14285714285714285,0.14285714285714285,0.0,TN,0.9999999999964029
0.1915184548527959,0.0001530296787564623,0.2203673747554953,0.0005670691390362336,0.06840297596909986,0.012672440354745242,0.5015279156634309,0.004790739586640302,TN,0.6087901124673223
0.14285714285714285,0.14285714285714285,0.14285714285714285,0.14285714285714285,0.14285714285714285,0.14285714285714285,0.14285714285714285,0.0,TN,0.9999999999964029
0.043863600430150904,0.3349023176435678,0.1904266968179231,0.06661440418634623,0.29775485409959906,0.06558202272508003,0.0008561040973329687,0.0,TN,0.7940846328374292
0.14285714285714285,0.14285714285714285,0.14285714285714285,0.14285714285714285,0.14285714285714285,0.14285714285714285,0.14285714285714285,0.0,TN,0.9999999999964029
0.14285714285714285,0.14285714285714285,0.14285714285714285,0.14285714285714285,0.14285714285714285,0.14285714285714285,0.14285714285714285,0.0,TN,0.9999999999964029
0.14285714285714285,0.14285714285714285,0.14285714285714285,0.14285714285714285,0.14285714285714285,0.14285714285714285,0.14285714285714285,0.0,TN,0.9999999999964029
0.07307890030399539,0.0020829147880835337,0.10529928938350408,0.21595996099233958,0.1633987138778846,0.1593296953011612,0.28085052535303157,0.0,TN,0.882563216703271
0.14285714285714285,0.14285714285714285,0.14285714285714285,0.14285714285714285,0.14285714285714285,0.14285714285714285,0.14285714285714285,0.0,TN,0.9999999999964029
0.14285714285714285,0.14285714285714285,0.14285714285714285,0.14285714285714285,0.14285714285714285,0.14285714285714285,0.14285714285714285,0.0,TN,0.9999999999964029
0.14285714285714285,0.14285714285714285,0.14285714285714285,0.14285714285714285,0.14285714285714285,0.14285714285714285,0.14285714285714285,0.0,TN,0.9999999999964029
0.14285714285714285,0.14285714285714285,0.14285714285714285,0.14285714285714285,0.14285714285714285,0.14285714285714285,0.14285714285714285,0.0,TN,0.9999999999964029
0.14285714285714285,0.14285714285714285,0.14285714285714285,0.14285714285714285,0.14285714285714285,0.14285714285714285,0.14285714285714285,0.0,TN,0.9999999999964029
0.14285714285714285,0.14285714285714285,0.14285714285714285,0.14285714285714285,0.14285714285714285,0.14285714285714285,0.14285714285714285,0.0,TN,0.9999999999964029
0.14285714285714285,0.14285714285714285,0.14285714285714285,0.14285714285714285,0.14285714285714285,0.14285714285714285,0.14285714285714285,0.0,TN,0.9999999999964029
0.14285714285714285,0.14285714285714285,0.14285714285714285,0.14285714285714285,0.14285714285714285,0.14285714285714285,0.14285714285714285,0.0,TN,0.9999999999964029
0.14285714285714285,0.14285714285714285,0.14285714285714285,0.14285714285714285,0.14285714285714285,0.14285714285714285,0.14285714285714285,0.0,TN,0.9999999999964029
0.14285714285714285,0.14285714285714285,0.14285714285714285,0.14285714285714285,0.14285714285714285,0.14285714285714285,0.14285714285714285,0.0,TN,0.9999999999964029
0.09529424654011699,0.11392114773619823,0.0437011981857603,0.12384498116358786,0.2321293470396945,0.2983997152314077,0.05648007681573021,0.03622928728750411,TN,0.8893535386087538
0.14285714285714285,0.14285714285714285,0.14285714285714285,0.14285714285714285,0.14285714285714285,0.14285714285714285,0.14285714285714285,0.0,TN,0.9999999999964029
0.7935620865831123,0.12405126213013931,0.011090894055853236,0.02028467853340113,0.016715463357517408,0.025216672093116597,0.00907894324686,0.0,TN,0.3984090577105667
0.14285714285714285,0.14285714285714285,0.14285714285714285,0.14285714285714285,0.14285714285714285,0.14285714285714285,0.14285714285714285,0.0,TN,0.9999999999964029
0.14285714285714285,0.14285714285714285,0.14285714285714285,0.14285714285714285,0.14285714285714285,0.14285714285714285,0.14285714285714285,0.0,TN,0.9999999999964029
0.14285714285714285,0.14285714285714285,0.14285714285714285,0.14285714285714285,0.14285714285714285,0.14285714285714285,0.14285714285714285,0.0,TN,0.9999999999964029
0.14285714285714285,0.14285714285714285,0.14285714285714285,0.14285714285714285,0.14285714285714285,0.14285714285714285,0.14285714285714285,0.0,TN,0.9999999999964029
0.14285714285714285,0.14285714285714285,0.14285714285714285,0.14285714285714285,0.14285714285714285,0.14285714285714285,0.14285714285714285,0.0,TN,0.9999999999964029
0.14285714285714285,0.14285714285714285,0.14285714285714285,0.14285714285714285,0.14285714285714285,0.14285714285714285,0.14285714285714285,0.0,TN,0.9999999999964029
0.05497282204271182,0.043663275445629465,0.5434209955445827,0.09594306224944771,0.060449312853056714,0.03460126557695745,0.033795253072242876,0.13315401321537132,TN,0.7316685281035508
0.14285714285714285,0.14285714285714285,0.14285714285714285,0.14285714285714285,0.14285714285714285,0.14285714285714285,0.14285714285714285,0.0,TN,0.9999999999964029
0.14285714285714285,0.14285714285714285,0.14285714285714285,0.14285714285714285,0.14285714285714285,0.14285714285714285,0.14285714285714285,0.0,TN,0.9999999999964029
0.05886085501444797,0.04932964407218591,0.004735528010997429,0.2327269730320825,0.020238784477869014,0.12369080364548005,0.27703423948276207,0.23338317226417518,TN,0.8235140842956772
0.14285714285714285,0.14285714285714285,0.14285714285714285,0.14285714285714285,0.14285714285714285,0.14285714285714285,0.14285714285714285,0.0,TN,0.9999999999964029
0.14285714285714285,0.14285714285714285,0.14285714285714285,0.14285714285714285,0.14285714285714285,0.14285714285714285,0.14285714285714285,0.0,TN,0.9999999999964029
0.14285714285714285,0.14285714285714285,0.14285714285714285,0.14285714285714285,0.14285714285714285,0.14285714285714285,0.14285714285714285,0.0,TN,0.9999999999964029
0.14285714285714285,0.14285714285714285,0.14285714285714285,0.14285714285714285,0.14285714285714285,0.14285714285714285,0.14285714285714285,0.0,TN,0.9999999999964029
0.14285714285714285,0.14285714285714285,0.14285714285714285,0.14285714285714285,0.14285714285714285,0.14285714285714285,0.14285714285714285,0.0,TN,0.9999999999964029
0.05128520034227803,0.003557012456037326,0.016191718449955688,0.006358903460621335,0.6971007916276791,0.1794360384706949,0.04484110698558335,0.0012292282071502106,TN,0.47058870022258525
0.14285714285714285,0.14285714285714285,0.14285714285714285,0.14285714285714285,0.14285714285714285,0.14285714285714285,0.14285714285714285,0.0,TN,0.9999999999964029
0.14285714285714285,0.14285714285714285,0.14285714285714285,0.14285714285714285,0.14285714285714285,0.14285714285714285,0.14285714285714285,0.0,TN,0.9999999999964029
0.14285714285714285,0.14285714285714285,0.14285714285714285,0.14285714285714285,0.14285714285714285,0.14285714285714285,0.14285714285714285,0.0,TN,0.9999999999964029
0.031104919418572106,0.015410594703328562,0.006855303990889488,0.2545062079070191,0.47571979154541744,0.007295626650602256,0.0062010852673168955,0.20290647051685412,TN,0.6247653210680486
0.0001679871138628217,0.014981003660702055,0.5672177440283449,0.21231966690356746,0.05137121976377923,0.023373419118251474,0.130568959411492,0.0,TN,0.6275500445804914
0.14285714285714285,0.14285714285714285,0.14285714285714285,0.14285714285714285,0.14285714285714285,0.14285714285714285,0.14285714285714285,0.0,TN,0.9999999999964029
0.14285714285714285,0.14285714285714285,0.14285714285714285,0.14285714285714285,0.14285714285714285,0.14285714285714285,0.14285714285714285,0.0,TN,0.9999999999964029
0.14285714285714285,0.14285714285714285,0.14285714285714285,0.14285714285714285,0.14285714285714285,0.14285714285714285,0.14285714285714285,0.0,TN,0.9999999999964029
0.14285714285714285,0.14285714285714285,0.14285714285714285,0.14285714285714285,0.14285714285714285,0.14285714285714285,0.14285714285714285,0.0,TN,0.9999999999964029
0.14285714285714285,0.14285714285714285,0.14285714285714285,0.14285714285714285,0.14285714285714285,0.14285714285714285,0.14285714285714285,0.0,TN,0.9999999999964029
0.17048986480348338,0.21635767163318131,0.033254850595190885,0.07079417498858041,0.12887778781388082,0.007014703904733829,0.3435754339496996,0.029635512311249713,TN,0.819281661503174
0.14285714285714285,0.14285714285714285,0.14285714285714285,0.14285714285714285,0.14285714285714285,0.14285714285714285,0.14285714285714285,0.0,TN,0.9999999999964029
0.14285714285714285,0.14285714285714285,0.14285714285714285,0.14285714285714285,0.14285714285714285,0.14285714285714285,0.14285714285714285,0.0,TN,0.9999999999964029
0.14285714285714285,0.14285714285714285,0.14285714285714285,0.14285714285714285,0.14285714285714285,0.14285714285714285,0.14285714285714285,0.0,TN,0.9999999999964029
0.14285714285714285,0.14285714285714285,0.14285714285714285,0.14285714285714285,0.14285714285714285,0.14285714285714285,0.14285714285714285,0.0,TN,0.9999999999964029
0.14285714285714285,0.14285714285714285,0.14285714285714285,0.14285714285714285,0.14285714285714285,0.14285714285714285,0.14285714285714285,0.0,TN,0.9999999999964029
0.05363797595829499,0.3473365189928105,0.17671507466203384,0.05188432860248484,0.07131144115992562,0.11909013580920995,0.18002452481524028,0.0,TN,0.8913116939002129
0.14285714285714285,0.14285714285714285,0.14285714285714285,0.14285714285714285,0.14285714285714285,0.14285714285714285,0.14285714285714285,0.0,TN,0.9999999999964029
0.14285714285714285,0.14285714285714285,0.14285714285714285,0.14285714285714285,0.14285714285714285,0.14285714285714285,0.14285714285714285,0.0,TN,0.9999999999964029
0.14285714285714285,0.14285714285714285,0.14285714285714285,0.14285714285714285,0.14285714285714285,0.14285714285714285,0.14285714285714285,0.0,TN,0.9999999999964029
0.14285714285714285,0.14285714285714285,0.14285714285714285,0.14285714285714285,0.14285714285714285,0.14285714285714285,0.14285714285714285,0.0,TN,0.9999999999964029
0.14285714285714285,0.14285714285714285,0.14285714285714285,0.14285714285714285,0.14285714285714285,0.14285714285714285,0.14285714285714285,0.0,TN,0.9999999999964029
0.14285714285714285,0.14285714285714285,0.14285714285714285,0.14285714285714285,0.14285714285714285,0.14285714285714285,0.14285714285714285,0.0,TN,0.9999999999964029
0.14285714285714285,0.14285714285714285,0.14285714285714285,0.14285714285714285,0.14285714285714285,0.14285714285714285,0.14285714285714285,0.0,TN,0.9999999999964029
0.14285714285714285,0.14285714285714285,0.14285714285714285,0.14285714285714285,0.14285714285714285,0.14285714285714285,0.14285714285714285,0.0,TN,0.9999999999964029
0.14285714285714285,0.14285714285714285,0.14285714285714285,0.14285714285714285,0.14285714285714285,0.14285714285714285,0.14285714285714285,0.0,TN,0.9999999999964029
0.07719694630657578,0.024220840341334687,0.13516121840064596,0.10499152147178063,0.17670336883131682,0.3883730280928652,0.09335307655548095,0.0,TN,0.8684630080368978
0.2906400990782978,0.03667277973776129,0.2720343573269406,0.14881113008878585,0.01926974870269297,0.07635290881312354,0.15621897625239786,0.0,TN,0.8636232679549878
0.14285714285714285,0.14285714285714285,0.14285714285714285,0.14285714285714285,0.14285714285714285,0.14285714285714285,0.14285714285714285,0.0,TN,0.9999999999964029
0.14285714285714285,0.14285714285714285,0.14285714285714285,0.14285714285714285,0.14285714285714285,0.14285714285714285,0.14285714285714285,0.0,TN,0.9999999999964029
0.14285714285714285,0.14285714285714285,0.14285714285714285,0.14285714285714285,0.14285714285714285,0.14285714285714285,0.14285714285714285,0.0,TN,0.9999999999964029
0.14285714285714285,0.14285714285714285,0.14285714285714285,0.14285714285714285,0.14285714285714285,0.14285714285714285,0.14285714285714285,0.0,TN,0.9999999999964029
0.14285714285714285,0.14285714285714285,0.14285714285714285,0.14285714285714285,0.14285714285714285,0.14285714285714285,0.14285714285714285,0.0,TN,0.9999999999964029
0.14285714285714285,0.14285714285714285,0.14285714285714285,0.14285714285714285,0.14285714285714285,0.14285714285714285,0.14285714285714285,0.0,TN,0.9999999999964029
0.14285714285714285,0.14285714285714285,0.14285714285714285,0.14285714285714285,0.14285714285714285,0.14285714285714285,0.14285714285714285,0.0,TN,0.9999999999964029
0.18186546766977138,0.23808822156464693,0.09591522207154571,0.03909343344481416,0.17496091690057194,0.08796924221174915,0.09022780531754686,0.09187969081935382,TN,0.9418195068047301
0.14285714285714285,0.14285714285714285,0.14285714285714285,0.14285714285714285,0.14285714285714285,0.14285714285714285,0.14285714285714285,0.0,TN,0.9999999999964029
0.14285714285714285,0.14285714285714285,0.14285714285714285,0.14285714285714285,0.14285714285714285,0.14285714285714285,0.14285714285714285,0.0,TN,0.9999999999964029
0.14285714285714285,0.14285714285714285,0.14285714285714285,0.14285714285714285,0.14285714285714285,0.14285714285714285,0.14285714285714285,0.0,TN,0.9999999999964029
0.14285714285714285,0.14285714285714285,0.14285714285714285,0.14285714285714285,0.14285714285714285,0.14285714285714285,0.14285714285714285,0.0,TN,0.9999999999964029
0.14285714285714285,0.14285714285714285,0.14285714285714285,0.14285714285714285,0.14285714285714285,0.14285714285714285,0.14285714285714285,0.0,TN,0.9999999999964029
0.14285714285714285,0.14285714285714285,0.14285714285714285,0.14285714285714285,0.14285714285714285,0.14285714285714285,0.14285714285714285,0.0,TN,0.9999999999964029
0.04968285805548563,0.3972442222594799,0.05757315314985116,0.010127066021860155,0.08921179584787389,0.3862553182391225,0.009905586426326697,0.0,TN,0.6965860541403665
0.14285714285714285,0.14285714285714285,0.14285714285714285,0.14285714285714285,0.14285714285714285,0.14285714285714285,0.14285714285714285,0.0,TN,0.9999999999964029
0.14285714285714285,0.14285714285714285,0.14285714285714285,0.14285714285714285,0.14285714285714285,0.14285714285714285,0.14285714285714285,0.0,TN,0.9999999999964029
0.14285714285714285,0.14285714285714285,0.14285714285714285,0.14285714285714285,0.14285714285714285,0.14285714285714285,0.14285714285714285,0.0,TN,0.9999999999964029
0.14285714285714285,0.14285714285714285,0.14285714285714285,0.14285714285714285,0.14285714285714285,0.14285714285714285,0.14285714285714285,0.0,TN,0.9999999999964029
0.14285714285714285,0.14285714285714285,0.14285714285714285,0.14285714285714285,0.14285714285714285,0.14285714285714285,0.14285714285714285,0.0,TN,0.9999999999964029
0.14285714285714285,0.14285714285714285,0.14285714285714285,0.14285714285714285,0.14285714285714285,0.14285714285714285,0.14285714285714285,0.0,TN,0.9999999999964029
0.0313638447839191,0.013299074204691284,0.4331872534413287,0.1866421900200086,0.1274604913498252,0.09569048178644829,0.026546576545753466,0.08581008786802524,TN,0.7866965351904172
0.14285714285714285,0.14285714285714285,0.14285714285714285,0.14285714285714285,0.14285714285714285,0.14285714285714285,0.14285714285714285,0.0,TN,0.9999999999964029
0.013764209588066309,0.045809375074111876,0.03136907507128374,0.726370810929068,0.1433394044943297,0.031228097504975183,0.008119027338165191,0.0,TN,0.4968472479448779
0.14285714285714285,0.14285714285714285,0.14285714285714285,0.14285714285714285,0.14285714285714285,0.14285714285714285,0.14285714285714285,0.0,TN,0.9999999999964029
0.14285714285714285,0.14285714285714285,0.14285714285714285,0.14285714285714285,0.14285714285714285,0.14285714285714285,0.14285714285714285,0.0,TN,0.9999999999964029
0.22561011673924372,0.0003189544405989414,0.000388159192122679,0.04014703596336799,0.0008274319507089379,0.0869968698118561,0.5856953899511341,0.06001604195096764,TN,0.5631714778353539
0.14285714285714285,0.14285714285714285,0.14285714285714285,0.14285714285714285,0.14285714285714285,0.14285714285714285,0.14285714285714285,0.0,TN,0.9999999999964029
0.14285714285714285,0.14285714285714285,0.14285714285714285,0.14285714285714285,0.14285714285714285,0.14285714285714285,0.14285714285714285,0.0,TN,0.9999999999964029
0.14285714285714285,0.14285714285714285,0.14285714285714285,0.14285714285714285,0.14285714285714285,0.14285714285714285,0.14285714285714285,0.0,TN,0.9999999999964029
0.14285714285714285,0.14285714285714285,0.14285714285714285,0.14285714285714285,0.14285714285714285,0.14285714285714285,0.14285714285714285,0.0,TN,0.9999999999964029
0.14285714285714285,0.14285714285714285,0.14285714285714285,0.14285714285714285,0.14285714285714285,0.14285714285714285,0.14285714285714285,0.0,TN,0.9999999999964029
0.14285714285714285,0.14285714285714285,0.14285714285714285,0.14285714285714285,0.14285714285714285,0.14285714285714285,0.14285714285714285,0.0,TN,0.9999999999964029
0.14285714285714285,0.14285714285714285,0.14285714285714285,0.14285714285714285,0.14285714285714285,0.14285714285714285,0.14285714285714285,0.0,TN,0.9999999999964029
0.14285714285714285,0.14285714285714285,0.14285714285714285,0.14285714285714285,0.14285714285714285,0.14285714285714285,0.14285714285714285,0.0,TN,0.9999999999964029
0.14285714285714285,0.14285714285714285,0.14285714285714285,0.14285714285714285,0.14285714285714285,0.14285714285714285,0.14285714285714285,0.0,TN,0.9999999999964029
0.14285714285714285,0.14285714285714285,0.14285714285714285,0.14285714285714285,0.14285714285714285,0.14285714285714285,0.14285714285714285,0.0,TN,0.9999999999964029
0.2365792180863778,0.0582237124489655,0.10075392392756972,0.07244239691323344,4.707659856147804e-06,0.03758097580290756,0.07554605607197364,0.4188690090891161,TN,0.7747182340328764
0.14285714285714285,0.14285714285714285,0.14285714285714285,0.14285714285714285,0.14285714285714285,0.14285714285714285,0.14285714285714285,0.0,TN,0.9999999999964029
0.14285714285714285,0.14285714285714285,0.14285714285714285,0.14285714285714285,0.14285714285714285,0.14285714285714285,0.14285714285714285,0.0,TN,0.9999999999964029
0.14285714285714285,0.14285714285714285,0.14285714285714285,0.14285714285714285,0.14285714285714285,0.14285714285714285,0.14285714285714285,0.0,TN,0.9999999999964029
0.14285714285714285,0.14285714285714285,0.14285714285714285,0.14285714285714285,0.14285714285714285,0.14285714285714285,0.14285714285714285,0.0,TN,0.9999999999964029
0.14285714285714285,0.14285714285714285,0.14285714285714285,0.14285714285714285,0.14285714285714285,0.14285714285714285,0.14285714285714285,0.0,TN,0.9999999999964029
0.14285714285714285,0.14285714285714285,0.14285714285714285,0.14285714285714285,0.14285714285714285,0.14285714285714285,0.14285714285714285,0.0,TN,0.9999999999964029
0.14285714285714285,0.14285714285714285,0.14285714285714285,0.14285714285714285,0.14285714285714285,0.14285714285714285,0.14285714285714285,0.0,TN,0.9999999999964029
0.14285714285714285,0.14285714285714285,0.14285714285714285,0.14285714285714285,0.14285714285714285,0.14285714285714285,0.14285714285714285,0.0,TN,0.9999999999964029
0.14285714285714285,0.14285714285714285,0.14285714285714285,0.14285714285714285,0.14285714285714285,0.14285714285714285,0.14285714285714285,0.0,TN,0.9999999999964029
0.0086041935057632,0.11203284630705797,0.061776487751361436,0.18672779501255574,0.09494051997459102,0.43280810450715207,0.08458907993096614,0.018520973010552357,TN,0.7888212412018427
0.14285714285714285,0.14285714285714285,0.14285714285714285,0.14285714285714285,0.14285714285714285,0.14285714285714285,0.14285714285714285,0.0,TN,0.9999999999964029
0.14285714285714285,0.14285714285714285,0.14285714285714285,0.14285714285714285,0.14285714285714285,0.14285714285714285,0.14285714285714285,0.0,TN,0.9999999999964029
0.14285714285714285,0.14285714285714285,0.14285714285714285,0.14285714285714285,0.14285714285714285,0.14285714285714285,0.14285714285714285,0.0,TN,0.9999999999964029
0.14285714285714285,0.14285714285714285,0.14285714285714285,0.14285714285714285,0.14285714285714285,0.14285714285714285,0.14285714285714285,0.0,TN,0.9999999999964029
0.060631695736633,0.10397898973242467,0.25470116668037673,0.3914279331579584,0.0519800384936246,0.12482862211865778,0.012451554080324691,0.0,TN,0.8165090561225806
0.14285714285714285,0.14285714285714285,0.14285714285714285,0.14285714285714285,0.14285714285714285,0.14285714285714285,0.14285714285714285,0.0,TN,0.9999999999964029
0.14285714285714285,0.14285714285714285,0.14285714285714285,0.14285714285714285,0.14285714285714285,0.14285714285714285,0.14285714285714285,0.0,TN,0.9999999999964029
0.14285714285714285,0.14285714285714285,0.14285714285714285,0.14285714285714285,0.14285714285714285,0.14285714285714285,0.14285714285714285,0.0,TN,0.9999999999964029
0.14285714285714285,0.14285714285714285,0.14285714285714285,0.14285714285714285,0.14285714285714285,0.14285714285714285,0.14285714285714285,0.0,TN,0.9999999999964029
0.13880395732321596,0.096566525988357,0.1053953508846262,0.0624348081558909,0.07006143894198155,0.24044925315379936,0.09729734673535194,0.1889913188167771,TN,0.9524945678216457
0.00019639319840495683,0.026627352622718686,0.4766155142493351,0.0016847273075771391,0.02873714323415257,0.005283678832500792,0.46085519055531066,0.0,TN,0.48763476943677386
0.14285714285714285,0.14285714285714285,0.14285714285714285,0.14285714285714285,0.14285714285714285,0.14285714285714285,0.14285714285714285,0.0,TN,0.9999999999964029
0.4596202423751245,0.08423238896220549,0.21132627850204488,0.1769963104925945,0.009555469306470266,0.02900473709417202,0.029264573267388422,0.0,TN,0.7457329270889291
0.14285714285714285,0.14285714285714285,0.14285714285714285,0.14285714285714285,0.14285714285714285,0.14285714285714285,0.14285714285714285,0.0,TN,0.9999999999964029
0.14285714285714285,0.14285714285714285,0.14285714285714285,0.14285714285714285,0.14285714285714285,0.14285714285714285,0.14285714285714285,0.0,TN,0.9999999999964029
0.14285714285714285,0.14285714285714285,0.14285714285714285,0.14285714285714285,0.14285714285714285,0.14285714285714285,0.14285714285714285,0.0,TN,0.9999999999964029
0.14285714285714285,0.14285714285714285,0.14285714285714285,0.14285714285714285,0.14285714285714285,0.14285714285714285,0.14285714285714285,0.0,TN,0.9999999999964029
0.14285714285714285,0.14285714285714285,0.14285714285714285,0.14285714285714285,0.14285714285714285,0.14285714285714285,0.14285714285714285,0.0,TN,0.9999999999964029
0.14285714285714285,0.14285714285714285,0.14285714285714285,0.14285714285714285,0.14285714285714285,0.14285714285714285,0.14285714285714285,0.0,TN,0.9999999999964029
0.15408539860210838,0.0914249624445561,0.034412153592490266,0.02250615887991523,0.10416646845454992,0.31073613582415716,0.24640368189412945,0.03626504030809355,TN,0.8523730832252571
0.020686144978605884,0.0432643643412773,0.11188430585164194,0.028351511300507268,0.06873080232066148,0.33134105048748963,0.3957418207198165,0.0,TN,0.7600841253296368
0.14285714285714285,0.14285714285714285,0.14285714285714285,0.14285714285714285,0.14285714285714285,0.14285714285714285,0.14285714285714285,0.0,TN,0.9999999999964029
0.14285714285714285,0.14285714285714285,0.14285714285714285,0.14285714285714285,0.14285714285714285,0.14285714285714285,0.14285714285714285,0.0,TN,0.9999999999964029
0.02197715125338106,0.12008133321274612,0.2246581311045747,0.1474941225315538,0.11538519887454314,0.017200577189238765,0.24452251426640068,0.10868097156756189,TN,0.894870382887584
0.14285714285714285,0.14285714285714285,0.14285714285714285,0.14285714285714285,0.14285714285714285,0.14285714285714285,0.14285714285714285,0.0,TN,0.9999999999964029
0.14285714285714285,0.14285714285714285,0.14285714285714285,0.14285714285714285,0.14285714285714285,0.14285714285714285,0.14285714285714285,0.0,TN,0.9999999999964029
0.06395842331052248,0.06189773329927871,0.08207796101552335,0.10187539605877813,0.34046641940787387,0.09471760421727901,0.08580903709634466,0.16919742559439982,TN,0.9076240739968198
0.14285714285714285,0.14285714285714285,0.14285714285714285,0.14285714285714285,0.14285714285714285,0.14285714285714285,0.14285714285714285,0.0,TN,0.9999999999964029
0.14285714285714285,0.14285714285714285,0.14285714285714285,0.14285714285714285,0.14285714285714285,0.14285714285714285,0.14285714285714285,0.0,TN,0.9999999999964029
0.14285714285714285,0.14285714285714285,0.14285714285714285,0.14285714285714285,0.14285714285714285,0.14285714285714285,0.14285714285714285,0.0,TN,0.9999999999964029
0.30607166406141456,0.1358678383293653,0.04816847348785606,0.03129269532508035,0.15896921431148656,0.015431780257426227,0.30419833422737086,0.0,TN,0.8257419688645828
0.14285714285714285,0.14285714285714285,0.14285714285714285,0.14285714285714285,0.14285714285714285,0.14285714285714285,0.14285714285714285,0.0,TN,0.9999999999964029
0.14285714285714285,0.14285714285714285,0.14285714285714285,0.14285714285714285,0.14285714285714285,0.14285714285714285,0.14285714285714285,0.0,TN,0.9999999999964029
0.14285714285714285,0.14285714285714285,0.14285714285714285,0.14285714285714285,0.14285714285714285,0.14285714285714285,0.14285714285714285,0.0,TN,0.9999999999964029
0.14285714285714285,0.14285714285714285,0.14285714285714285,0.14285714285714285,0.14285714285714285,0.14285714285714285,0.14285714285714285,0.0,TN,0.9999999999964029
0.05824603027544862,0.15522116851109988,0.12355402676693433,0.11073188131779998,0.17904225348047775,0.13109127627981804,0.21543288114263762,0.02668048222578397,TN,0.9418567801547677
0.14285714285714285,0.14285714285714285,0.14285714285714285,0.14285714285714285,0.14285714285714285,0.14285714285714285,0.14285714285714285,0.0,TN,0.9999999999964029
0.14285714285714285,0.14285714285714285,0.14285714285714285,0.14285714285714285,0.14285714285714285,0.14285714285714285,0.14285714285714285,0.0,TN,0.9999999999964029
0.14285714285714285,0.14285714285714285,0.14285714285714285,0.14285714285714285,0.14285714285714285,0.14285714285714285,0.14285714285714285,0.0,TN,0.9999999999964029
0.14285714285714285,0.14285714285714285,0.14285714285714285,0.14285714285714285,0.14285714285714285,0.14285714285714285,0.14285714285714285,0.0,TN,0.9999999999964029
0.14285714285714285,0.14285714285714285,0.14285714285714285,0.14285714285714285,0.14285714285714285,0.14285714285714285,0.14285714285714285,0.0,TN,0.9999999999964029
0.06467323095336372,0.20523693585718863,0.24701079415633687,0.05317524030265767,0.13475638325533287,0.11966835324646202,0.17547906222865822,0.0,TN,0.9420083306010059
0.14285714285714285,0.14285714285714285,0.14285714285714285,0.14285714285714285,0.14285714285714285,0.14285714285714285,0.14285714285714285,0.0,TN,0.9999999999964029
0.14285714285714285,0.14285714285714285,0.14285714285714285,0.14285714285714285,0.14285714285714285,0.14285714285714285,0.14285714285714285,0.0,TN,0.9999999999964029
0.14285714285714285,0.14285714285714285,0.14285714285714285,0.14285714285714285,0.14285714285714285,0.14285714285714285,0.14285714285714285,0.0,TN,0.9999999999964029
0.14285714285714285,0.14285714285714285,0.14285714285714285,0.14285714285714285,0.14285714285714285,0.14285714285714285,0.14285714285714285,0.0,TN,0.9999999999964029
0.11646785995323101,0.04765507414967014,0.1562319443666721,0.026238299632768924,0.1185266309420721,0.06810403066504964,0.06140425238694994,0.40537190790358624,TN,0.8435628050311467
0.14285714285714285,0.14285714285714285,0.14285714285714285,0.14285714285714285,0.14285714285714285,0.14285714285714285,0.14285714285714285,0.0,TN,0.9999999999964029
0.22128720582908437,0.12052269593266725,0.011832555893131015,0.06366750711193919,0.34091521541267117,0.13020245871486447,0.009488221578253018,0.10208413952738947,TN,0.8300680037582482
0.057488494030086365,0.0649037550608983,0.07801458755016555,0.5443607473169666,0.03440907248353953,0.030709930149344394,0.19011341340899943,0.0,TN,0.7247371088116945
0.14285714285714285,0.14285714285714285,0.14285714285714285,0.14285714285714285,0.14285714285714285,0.14285714285714285,0.14285714285714285,0.0,TN,0.9999999999964029
0.14285714285714285,0.14285714285714285,0.14285714285714285,0.14285714285714285,0.14285714285714285,0.14285714285714285,0.14285714285714285,0.0,TN,0.9999999999964029
0.14285714285714285,0.14285714285714285,0.14285714285714285,0.14285714285714285,0.14285714285714285,0.14285714285714285,0.14285714285714285,0.0,TN,0.9999999999964029
0.14285714285714285,0.14285714285714285,0.14285714285714285,0.14285714285714285,0.14285714285714285,0.14285714285714285,0.14285714285714285,0.0,TN,0.9999999999964029
0.14285714285714285,0.14285714285714285,0.14285714285714285,0.14285714285714285,0.14285714285714285,0.14285714285714285,0.14285714285714285,0.0,TN,0.9999999999964029
0.14285714285714285,0.14285714285714285,0.14285714285714285,0.14285714285714285,0.14285714285714285,0.14285714285714285,0.14285714285714285,0.0,TN,0.9999999999964029
0.14285714285714285,0.14285714285714285,0.14285714285714285,0.14285714285714285,0.14285714285714285,0.14285714285714285,0.14285714285714285,0.0,TN,0.9999999999964029
0.14285714285714285,0.14285714285714285,0.14285714285714285,0.14285714285714285,0.14285714285714285,0.14285714285714285,0.14285714285714285,0.0,TN,0.9999999999964029
0.14285714285714285,0.14285714285714285,0.14285714285714285,0.14285714285714285,0.14285714285714285,0.14285714285714285,0.14285714285714285,0.0,TN,0.9999999999964029
0.14285714285714285,0.14285714285714285,0.14285714285714285,0.14285714285714285,0.14285714285714285,0.14285714285714285,0.14285714285714285,0.0,TN,0.9999999999964029
0.39296272290977163,0.02067513620963764,0.15018549916543913,0.2782865936903436,0.07468133863063585,0.07339648309561607,0.009812226298556024,0.0,TN,0.7804925478765825
0.14285714285714285,0.14285714285714285,0.14285714285714285,0.14285714285714285,0.14285714285714285,0.14285714285714285,0.14285714285714285,0.0,TN,0.9999999999964029
0.14285714285714285,0.14285714285714285,0.14285714285714285,0.14285714285714285,0.14285714285714285,0.14285714285714285,0.14285714285714285,0.0,FP,0.9999999999964029
0.14285714285714285,0.14285714285714285,0.14285714285714285,0.14285714285714285,0.14285714285714285,0.14285714285714285,0.14285714285714285,0.0,FP,0.9999999999964029
0.039919797315865514,0.04722239801119171,0.15447681808381586,0.03200698945777516,0.03056391372943212,0.45557089811468776,0.1749456819021665,0.06529350338506543,FP,0.7787447892927244
0.14285714285714285,0.14285714285714285,0.14285714285714285,0.14285714285714285,0.14285714285714285,0.14285714285714285,0.14285714285714285,0.0,FP,0.9999999999964029
0.14285714285714285,0.14285714285714285,0.14285714285714285,0.14285714285714285,0.14285714285714285,0.14285714285714285,0.14285714285714285,0.0,FP,0.9999999999964029
0.14285714285714285,0.14285714285714285,0.14285714285714285,0.14285714285714285,0.14285714285714285,0.14285714285714285,0.14285714285714285,0.0,FP,0.9999999999964029
0.07617626896591405,0.03226514588408009,0.0846849657616566,0.2977147704855603,0.14261294283114898,0.13886873644535364,0.13472309162337429,0.09295407800291204,FP,0.9230885689378963
0.14285714285714285,0.14285714285714285,0.14285714285714285,0.14285714285714285,0.14285714285714285,0.14285714285714285,0.14285714285714285,0.0,FP,0.9999999999964029
0.14285714285714285,0.14285714285714285,0.14285714285714285,0.14285714285714285,0.14285714285714285,0.14285714285714285,0.14285714285714285,0.0,FP,0.9999999999964029
0.14285714285714285,0.14285714285714285,0.14285714285714285,0.14285714285714285,0.14285714285714285,0.14285714285714285,0.14285714285714285,0.0,FP,0.9999999999964029
0.14285714285714285,0.14285714285714285,0.14285714285714285,0.14285714285714285,0.14285714285714285,0.14285714285714285,0.14285714285714285,0.0,FP,0.9999999999964029
0.14285714285714285,0.14285714285714285,0.14285714285714285,0.14285714285714285,0.14285714285714285,0.14285714285714285,0.14285714285714285,0.0,FP,0.9999999999964029
0.3956302873244225,0.01884897221632518,0.15950169889169288,0.03151578252315183,0.01947082793205271,0.16946687724462348,0.19883774111590388,0.006727812751827429,FP,0.7578027972537438
0.14285714285714285,0.14285714285714285,0.14285714285714285,0.14285714285714285,0.14285714285714285,0.14285714285714285,0.14285714285714285,0.0,FP,0.9999999999964029
0.05354775061118638,0.4444223871103642,0.005115760001868122,0.2667986959426966,0.06939668025527268,0.08287679041311695,0.03980067623739475,0.038041259428100396,FP,0.7410034351845705
0.14285714285714285,0.14285714285714285,0.14285714285714285,0.14285714285714285,0.14285714285714285,0.14285714285714285,0.14285714285714285,0.0,FP,0.9999999999964029
0.14285714285714285,0.14285714285714285,0.14285714285714285,0.14285714285714285,0.14285714285714285,0.14285714285714285,0.14285714285714285,0.0,FP,0.9999999999964029
0.14285714285714285,0.14285714285714285,0.14285714285714285,0.14285714285714285,0.14285714285714285,0.14285714285714285,0.14285714285714285,0.0,FP,0.9999999999964029
0.14285714285714285,0.14285714285714285,0.14285714285714285,0.14285714285714285,0.14285714285714285,0.14285714285714285,0.14285714285714285,0.0,FP,0.9999999999964029
0.14285714285714285,0.14285714285714285,0.14285714285714285,0.14285714285714285,0.14285714285714285,0.14285714285714285,0.14285714285714285,0.0,FP,0.9999999999964029
0.14285714285714285,0.14285714285714285,0.14285714285714285,0.14285714285714285,0.14285714285714285,0.14285714285714285,0.14285714285714285,0.0,FP,0.9999999999964029
0.14285714285714285,0.14285714285714285,0.14285714285714285,0.14285714285714285,0.14285714285714285,0.14285714285714285,0.14285714285714285,0.0,FP,0.9999999999964029
0.14285714285714285,0.14285714285714285,0.14285714285714285,0.14285714285714285,0.14285714285714285,0.14285714285714285,0.14285714285714285,0.0,FP,0.9999999999964029
0.09040762960979104,0.14204327967911015,0.06854252834699662,0.16991582635322391,0.16914973580127743,0.011481848788801713,0.3484591514207992,0.0,FP,0.8729110078969554
0.14285714285714285,0.14285714285714285,0.14285714285714285,0.14285714285714285,0.14285714285714285,0.14285714285714285,0.14285714285714285,0.0,FP,0.9999999999964029
0.14285714285714285,0.14285714285714285,0.14285714285714285,0.14285714285714285,0.14285714285714285,0.14285714285714285,0.14285714285714285,0.0,FP,0.9999999999964029
0.14285714285714285,0.14285714285714285,0.14285714285714285,0.14285714285714285,0.14285714285714285,0.14285714285714285,0.14285714285714285,0.0,FP,0.9999999999964029
0.14285714285714285,0.14285714285714285,0.14285714285714285,0.14285714285714285,0.14285714285714285,0.14285714285714285,0.14285714285714285,0.0,FP,0.9999999999964029
0.07233448678172719,0.07745511325279054,0.1389823039663442,0.5376679512110035,0.1651544278514527,0.006493788807707445,0.001911928128974333,0.0,FP,0.6876556967621347
0.14285714285714285,0.14285714285714285,0.14285714285714285,0.14285714285714285,0.14285714285714285,0.14285714285714285,0.14285714285714285,0.0,FP,0.9999999999964029
0.14285714285714285,0.14285714285714285,0.14285714285714285,0.14285714285714285,0.14285714285714285,0.14285714285714285,0.14285714285714285,0.0,FP,0.9999999999964029
0.14285714285714285,0.14285714285714285,0.14285714285714285,0.14285714285714285,0.14285714285714285,0.14285714285714285,0.14285714285714285,0.0,FP,0.9999999999964029
0.14285714285714285,0.14285714285714285,0.14285714285714285,0.14285714285714285,0.14285714285714285,0.14285714285714285,0.14285714285714285,0.0,FP,0.9999999999964029
0.0022775951728882977,0.07002662663518183,0.3697151508579875,0.22829619472040183,0.0006615395436169277,0.2613431457554467,0.05406684847768426,0.013612898836792573,FP,0.710249523941187
0.14285714285714285,0.14285714285714285,0.14285714285714285,0.14285714285714285,0.14285714285714285,0.14285714285714285,0.14285714285714285,0.0,FP,0.9999999999964029
0.14285714285714285,0.14285714285714285,0.14285714285714285,0.14285714285714285,0.14285714285714285,0.14285714285714285,0.14285714285714285,0.0,FP,0.9999999999964029
0.14285714285714285,0.14285714285714285,0.14285714285714285,0.14285714285714285,0.14285714285714285,0.14285714285714285,0.14285714285714285,0.0,FP,0.9999999999964029
0.14285714285714285,0.14285714285714285,0.14285714285714285,0.14285714285714285,0.14285714285714285,0.14285714285714285,0.14285714285714285,0.0,FP,0.9999999999964029
0.05544801137520676,0.06782054851451726,0.3807594616750708,0.03960858113354401,0.014175583006766055,0.27200941325362427,0.17017840104127094,0.0,FP,0.7987268102408661
0.14285714285714285,0.14285714285714285,0.14285714285714285,0.14285714285714285,0.14285714285714285,0.14285714285714285,0.14285714285714285,0.0,FP,0.9999999999964029
0.14285714285714285,0.14285714285714285,0.14285714285714285,0.14285714285714285,0.14285714285714285,0.14285714285714285,0.14285714285714285,0.0,FP,0.9999999999964029
0.1682756150795026,0.3453637779373441,0.009442432064592552,0.0651115144687696,0.08706349043553172,0.28717578478202416,0.0375673852322354,0.0,FP,0.8135362945336612
0.14285714285714285,0.14285714285714285,0.14285714285714285,0.14285714285714285,0.14285714285714285,0.14285714285714285,0.14285714285714285,0.0,FP,0.9999999999964029
0.14285714285714285,0.14285714285714285,0.14285714285714285,0.14285714285714285,0.14285714285714285,0.14285714285714285,0.14285714285714285,0.0,FP,0.9999999999964029
0.14285714285714285,0.14285714285714285,0.14285714285714285,0.14285714285714285,0.14285714285714285,0.14285714285714285,0.14285714285714285,0.0,FP,0.9999999999964029
0.14285714285714285,0.14285714285714285,0.14285714285714285,0.14285714285714285,0.14285714285714285,0.14285714285714285,0.14285714285714285,0.0,FP,0.9999999999964029
0.14285714285714285,0.14285714285714285,0.14285714285714285,0.14285714285714285,0.14285714285714285,0.14285714285714285,0.14285714285714285,0.0,FP,0.9999999999964029
0.10877710363590914,0.0004319165285004237,0.008220015456991378,0.4784136661360618,0.3045036385890769,0.08027835218122337,0.016053664455196417,0.0033216430170404593,FP,0.6187725568948395
0.04551043391864469,0.30042267183527027,0.06961103666478338,0.0567327126958797,0.002185278648024074,0.015070305189450196,0.06992535208959122,0.4405422089583564,FP,0.7088216052982115
0.015864485083152753,0.20520089740481504,0.009462295267165669,0.2595552801003565,0.10693093730247792,0.12988947111265184,0.18053118926471193,0.09256544446466833,FP,0.8744700226717451
0.14285714285714285,0.14285714285714285,0.14285714285714285,0.14285714285714285,0.14285714285714285,0.14285714285714285,0.14285714285714285,0.0,FP,0.9999999999964029
0.14285714285714285,0.14285714285714285,0.14285714285714285,0.14285714285714285,0.14285714285714285,0.14285714285714285,0.14285714285714285,0.0,FP,0.9999999999964029
0.044694139909423815,0.051756661110448896,0.049355832449225985,0.3038419208095803,0.08870095777085506,0.01896007827498959,0.34623861736436556,0.09645179231111085,FP,0.8105443877245252
0.14285714285714285,0.14285714285714285,0.14285714285714285,0.14285714285714285,0.14285714285714285,0.14285714285714285,0.14285714285714285,0.0,FP,0.9999999999964029
0.14285714285714285,0.14285714285714285,0.14285714285714285,0.14285714285714285,0.14285714285714285,0.14285714285714285,0.14285714285714285,0.0,FP,0.9999999999964029
0.16644632852817648,0.043030126417479615,0.1854838144949117,0.22926582226053516,0.03481933207347524,0.2482524098453112,0.07872993856630138,0.013972227813809298,FP,0.868781979491772
0.14285714285714285,0.14285714285714285,0.14285714285714285,0.14285714285714285,0.14285714285714285,0.14285714285714285,0.14285714285714285,0.0,FP,0.9999999999964029
0.14285714285714285,0.14285714285714285,0.14285714285714285,0.14285714285714285,0.14285714285714285,0.14285714285714285,0.14285714285714285,0.0,FP,0.9999999999964029
0.1907145299551069,0.32531247784774653,0.008715406045053173,0.010484632736386394,0.06892187010277001,0.025606795575687243,0.033911512491274436,0.3363327752459753,FP,0.7357203043533086
0.011473654720850046,0.021195413115946738,0.3294370950030747,0.025709689780169298,0.25902035665171846,0.3031911119629579,0.04997267876528281,0.0,FP,0.7473725664209449
0.14285714285714285,0.14285714285714285,0.14285714285714285,0.14285714285714285,0.14285714285714285,0.14285714285714285,0.14285714285714285,0.0,FP,0.9999999999964029
0.14285714285714285,0.14285714285714285,0.14285714285714285,0.14285714285714285,0.14285714285714285,0.14285714285714285,0.14285714285714285,0.0,FP,0.9999999999964029
0.14285714285714285,0.14285714285714285,0.14285714285714285,0.14285714285714285,0.14285714285714285,0.14285714285714285,0.14285714285714285,0.0,FP,0.9999999999964029
0.14285714285714285,0.14285714285714285,0.14285714285714285,0.14285714285714285,0.14285714285714285,0.14285714285714285,0.14285714285714285,0.0,FP,0.9999999999964029
0.14285714285714285,0.14285714285714285,0.14285714285714285,0.14285714285714285,0.14285714285714285,0.14285714285714285,0.14285714285714285,0.0,FP,0.9999999999964029
0.14285714285714285,0.14285714285714285,0.14285714285714285,0.14285714285714285,0.14285714285714285,0.14285714285714285,0.14285714285714285,0.0,FP,0.9999999999964029
0.14285714285714285,0.14285714285714285,0.14285714285714285,0.14285714285714285,0.14285714285714285,0.14285714285714285,0.14285714285714285,0.0,FP,0.9999999999964029
0.14285714285714285,0.14285714285714285,0.14285714285714285,0.14285714285714285,0.14285714285714285,0.14285714285714285,0.14285714285714285,0.0,FP,0.9999999999964029
0.14285714285714285,0.14285714285714285,0.14285714285714285,0.14285714285714285,0.14285714285714285,0.14285714285714285,0.14285714285714285,0.0,FP,0.9999999999964029
0.14285714285714285,0.14285714285714285,0.14285714285714285,0.14285714285714285,0.14285714285714285,0.14285714285714285,0.14285714285714285,0.0,FP,0.9999999999964029
0.14285714285714285,0.14285714285714285,0.14285714285714285,0.14285714285714285,0.14285714285714285,0.14285714285714285,0.14285714285714285,0.0,FP,0.9999999999964029
0.14285714285714285,0.14285714285714285,0.14285714285714285,0.14285714285714285,0.14285714285714285,0.14285714285714285,0.14285714285714285,0.0,FP,0.9999999999964029
0.14285714285714285,0.14285714285714285,0.14285714285714285,0.14285714285714285,0.14285714285714285,0.14285714285714285,0.14285714285714285,0.0,FP,0.9999999999964029
0.14285714285714285,0.14285714285714285,0.14285714285714285,0.14285714285714285,0.14285714285714285,0.14285714285714285,0.14285714285714285,0.0,FP,0.9999999999964029
0.14285714285714285,0.14285714285714285,0.14285714285714285,0.14285714285714285,0.14285714285714285,0.14285714285714285,0.14285714285714285,0.0,FP,0.9999999999964029
0.14285714285714285,0.14285714285714285,0.14285714285714285,0.14285714285714285,0.14285714285714285,0.14285714285714285,0.14285714285714285,0.0,FP,0.9999999999964029
0.14285714285714285,0.14285714285714285,0.14285714285714285,0.14285714285714285,0.14285714285714285,0.14285714285714285,0.14285714285714285,0.0,FP,0.9999999999964029
0.10203969765650893,0.05507084996735663,0.1342133505776796,0.17766778438011355,0.33719582501181394,0.08272839029732476,0.11108410210920261,0.0,FP,0.9177810591728828
0.2681324085791861,0.1345713011274909,0.19420945983510135,0.1671718727694937,0.07925670506332609,0.07533490764227055,0.035637699101624794,0.045685645881506545,FP,0.9116273821138788
0.14285714285714285,0.14285714285714285,0.14285714285714285,0.14285714285714285,0.14285714285714285,0.14285714285714285,0.14285714285714285,0.0,FP,0.9999999999964029
0.355267562280568,0.1384375882223043,0.05906562269900048,0.24139573525394736,0.05277935319808997,0.04878634603011804,0.08508932640304903,0.019178465912922868,FP,0.8366208704836573
0.14285714285714285,0.14285714285714285,0.14285714285714285,0.14285714285714285,0.14285714285714285,0.14285714285714285,0.14285714285714285,0.0,FP,0.9999999999964029
0.0440411312973997,0.031178821678088206,0.00035409428520738614,0.2718649955791498,0.17140341889090982,0.002371685544204279,0.011211835778111278,0.46757401694692957,FP,0.6371906282926183
0.038922754120678964,0.026404883620896366,0.04362545111052301,0.565821559955621,0.17529299028838555,0.1134006169817946,0.03167023882666276,0.004861505095437911,FP,0.6581072999380888
0.14285714285714285,0.14285714285714285,0.14285714285714285,0.14285714285714285,0.14285714285714285,0.14285714285714285,0.14285714285714285,0.0,FP,0.9999999999964029
0.14285714285714285,0.14285714285714285,0.14285714285714285,0.14285714285714285,0.14285714285714285,0.14285714285714285,0.14285714285714285,0.0,FP,0.9999999999964029
0.04581441346367559,0.15307176054318072,0.2927476389598893,0.00021413450603326723,0.17536866650768243,0.002817096058601044,0.32996628996093746,0.0,FP,0.7593717327010499
0.14285714285714285,0.14285714285714285,0.14285714285714285,0.14285714285714285,0.14285714285714285,0.14285714285714285,0.14285714285714285,0.0,FP,0.9999999999964029
0.14285714285714285,0.14285714285714285,0.14285714285714285,0.14285714285714285,0.14285714285714285,0.14285714285714285,0.14285714285714285,0.0,FP,0.9999999999964029
0.022574570845810285,0.16845796077260575,0.22656341521221832,0.1564676143999215,0.09070216245768586,0.0495331197927525,0.2857011565190057,0.0,FP,0.8924948787773588
0.14285714285714285,0.14285714285714285,0.14285714285714285,0.14285714285714285,0.14285714285714285,0.14285714285714285,0.14285714285714285,0.0,FP,0.9999999999964029
0.09187994843104712,0.35786220758358545,0.27194570558658,0.039525341329741476,0.06455234888954316,0.1069019365263616,0.0673325116531413,0.0,FP,0.8563993682827692
0.14285714285714285,0.14285714285714285,0.14285714285714285,0.14285714285714285,0.14285714285714285,0.14285714285714285,0.14285714285714285,0.0,FP,0.9999999999964029
0.14285714285714285,0.14285714285714285,0.14285714285714285,0.14285714285714285,0.14285714285714285,0.14285714285714285,0.14285714285714285,0.0,FP,0.9999999999964029
0.1279146572002448,0.21128718968971044,0.06715960617290723,0.015150425627026612,0.5061564090252684,0.009181946683957805,0.05082630357741658,0.012323462023468193,FP,0.687525998969924
0.14285714285714285,0.14285714285714285,0.14285714285714285,0.14285714285714285,0.14285714285714285,0.14285714285714285,0.14285714285714285,0.0,FP,0.9999999999964029
0.14285714285714285,0.14285714285714285,0.14285714285714285,0.14285714285714285,0.14285714285714285,0.14285714285714285,0.14285714285714285,0.0,FP,0.9999999999964029
0.14285714285714285,0.14285714285714285,0.14285714285714285,0.14285714285714285,0.14285714285714285,0.14285714285714285,0.14285714285714285,0.0,FP,0.9999999999964029
0.26362521564685104,0.11197436524751676,0.06405996543667682,0.060640145218459784,0.05504480354588608,0.4383848695234157,0.006270635381193734,0.0,FP,0.7685673671490727
0.6293226804685926,0.07679259172604179,0.1173690399744139,0.08497512424526489,0.048844545688671956,0.0155044636914615,0.023479273934919956,0.003712280270633407,FP,0.6109462309204451
0.15215926704468827,0.06029657563484,0.07499316640328543,0.032290832561141666,0.15817856087993915,0.15850526078191773,0.2572755207107242,0.10630081598346361,FP,0.9291640691808256
0.4627938217620239,0.0323259293226274,0.08483076034339015,0.02616295163150522,0.0660695136428679,0.19985875894063007,0.12795826435695534,0.0,FP,0.7896159296714025
0.14285714285714285,0.14285714285714285,0.14285714285714285,0.14285714285714285,0.14285714285714285,0.14285714285714285,0.14285714285714285,0.0,FP,0.9999999999964029
0.14285714285714285,0.14285714285714285,0.14285714285714285,0.14285714285714285,0.14285714285714285,0.14285714285714285,0.14285714285714285,0.0,FP,0.9999999999964029
0.14285714285714285,0.14285714285714285,0.14285714285714285,0.14285714285714285,0.14285714285714285,0.14285714285714285,0.14285714285714285,0.0,FP,0.9999999999964029
0.14285714285714285,0.14285714285714285,0.14285714285714285,0.14285714285714285,0.14285714285714285,0.14285714285714285,0.14285714285714285,0.0,FP,0.9999999999964029
0.14285714285714285,0.14285714285714285,0.14285714285714285,0.14285714285714285,0.14285714285714285,0.14285714285714285,0.14285714285714285,0.0,FP,0.9999999999964029
0.14285714285714285,0.14285714285714285,0.14285714285714285,0.14285714285714285,0.14285714285714285,0.14285714285714285,0.14285714285714285,0.0,FP,0.9999999999964029
0.10624410431021135,0.022448408474047245,0.23284750955347777,0.10189713681494308,0.0025452002364155357,0.2700892400364182,0.22651219935846992,0.037416201216016964,FP,0.8288442206041824
0.14285714285714285,0.14285714285714285,0.14285714285714285,0.14285714285714285,0.14285714285714285,0.14285714285714285,0.14285714285714285,0.0,FP,0.9999999999964029
0.14285714285714285,0.14285714285714285,0.14285714285714285,0.14285714285714285,0.14285714285714285,0.14285714285714285,0.14285714285714285,0.0,FP,0.9999999999964029
0.14285714285714285,0.14285714285714285,0.14285714285714285,0.14285714285714285,0.14285714285714285,0.14285714285714285,0.14285714285714285,0.0,FP,0.9999999999964029
0.14285714285714285,0.14285714285714285,0.14285714285714285,0.14285714285714285,0.14285714285714285,0.14285714285714285,0.14285714285714285,0.0,FP,0.9999999999964029
0.14285714285714285,0.14285714285714285,0.14285714285714285,0.14285714285714285,0.14285714285714285,0.14285714285714285,0.14285714285714285,0.0,FP,0.9999999999964029
0.14285714285714285,0.14285714285714285,0.14285714285714285,0.14285714285714285,0.14285714285714285,0.14285714285714285,0.14285714285714285,0.0,FP,0.9999999999964029
0.14285714285714285,0.14285714285714285,0.14285714285714285,0.14285714285714285,0.14285714285714285,0.14285714285714285,0.14285714285714285,0.0,FP,0.9999999999964029
0.14285714285714285,0.14285714285714285,0.14285714285714285,0.14285714285714285,0.14285714285714285,0.14285714285714285,0.14285714285714285,0.0,FP,0.9999999999964029
0.14285714285714285,0.14285714285714285,0.14285714285714285,0.14285714285714285,0.14285714285714285,0.14285714285714285,0.14285714285714285,0.0,FP,0.9999999999964029
0.14285714285714285,0.14285714285714285,0.14285714285714285,0.14285714285714285,0.14285714285714285,0.14285714285714285,0.14285714285714285,0.0,FP,0.9999999999964029
0.14285714285714285,0.14285714285714285,0.14285714285714285,0.14285714285714285,0.14285714285714285,0.14285714285714285,0.14285714285714285,0.0,FP,0.9999999999964029
0.022081653867990568,0.27088067718677006,0.14219110421694126,0.10707947511136832,0.17796466963609903,0.13176831234964922,0.02350903196641928,0.12452507566476238,FP,0.9023658611693011
0.14285714285714285,0.14285714285714285,0.14285714285714285,0.14285714285714285,0.14285714285714285,0.14285714285714285,0.14285714285714285,0.0,FP,0.9999999999964029
0.14285714285714285,0.14285714285714285,0.14285714285714285,0.14285714285714285,0.14285714285714285,0.14285714285714285,0.14285714285714285,0.0,FP,0.9999999999964029
0.14285714285714285,0.14285714285714285,0.14285714285714285,0.14285714285714285,0.14285714285714285,0.14285714285714285,0.14285714285714285,0.0,FP,0.9999999999964029
0.14285714285714285,0.14285714285714285,0.14285714285714285,0.14285714285714285,0.14285714285714285,0.14285714285714285,0.14285714285714285,0.0,FP,0.9999999999964029
0.14285714285714285,0.14285714285714285,0.14285714285714285,0.14285714285714285,0.14285714285714285,0.14285714285714285,0.14285714285714285,0.0,FP,0.9999999999964029
0.051810296720746614,0.13502315932624376,0.014792568986978564,0.02950126185554241,0.355970454722821,0.2575452708169099,0.15535698757075772,0.0,FP,0.8203551896300566
0.14285714285714285,0.14285714285714285,0.14285714285714285,0.14285714285714285,0.14285714285714285,0.14285714285714285,0.14285714285714285,0.0,FP,0.9999999999964029
0.14285714285714285,0.14285714285714285,0.14285714285714285,0.14285714285714285,0.14285714285714285,0.14285714285714285,0.14285714285714285,0.0,FP,0.9999999999964029
0.014069575856251739,0.02596214022596312,0.0015879241638864477,0.17525270176558175,0.3653678954834239,0.19147173276654825,0.22628802973834486,0.0,FP,0.7661454148006056
0.14285714285714285,0.14285714285714285,0.14285714285714285,0.14285714285714285,0.14285714285714285,0.14285714285714285,0.14285714285714285,0.0,FP,0.9999999999964029
0.14285714285714285,0.14285714285714285,0.14285714285714285,0.14285714285714285,0.14285714285714285,0.14285714285714285,0.14285714285714285,0.0,FP,0.9999999999964029
0.14285714285714285,0.14285714285714285,0.14285714285714285,0.14285714285714285,0.14285714285714285,0.14285714285714285,0.14285714285714285,0.0,FP,0.9999999999964029
0.1432064195357011,0.03560631015791188,0.3197314029386369,0.183240703307789,0.03779593651435126,0.09136193358497267,0.18905729396063717,0.0,FP,0.8890152129470572
0.14285714285714285,0.14285714285714285,0.14285714285714285,0.14285714285714285,0.14285714285714285,0.14285714285714285,0.14285714285714285,0.0,FP,0.9999999999964029
0.14285714285714285,0.14285714285714285,0.14285714285714285,0.14285714285714285,0.14285714285714285,0.14285714285714285,0.14285714285714285,0.0,FP,0.9999999999964029
0.14285714285714285,0.14285714285714285,0.14285714285714285,0.14285714285714285,0.14285714285714285,0.14285714285714285,0.14285714285714285,0.0,FP,0.9999999999964029
0.14285714285714285,0.14285714285714285,0.14285714285714285,0.14285714285714285,0.14285714285714285,0.14285714285714285,0.14285714285714285,0.0,FP,0.9999999999964029
0.14285714285714285,0.14285714285714285,0.14285714285714285,0.14285714285714285,0.14285714285714285,0.14285714285714285,0.14285714285714285,0.0,FP,0.9999999999964029
0.14285714285714285,0.14285714285714285,0.14285714285714285,0.14285714285714285,0.14285714285714285,0.14285714285714285,0.14285714285714285,0.0,FP,0.9999999999964029
0.14285714285714285,0.14285714285714285,0.14285714285714285,0.14285714285714285,0.14285714285714285,0.14285714285714285,0.14285714285714285,0.0,FP,0.9999999999964029
0.048092486408913865,0.139010458111742,0.03371569542039224,0.08161558429282187,0.06906537548541714,0.10297308281888745,0.14242117987282185,0.38310613758900364,FP,0.8669907871466622
0.14285714285714285,0.14285714285714285,0.14285714285714285,0.14285714285714285,0.14285714285714285,0.14285714285714285,0.14285714285714285,0.0,FP,0.9999999999964029
0.14285714285714285,0.14285714285714285,0.14285714285714285,0.14285714285714285,0.14285714285714285,0.14285714285714285,0.14285714285714285,0.0,FP,0.9999999999964029
0.0016494779605831953,0.09443818243789646,0.00014720801234301598,0.04639660590391624,0.059189162350334605,0.2677385713680463,0.004505420181069795,0.5259353717858104,FP,0.605749156863677
0.14285714285714285,0.14285714285714285,0.14285714285714285,0.14285714285714285,0.14285714285714285,0.14285714285714285,0.14285714285714285,0.0,FP,0.9999999999964029
0.14285714285714285,0.14285714285714285,0.14285714285714285,0.14285714285714285,0.14285714285714285,0.14285714285714285,0.14285714285714285,0.0,FP,0.9999999999964029
0.14285714285714285,0.14285714285714285,0.14285714285714285,0.14285714285714285,0.14285714285714285,0.14285714285714285,0.14285714285714285,0.0,FP,0.9999999999964029
0.06869001523294384,0.07545628279965662,0.503560108968413,0.11998970263447459,0.07669942089324996,0.02478676138557807,0.13081770808568394,0.0,FP,0.7880749438581051
0.14285714285714285,0.14285714285714285,0.14285714285714285,0.14285714285714285,0.14285714285714285,0.14285714285714285,0.14285714285714285,0.0,FP,0.9999999999964029
0.14285714285714285,0.14285714285714285,0.14285714285714285,0.14285714285714285,0.14285714285714285,0.14285714285714285,0.14285714285714285,0.0,FP,0.9999999999964029
0.14285714285714285,0.14285714285714285,0.14285714285714285,0.14285714285714285,0.14285714285714285,0.14285714285714285,0.14285714285714285,0.0,FP,0.9999999999964029
0.14285714285714285,0.14285714285714285,0.14285714285714285,0.14285714285714285,0.14285714285714285,0.14285714285714285,0.14285714285714285,0.0,FP,0.9999999999964029
0.14285714285714285,0.14285714285714285,0.14285714285714285,0.14285714285714285,0.14285714285714285,0.14285714285714285,0.14285714285714285,0.0,FP,0.9999999999964029
0.14285714285714285,0.14285714285714285,0.14285714285714285,0.14285714285714285,0.14285714285714285,0.14285714285714285,0.14285714285714285,0.0,FP,0.9999999999964029
0.14285714285714285,0.14285714285714285,0.14285714285714285,0.14285714285714285,0.14285714285714285,0.14285714285714285,0.14285714285714285,0.0,FP,0.9999999999964029
0.3431990751719794,0.07173695971167697,0.18730243897222093,0.034026743333223516,0.078984427959288,0.283408101260782,0.0013422535908292654,0.0,FP,0.7973281519801875
0.14285714285714285,0.14285714285714285,0.14285714285714285,0.14285714285714285,0.14285714285714285,0.14285714285714285,0.14285714285714285,0.0,FP,0.9999999999964029
0.4356736717670213,0.0792292168378496,0.04558107823436878,0.042593200887954576,0.05862036039608759,0.07824499140874112,0.1809385962832084,0.07911888418476862,FP,0.8241373881254128
0.2219794045349366,0.05879208101871543,0.08127149945553658,0.06271368282707734,0.0007143434810572751,0.21426495176573251,0.08339924478603315,0.27686479213091125,FP,0.8542493394937328
0.14285714285714285,0.14285714285714285,0.14285714285714285,0.14285714285714285,0.14285714285714285,0.14285714285714285,0.14285714285714285,0.0,FP,0.9999999999964029
0.14285714285714285,0.14285714285714285,0.14285714285714285,0.14285714285714285,0.14285714285714285,0.14285714285714285,0.14285714285714285,0.0,FP,0.9999999999964029
0.14285714285714285,0.14285714285714285,0.14285714285714285,0.14285714285714285,0.14285714285714285,0.14285714285714285,0.14285714285714285,0.0,FP,0.9999999999964029
0.09066068589434406,0.20321141150004507,0.06276038894380212,0.026348461811201748,0.07288012113248461,0.23843659232474804,0.30570233839337424,0.0,FP,0.8767242949028387
0.14285714285714285,0.14285714285714285,0.14285714285714285,0.14285714285714285,0.14285714285714285,0.14285714285714285,0.14285714285714285,0.0,FP,0.9999999999964029
0.14285714285714285,0.14285714285714285,0.14285714285714285,0.14285714285714285,0.14285714285714285,0.14285714285714285,0.14285714285714285,0.0,FP,0.9999999999964029
0.14285714285714285,0.14285714285714285,0.14285714285714285,0.14285714285714285,0.14285714285714285,0.14285714285714285,0.14285714285714285,0.0,FP,0.9999999999964029
0.14285714285714285,0.14285714285714285,0.14285714285714285,0.14285714285714285,0.14285714285714285,0.14285714285714285,0.14285714285714285,0.0,FP,0.9999999999964029
0.14285714285714285,0.14285714285714285,0.14285714285714285,0.14285714285714285,0.14285714285714285,0.14285714285714285,0.14285714285714285,0.0,FP,0.9999999999964029
0.37001358454347477,0.33297112118476624,0.035904462842597955,0.12907842379702805,0.025400128204104797,0.03757585236418515,0.06824804266483445,0.0008083843990085585,FP,0.7325667085997261
0.028726297906389475,0.03142493659906217,0.3217971015205401,0.008416737032619913,0.03812595275096664,0.2430272488236274,0.3284817253667943,0.0,FP,0.7450558790062751
0.14285714285714285,0.14285714285714285,0.14285714285714285,0.14285714285714285,0.14285714285714285,0.14285714285714285,0.14285714285714285,0.0,FP,0.9999999999964029
0.14285714285714285,0.14285714285714285,0.14285714285714285,0.14285714285714285,0.14285714285714285,0.14285714285714285,0.14285714285714285,0.0,FP,0.9999999999964029
0.14285714285714285,0.14285714285714285,0.14285714285714285,0.14285714285714285,0.14285714285714285,0.14285714285714285,0.14285714285714285,0.0,FP,0.9999999999964029
0.14285714285714285,0.14285714285714285,0.14285714285714285,0.14285714285714285,0.14285714285714285,0.14285714285714285,0.14285714285714285,0.0,FP,0.9999999999964029
0.05250091835523329,0.08857034321424959,0.19586454133531667,0.020919841189195983,0.02826594321302999,0.058674155646752095,0.13999458538007253,0.4152096716661499,FP,0.8064772538348642
0.14285714285714285,0.14285714285714285,0.14285714285714285,0.14285714285714285,0.14285714285714285,0.14285714285714285,0.14285714285714285,0.0,FP,0.9999999999964029
0.012212270206134112,0.006912410091862106,0.0726786968286312,0.06457517212858994,0.7266265142878964,0.018227890046588514,0.026600016937334936,0.07216702947296282,FP,0.5034449471932368
0.17252730385427803,0.5588269099690075,0.025755746890151657,0.015281821420839111,0.04369026432845398,0.10380714078731741,0.07969012313227211,0.00042068961768027165,FP,0.655595133717229
0.14285714285714285,0.14285714285714285,0.14285714285714285,0.14285714285714285,0.14285714285714285,0.14285714285714285,0.14285714285714285,0.0,FP,0.9999999999964029
0.14285714285714285,0.14285714285714285,0.14285714285714285,0.14285714285714285,0.14285714285714285,0.14285714285714285,0.14285714285714285,0.0,FP,0.9999999999964029
0.14285714285714285,0.14285714285714285,0.14285714285714285,0.14285714285714285,0.14285714285714285,0.14285714285714285,0.14285714285714285,0.0,FP,0.9999999999964029
0.14285714285714285,0.14285714285714285,0.14285714285714285,0.14285714285714285,0.14285714285714285,0.14285714285714285,0.14285714285714285,0.0,FP,0.9999999999964029
0.14285714285714285,0.14285714285714285,0.14285714285714285,0.14285714285714285,0.14285714285714285,0.14285714285714285,0.14285714285714285,0.0,FP,0.9999999999964029
0.14285714285714285,0.14285714285714285,0.14285714285714285,0.14285714285714285,0.14285714285714285,0.14285714285714285,0.14285714285714285,0.0,FP,0.9999999999964029
0.16725687936977116,0.04600878414927051,0.23958450623202135,0.043478409135469014,0.30380714531578656,0.02152073232592583,0.012073830000936705,0.1662697134708189,FP,0.8250301074054035
0.14285714285714285,0.14285714285714285,0.14285714285714285,0.14285714285714285,0.14285714285714285,0.14285714285714285,0.14285714285714285,0.0,FP,0.9999999999964029
0.14285714285714285,0.14285714285714285,0.14285714285714285,0.14285714285714285,0.14285714285714285,0.14285714285714285,0.14285714285714285,0.0,FP,0.9999999999964029
0.14285714285714285,0.14285714285714285,0.14285714285714285,0.14285714285714285,0.14285714285714285,0.14285714285714285,0.14285714285714285,0.0,FP,0.9999999999964029
0.14285714285714285,0.14285714285714285,0.14285714285714285,0.14285714285714285,0.14285714285714285,0.14285714285714285,0.14285714285714285,0.0,FP,0.9999999999964029
0.14285714285714285,0.14285714285714285,0.14285714285714285,0.14285714285714285,0.14285714285714285,0.14285714285714285,0.14285714285714285,0.0,FP,0.9999999999964029
0.013488768269061938,0.02508893683970177,0.00907799446676653,0.022968572998771943,0.4177721888026839,0.4014877712921132,0.08988404684762198,0.020231720483278696,FP,0.6282432403206081
0.14285714285714285,0.14285714285714285,0.14285714285714285,0.14285714285714285,0.14285714285714285,0.14285714285714285,0.14285714285714285,0.0,FP,0.9999999999964029
0.14285714285714285,0.14285714285714285,0.14285714285714285,0.14285714285714285,0.14285714285714285,0.14285714285714285,0.14285714285714285,0.0,FP,0.9999999999964029
0.14285714285714285,0.14285714285714285,0.14285714285714285,0.14285714285714285,0.14285714285714285,0.14285714285714285,0.14285714285714285,0.0,FP,0.9999999999964029
0.14285714285714285,0.14285714285714285,0.14285714285714285,0.14285714285714285,0.14285714285714285,0.14285714285714285,0.14285714285714285,0.0,FP,0.9999999999964029
0.02936591714999254,0.17240479142973805,0.18358169458880638,0.12733380919749754,0.04142472934039341,0.05250946669971262,0.1691124220644167,0.22426716952944267,FP,0.9150145065551507
0.14285714285714285,0.14285714285714285,0.14285714285714285,0.14285714285714285,0.14285714285714285,0.14285714285714285,0.14285714285714285,0.0,FP,0.9999999999964029
0.028765826189853266,0.20119689512757882,0.23065228361034967,0.33527494154400056,0.11127099255105397,0.005876250277226117,0.08026771163212822,0.006695099067809283,FP,0.7886295003504378
0.14285714285714285,0.14285714285714285,0.14285714285714285,0.14285714285714285,0.14285714285714285,0.14285714285714285,0.14285714285714285,0.0,FP,0.9999999999964029
0.14285714285714285,0.14285714285714285,0.14285714285714285,0.14285714285714285,0.14285714285714285,0.14285714285714285,0.14285714285714285,0.0,FP,0.9999999999964029
0.14285714285714285,0.14285714285714285,0.14285714285714285,0.14285714285714285,0.14285714285714285,0.14285714285714285,0.14285714285714285,0.0,FP,0.9999999999964029
0.14285714285714285,0.14285714285714285,0.14285714285714285,0.14285714285714285,0.14285714285714285,0.14285714285714285,0.14285714285714285,0.0,FP,0.9999999999964029
0.14285714285714285,0.14285714285714285,0.14285714285714285,0.14285714285714285,0.14285714285714285,0.14285714285714285,0.14285714285714285,0.0,FP,0.9999999999964029
0.14285714285714285,0.14285714285714285,0.14285714285714285,0.14285714285714285,0.14285714285714285,0.14285714285714285,0.14285714285714285,0.0,FP,0.9999999999964029
0.28707468048448087,0.011579863166599019,0.08900902583314783,0.011913493555214299,0.16415769082749973,0.08446895677274718,0.351796289360311,0.0,FP,0.7970006307940881
0.14285714285714285,0.14285714285714285,0.14285714285714285,0.14285714285714285,0.14285714285714285,0.14285714285714285,0.14285714285714285,0.0,FP,0.9999999999964029
0.14285714285714285,0.14285714285714285,0.14285714285714285,0.14285714285714285,0.14285714285714285,0.14285714285714285,0.14285714285714285,0.0,FP,0.9999999999964029
0.14285714285714285,0.14285714285714285,0.14285714285714285,0.14285714285714285,0.14285714285714285,0.14285714285714285,0.14285714285714285,0.0,FP,0.9999999999964029
0.02589226672786568,0.053104730603308344,0.6610718135466087,0.09223192125748449,0.028667329250939188,0.006610780310273147,0.13242115830352047,0.0,FP,0.5892706459585597
0.14285714285714285,0.14285714285714285,0.14285714285714285,0.14285714285714285,0.14285714285714285,0.14285714285714285,0.14285714285714285,0.0,FP,0.9999999999964029
0.4060938157977878,0.14902740570735784,0.10490099321154939,0.03324218503983328,0.10330413120744855,0.11435231363211922,0.02918872295437879,0.05989043244952495,FP,0.8432874568616641
0.14285714285714285,0.14285714285714285,0.14285714285714285,0.14285714285714285,0.14285714285714285,0.14285714285714285,0.14285714285714285,0.0,FP,0.9999999999964029
0.16119318660802764,0.08091472257521229,0.10834579277997745,0.17222406191390283,0.28124678272610865,0.031873904580172974,0.025900548555314335,0.13830100026128386,FP,0.9022673808646536
0.14285714285714285,0.14285714285714285,0.14285714285714285,0.14285714285714285,0.14285714285714285,0.14285714285714285,0.14285714285714285,0.0,FP,0.9999999999964029
0.058238986734720145,0.46804730182904664,0.0009389607171006627,0.20390145398415896,0.09311636282378395,0.13646490675204206,0.03929202715914755,0.0,FP,0.7563121488680932
0.07566980162236087,0.044787304731501554,0.05566319048725163,0.2677127962731516,0.045772280983793136,0.5083338761347226,0.00206074976721865,0.0,FP,0.691642366973164
0.14285714285714285,0.14285714285714285,0.14285714285714285,0.14285714285714285,0.14285714285714285,0.14285714285714285,0.14285714285714285,0.0,FP,0.9999999999964029
0.14285714285714285,0.14285714285714285,0.14285714285714285,0.14285714285714285,0.14285714285714285,0.14285714285714285,0.14285714285714285,0.0,FP,0.9999999999964029
0.007109281897839575,0.0026384886461498377,0.12928360556287138,0.07654263903800176,0.13215590284321105,0.3406110044742279,0.3116590775376987,0.0,FP,0.7758132735677046
0.44375772035133515,0.1681053103926215,0.22316612536830563,0.031211999867701165,0.005545842249880032,0.04704719022140461,0.08116581154875188,0.0,FP,0.7603990044586331
0.14285714285714285,0.14285714285714285,0.14285714285714285,0.14285714285714285,0.14285714285714285,0.14285714285714285,0.14285714285714285,0.0,FP,0.9999999999964029
0.14285714285714285,0.14285714285714285,0.14285714285714285,0.14285714285714285,0.14285714285714285,0.14285714285714285,0.14285714285714285,0.0,FP,0.9999999999964029
0.14285714285714285,0.14285714285714285,0.14285714285714285,0.14285714285714285,0.14285714285714285,0.14285714285714285,0.14285714285714285,0.0,FP,0.9999999999964029
0.14285714285714285,0.14285714285714285,0.14285714285714285,0.14285714285714285,0.14285714285714285,0.14285714285714285,0.14285714285714285,0.0,FP,0.9999999999964029
0.14285714285714285,0.14285714285714285,0.14285714285714285,0.14285714285714285,0.14285714285714285,0.14285714285714285,0.14285714285714285,0.0,FP,0.9999999999964029
0.14285714285714285,0.14285714285714285,0.14285714285714285,0.14285714285714285,0.14285714285714285,0.14285714285714285,0.14285714285714285,0.0,FP,0.9999999999964029
0.14285714285714285,0.14285714285714285,0.14285714285714285,0.14285714285714285,0.14285714285714285,0.14285714285714285,0.14285714285714285,0.0,FP,0.9999999999964029
0.14285714285714285,0.14285714285714285,0.14285714285714285,0.14285714285714285,0.14285714285714285,0.14285714285714285,0.14285714285714285,0.0,FP,0.9999999999964029
0.14285714285714285,0.14285714285714285,0.14285714285714285,0.14285714285714285,0.14285714285714285,0.14285714285714285,0.14285714285714285,0.0,FP,0.9999999999964029
0.14285714285714285,0.14285714285714285,0.14285714285714285,0.14285714285714285,0.14285714285714285,0.14285714285714285,0.14285714285714285,0.0,FP,0.9999999999964029
0.14285714285714285,0.14285714285714285,0.14285714285714285,0.14285714285714285,0.14285714285714285,0.14285714285714285,0.14285714285714285,0.0,FP,0.9999999999964029
0.14285714285714285,0.14285714285714285,0.14285714285714285,0.14285714285714285,0.14285714285714285,0.14285714285714285,0.14285714285714285,0.0,FP,0.9999999999964029
0.03082683380587651,0.08327508789476634,0.03389119561128237,0.477278403022737,0.10292739161003174,0.02810325652045212,0.03855662766296815,0.2051412038718858,FP,0.7535044135568623
0.14285714285714285,0.14285714285714285,0.14285714285714285,0.14285714285714285,0.14285714285714285,0.14285714285714285,0.14285714285714285,0.0,FP,0.9999999999964029
0.14285714285714285,0.14285714285714285,0.14285714285714285,0.14285714285714285,0.14285714285714285,0.14285714285714285,0.14285714285714285,0.0,FP,0.9999999999964029
0.027934744892841916,0.8394132916599435,0.013234433028399667,0.009571947024981074,0.034186932065528,0.00828720465218404,0.06737144667612184,0.0,FP,0.3522749159628773
0.14285714285714285,0.14285714285714285,0.14285714285714285,0.14285714285714285,0.14285714285714285,0.14285714285714285,0.14285714285714285,0.0,FP,0.9999999999964029
0.14285714285714285,0.14285714285714285,0.14285714285714285,0.14285714285714285,0.14285714285714285,0.14285714285714285,0.14285714285714285,0.0,FP,0.9999999999964029
0.14285714285714285,0.14285714285714285,0.14285714285714285,0.14285714285714285,0.14285714285714285,0.14285714285714285,0.14285714285714285,0.0,FP,0.9999999999964029
0.14285714285714285,0.14285714285714285,0.14285714285714285,0.14285714285714285,0.14285714285714285,0.14285714285714285,0.14285714285714285,0.0,FP,0.9999999999964029
0.14285714285714285,0.14285714285714285,0.14285714285714285,0.14285714285714285,0.14285714285714285,0.14285714285714285,0.14285714285714285,0.0,FP,0.9999999999964029
0.14285714285714285,0.14285714285714285,0.14285714285714285,0.14285714285714285,0.14285714285714285,0.14285714285714285,0.14285714285714285,0.0,FP,0.9999999999964029
0.14285714285714285,0.14285714285714285,0.14285714285714285,0.14285714285714285,0.14285714285714285,0.14285714285714285,0.14285714285714285,0.0,FP,0.9999999999964029
0.25521095643273806,0.048389539043468266,0.10097237188209973,0.016963431948411472,0.17371871555486582,0.11850602171496274,0.04751936330288155,0.23871960012057244,FP,0.8845147337414296
0.14285714285714285,0.14285714285714285,0.14285714285714285,0.14285714285714285,0.14285714285714285,0.14285714285714285,0.14285714285714285,0.0,FP,0.9999999999964029
0.14285714285714285,0.14285714285714285,0.14285714285714285,0.14285714285714285,0.14285714285714285,0.14285714285714285,0.14285714285714285,0.0,FP,0.9999999999964029
0.14285714285714285,0.14285714285714285,0.14285714285714285,0.14285714285714285,0.14285714285714285,0.14285714285714285,0.14285714285714285,0.0,FP,0.9999999999964029
0.14285714285714285,0.14285714285714285,0.14285714285714285,0.14285714285714285,0.14285714285714285,0.14285714285714285,0.14285714285714285,0.0,FP,0.9999999999964029
0.0006301109019070701,0.5574163573604912,0.10781201359037337,0.0022950673418647882,0.10541553249298899,0.03474530219600065,0.14186056262392313,0.049825053492450685,FP,0.6563716992603114
0.14285714285714285,0.14285714285714285,0.14285714285714285,0.14285714285714285,0.14285714285714285,0.14285714285714285,0.14285714285714285,0.0,FP,0.9999999999964029
0.14285714285714285,0.14285714285714285,0.14285714285714285,0.14285714285714285,0.14285714285714285,0.14285714285714285,0.14285714285714285,0.0,FP,0.9999999999964029
0.14285714285714285,0.14285714285714285,0.14285714285714285,0.14285714285714285,0.14285714285714285,0.14285714285714285,0.14285714285714285,0.0,FP,0.9999999999964029
0.012808037187821975,0.14610299547587569,0.033710140803883425,0.2537538164181349,0.20388968191384121,0.16381775581248392,0.18591757238795903,0.0,FP,0.8903134985271752
0.01546300561380053,0.12286617552293491,0.028146605364983646,0.3695057801227255,0.1276961981682506,0.029748537982890712,0.23377842761450182,0.07279526960991234,FP,0.8119124745474554
0.0017902665669855874,0.34929360096089374,0.1220680390775967,0.006253380799370598,0.03943403688016727,0.02588291253901175,0.400613923052857,0.0546638401231173,FP,0.6802854569776693
0.14285714285714285,0.14285714285714285,0.14285714285714285,0.14285714285714285,0.14285714285714285,0.14285714285714285,0.14285714285714285,0.0,FP,0.9999999999964029
0.14285714285714285,0.14285714285714285,0.14285714285714285,0.14285714285714285,0.14285714285714285,0.14285714285714285,0.14285714285714285,0.0,FP,0.9999999999964029
0.14285714285714285,0.14285714285714285,0.14285714285714285,0.14285714285714285,0.14285714285714285,0.14285714285714285,0.14285714285714285,0.0,FP,0.9999999999964029
0.14285714285714285,0.14285714285714285,0.14285714285714285,0.14285714285714285,0.14285714285714285,0.14285714285714285,0.14285714285714285,0.0,FP,0.9999999999964029
0.17063211664822456,0.026955856663797507,0.2235819767490562,0.15184569086667674,0.08587562453640551,0.16696891629670482,0.17413981823913469,0.0,FP,0.9426516272554984
0.14285714285714285,0.14285714285714285,0.14285714285714285,0.14285714285714285,0.14285714285714285,0.14285714285714285,0.14285714285714285,0.0,FP,0.9999999999964029
0.14285714285714285,0.14285714285714285,0.14285714285714285,0.14285714285714285,0.14285714285714285,0.14285714285714285,0.14285714285714285,0.0,FP,0.9999999999964029
0.14285714285714285,0.14285714285714285,0.14285714285714285,0.14285714285714285,0.14285714285714285,0.14285714285714285,0.14285714285714285,0.0,FP,0.9999999999964029
0.14285714285714285,0.14285714285714285,0.14285714285714285,0.14285714285714285,0.14285714285714285,0.14285714285714285,0.14285714285714285,0.0,FP,0.9999999999964029
0.14285714285714285,0.14285714285714285,0.14285714285714285,0.14285714285714285,0.14285714285714285,0.14285714285714285,0.14285714285714285,0.0,FP,0.9999999999964029
0.14285714285714285,0.14285714285714285,0.14285714285714285,0.14285714285714285,0.14285714285714285,0.14285714285714285,0.14285714285714285,0.0,FP,0.9999999999964029
0.16914442922131415,0.09158609522638628,0.09442589865171426,0.31493726166746827,0.006738874318206953,0.23698660844945568,0.08618083246545445,0.0,FP,0.8697049282591643
0.11068565634945514,0.32724479735455586,0.05303689890458422,0.03384913680800901,0.01873586843151251,0.3794922067540905,0.0769554353977928,0.0,FP,0.780667815912973
0.14285714285714285,0.14285714285714285,0.14285714285714285,0.14285714285714285,0.14285714285714285,0.14285714285714285,0.14285714285714285,0.0,FP,0.9999999999964029
0.14285714285714285,0.14285714285714285,0.14285714285714285,0.14285714285714285,0.14285714285714285,0.14285714285714285,0.14285714285714285,0.0,FP,0.9999999999964029
0.16940556896282755,0.05533887268801475,0.1358095598761081,0.042432877573671944,0.06138543321061728,0.46924783528713604,0.06637985240162424,0.0,FP,0.8081335439141344
0.14285714285714285,0.14285714285714285,0.14285714285714285,0.14285714285714285,0.14285714285714285,0.14285714285714285,0.14285714285714285,0.0,FP,0.9999999999964029
0.14285714285714285,0.14285714285714285,0.14285714285714285,0.14285714285714285,0.14285714285714285,0.14285714285714285,0.14285714285714285,0.0,FP,0.9999999999964029
0.14285714285714285,0.14285714285714285,0.14285714285714285,0.14285714285714285,0.14285714285714285,0.14285714285714285,0.14285714285714285,0.0,FP,0.9999999999964029
0.14285714285714285,0.14285714285714285,0.14285714285714285,0.14285714285714285,0.14285714285714285,0.14285714285714285,0.14285714285714285,0.0,FP,0.9999999999964029
0.14285714285714285,0.14285714285714285,0.14285714285714285,0.14285714285714285,0.14285714285714285,0.14285714285714285,0.14285714285714285,0.0,FP,0.9999999999964029
0.14285714285714285,0.14285714285714285,0.14285714285714285,0.14285714285714285,0.14285714285714285,0.14285714285714285,0.14285714285714285,0.0,FP,0.9999999999964029
0.04922224177934596,0.19397463245310217,0.07747088943564359,0.1484122521905155,0.08748806636905229,0.02199038479992602,0.09081425572136298,0.3306272772510514,FP,0.8793294558424516
0.14285714285714285,0.14285714285714285,0.14285714285714285,0.14285714285714285,0.14285714285714285,0.14285714285714285,0.14285714285714285,0.0,FP,0.9999999999964029
0.15877386509550906,0.03049553244432672,0.536070432377275,0.005668024029221224,0.02335986710135241,0.13426617207014538,0.11136610688217023,0.0,FP,0.7009429262339502
0.03245535333739178,0.17310665002851303,0.064855932498418,0.2171179547750459,0.12078369683435304,0.27320739654782866,0.11847301597844954,0.0,FP,0.9180248647172704
0.14285714285714285,0.14285714285714285,0.14285714285714285,0.14285714285714285,0.14285714285714285,0.14285714285714285,0.14285714285714285,0.0,FP,0.9999999999964029
0.14285714285714285,0.14285714285714285,0.14285714285714285,0.14285714285714285,0.14285714285714285,0.14285714285714285,0.14285714285714285,0.0,FP,0.9999999999964029
0.14285714285714285,0.14285714285714285,0.14285714285714285,0.14285714285714285,0.14285714285714285,0.14285714285714285,0.14285714285714285,0.0,FP,0.9999999999964029
0.24787939016000526,0.10299950237682678,0.3200970865551616,0.05467630862957032,0.10860006591561572,0.08750767634300348,0.07654446642577849,0.0016955035940382406,FP,0.8488845338660242
0.14285714285714285,0.14285714285714285,0.14285714285714285,0.14285714285714285,0.14285714285714285,0.14285714285714285,0.14285714285714285,0.0,FP,0.9999999999964029
0.05988153471863554,0.26577985246300373,0.011767223197523737,0.02893352570144102,0.0528579678489562,0.012606318632636348,0.009649311749814997,0.5585242656879884,FP,0.6041011132418148
0.04311319879549486,0.11743641384395344,0.00837672488631744,0.1634282526095528,0.07983554930187302,0.12528631056976067,0.136483642028461,0.32603990796458676,FP,0.8764047396768184
0.03747499641264384,0.053921067222115406,0.00011965640509812198,0.006027380792436192,0.7827769242761627,0.0037957461471580666,0.07698260048819072,0.038901628256194795,FP,0.408276369036858
0.14285714285714285,0.14285714285714285,0.14285714285714285,0.14285714285714285,0.14285714285714285,0.14285714285714285,0.14285714285714285,0.0,FP,0.9999999999964029
0.14285714285714285,0.14285714285714285,0.14285714285714285,0.14285714285714285,0.14285714285714285,0.14285714285714285,0.14285714285714285,0.0,FP,0.9999999999964029
0.12471845876407998,0.11121260547566111,0.12165440346250178,0.05258755118643845,0.2481775354236992,0.1777001314922434,0.07817668938749228,0.0857726248078838,FP,0.9511340802479643
0.06072042994748727,0.02361362561139883,0.1068597015983249,0.010651488828262067,0.564583535655357,0.21563810121863602,0.017933117140533895,0.0,FP,0.6534689823065764
0.050032966532789123,0.6556092768917656,0.020460656881281035,0.044938044770300056,0.006356653752613015,0.046166845765880836,0.15285799101078082,0.023577564394589526,FP,0.5747890003643996
0.014554195575090492,0.006664721141427287,0.1732891777648497,0.28368782087663286,0.14300983569335066,0.09525220435416226,0.041609710387000905,0.24193233420748586,FP,0.8337927494662412
0.05814370442803315,0.10691539881385827,0.06737413730539288,0.0876670049964369,5.766936206555056e-06,0.08004243371500722,0.3577430278306992,0.24210852597436577,FP,0.823737312770663
0.14285714285714285,0.14285714285714285,0.14285714285714285,0.14285714285714285,0.14285714285714285,0.14285714285714285,0.14285714285714285,0.0,FP,0.9999999999964029
0.14285714285714285,0.14285714285714285,0.14285714285714285,0.14285714285714285,0.14285714285714285,0.14285714285714285,0.14285714285714285,0.0,FP,0.9999999999964029
0.14285714285714285,0.14285714285714285,0.14285714285714285,0.14285714285714285,0.14285714285714285,0.14285714285714285,0.14285714285714285,0.0,FP,0.9999999999964029
0.0002758858795690988,0.20032617113867585,0.09294567010564138,0.11492946163379134,0.05097966264258656,0.4370213619351317,0.10352178666460397,0.0,FP,0.7924702670579332
0.45781612253650034,0.061141694976690204,0.021184626300307506,0.03332878584868663,0.11482256935712648,0.0739005821728862,0.23780561880780257,0.0,FP,0.7740134940282501
0.14285714285714285,0.14285714285714285,0.14285714285714285,0.14285714285714285,0.14285714285714285,0.14285714285714285,0.14285714285714285,0.0,FP,0.9999999999964029
0.14285714285714285,0.14285714285714285,0.14285714285714285,0.14285714285714285,0.14285714285714285,0.14285714285714285,0.14285714285714285,0.0,FP,0.9999999999964029
0.14285714285714285,0.14285714285714285,0.14285714285714285,0.14285714285714285,0.14285714285714285,0.14285714285714285,0.14285714285714285,0.0,FP,0.9999999999964029
0.001130424974665968,0.17533061967486308,0.4433474284632998,0.105811659560388,0.020139069586222778,0.05382603669412286,0.03853560569450816,0.16187915535192957,FP,0.7537539383518276
0.14285714285714285,0.14285714285714285,0.14285714285714285,0.14285714285714285,0.14285714285714285,0.14285714285714285,0.14285714285714285,0.0,FP,0.9999999999964029
0.10217407396955205,0.29924099342709404,0.07745838299387928,0.13570967596278155,0.08531211292651196,0.11426469893080443,0.18584006178937668,0.0,FP,0.9424327301344075
0.072572022007886,0.22209358106223187,0.3720540029348166,0.08013302528145164,0.09008078067988856,0.04803890010716326,0.1150276879265621,0.0,FP,0.8767517698242885
0.14285714285714285,0.14285714285714285,0.14285714285714285,0.14285714285714285,0.14285714285714285,0.14285714285714285,0.14285714285714285,0.0,FP,0.9999999999964029
0.06392697153533781,0.0611417608250446,0.31202669127711596,0.03854591392926794,0.05400087188226354,0.14831840301210242,0.2281777668548567,0.09386162068401091,FP,0.8826751090766668
0.14285714285714285,0.14285714285714285,0.14285714285714285,0.14285714285714285,0.14285714285714285,0.14285714285714285,0.14285714285714285,0.0,FP,0.9999999999964029
0.14285714285714285,0.14285714285714285,0.14285714285714285,0.14285714285714285,0.14285714285714285,0.14285714285714285,0.14285714285714285,0.0,FP,0.9999999999964029
0.14285714285714285,0.14285714285714285,0.14285714285714285,0.14285714285714285,0.14285714285714285,0.14285714285714285,0.14285714285714285,0.0,FP,0.9999999999964029
0.14285714285714285,0.14285714285714285,0.14285714285714285,0.14285714285714285,0.14285714285714285,0.14285714285714285,0.14285714285714285,0.0,FP,0.9999999999964029
0.14285714285714285,0.14285714285714285,0.14285714285714285,0.14285714285714285,0.14285714285714285,0.14285714285714285,0.14285714285714285,0.0,FP,0.9999999999964029
0.3902219966671448,0.018051204282442637,0.0029272234388516946,0.253076063199379,0.10648710076473326,0.023693537672265813,0.03112622161695427,0.1744166523582285,FP,0.7426330720349673
0.14285714285714285,0.14285714285714285,0.14285714285714285,0.14285714285714285,0.14285714285714285,0.14285714285714285,0.14285714285714285,0.0,FP,0.9999999999964029
0.14285714285714285,0.14285714285714285,0.14285714285714285,0.14285714285714285,0.14285714285714285,0.14285714285714285,0.14285714285714285,0.0,FP,0.9999999999964029
0.14285714285714285,0.14285714285714285,0.14285714285714285,0.14285714285714285,0.14285714285714285,0.14285714285714285,0.14285714285714285,0.0,FP,0.9999999999964029
0.14285714285714285,0.14285714285714285,0.14285714285714285,0.14285714285714285,0.14285714285714285,0.14285714285714285,0.14285714285714285,0.0,FP,0.9999999999964029
0.14285714285714285,0.14285714285714285,0.14285714285714285,0.14285714285714285,0.14285714285714285,0.14285714285714285,0.14285714285714285,0.0,FP,0.9999999999964029
0.0016911387028993325,0.22980528774305767,0.03886018802954671,0.12171593837167856,0.03237330674890777,0.5706267385092575,0.00492740189465246,0.0,FP,0.6108425507605406
0.14285714285714285,0.14285714285714285,0.14285714285714285,0.14285714285714285,0.14285714285714285,0.14285714285714285,0.14285714285714285,0.0,FP,0.9999999999964029
0.14285714285714285,0.14285714285714285,0.14285714285714285,0.14285714285714285,0.14285714285714285,0.14285714285714285,0.14285714285714285,0.0,FP,0.9999999999964029
0.14285714285714285,0.14285714285714285,0.14285714285714285,0.14285714285714285,0.14285714285714285,0.14285714285714285,0.14285714285714285,0.0,FP,0.9999999999964029
0.14285714285714285,0.14285714285714285,0.14285714285714285,0.14285714285714285,0.14285714285714285,0.14285714285714285,0.14285714285714285,0.0,FP,0.9999999999964029
0.14285714285714285,0.14285714285714285,0.14285714285714285,0.14285714285714285,0.14285714285714285,0.14285714285714285,0.14285714285714285,0.0,FP,0.9999999999964029
0.002205895949671724,0.45281352956815535,0.1320953956418047,0.046552251763267875,0.1732521192392925,0.014168859120523845,0.11545180490734694,0.06346014380993684,FP,0.7553357929880489
0.14285714285714285,0.14285714285714285,0.14285714285714285,0.14285714285714285,0.14285714285714285,0.14285714285714285,0.14285714285714285,0.0,FP,0.9999999999964029
0.14285714285714285,0.14285714285714285,0.14285714285714285,0.14285714285714285,0.14285714285714285,0.14285714285714285,0.14285714285714285,0.0,FP,0.9999999999964029
0.14285714285714285,0.14285714285714285,0.14285714285714285,0.14285714285714285,0.14285714285714285,0.14285714285714285,0.14285714285714285,0.0,FP,0.9999999999964029
0.14285714285714285,0.14285714285714285,0.14285714285714285,0.14285714285714285,0.14285714285714285,0.14285714285714285,0.14285714285714285,0.0,FP,0.9999999999964029
0.14285714285714285,0.14285714285714285,0.14285714285714285,0.14285714285714285,0.14285714285714285,0.14285714285714285,0.14285714285714285,0.0,FP,0.9999999999964029
0.14285714285714285,0.14285714285714285,0.14285714285714285,0.14285714285714285,0.14285714285714285,0.14285714285714285,0.14285714285714285,0.0,FP,0.9999999999964029
0.012018135134725095,0.06629797631556275,0.4107285806097947,0.018406687377502298,0.17379347143018442,0.01701356206334751,0.03223677661026521,0.2695048104586179,FP,0.7259494826889135
0.14285714285714285,0.14285714285714285,0.14285714285714285,0.14285714285714285,0.14285714285714285,0.14285714285714285,0.14285714285714285,0.0,FP,0.9999999999964029
0.19756067688240606,0.16575128155428126,0.03485727634457529,0.22741099333074996,0.12559086958535104,0.21968148579694755,0.029147416505688757,0.0,FP,0.908899402041986
0.14285714285714285,0.14285714285714285,0.14285714285714285,0.14285714285714285,0.14285714285714285,0.14285714285714285,0.14285714285714285,0.0,FP,0.9999999999964029
0.14285714285714285,0.14285714285714285,0.14285714285714285,0.14285714285714285,0.14285714285714285,0.14285714285714285,0.14285714285714285,0.0,FP,0.9999999999964029
0.14285714285714285,0.14285714285714285,0.14285714285714285,0.14285714285714285,0.14285714285714285,0.14285714285714285,0.14285714285714285,0.0,FP,0.9999999999964029
0.14285714285714285,0.14285714285714285,0.14285714285714285,0.14285714285714285,0.14285714285714285,0.14285714285714285,0.14285714285714285,0.0,FN,0.9999999999964029
0.14285714285714285,0.14285714285714285,0.14285714285714285,0.14285714285714285,0.14285714285714285,0.14285714285714285,0.14285714285714285,0.0,FN,0.9999999999964029
0.14285714285714285,0.14285714285714285,0.14285714285714285,0.14285714285714285,0.14285714285714285,0.14285714285714285,0.14285714285714285,0.0,FN,0.9999999999964029
0.14285714285714285,0.14285714285714285,0.14285714285714285,0.14285714285714285,0.14285714285714285,0.14285714285714285,0.14285714285714285,0.0,FN,0.9999999999964029
0.0842840130553307,0.022393467537397856,0.2801568210389279,0.3479764235260976,0.17332757091776677,0.05875645752924684,0.03310524639523232,0.0,FN,0.8224886188032439
0.03115567318745467,0.0655531165260409,0.271320459997047,0.21129426184575206,0.0012222617307428459,0.2447870995708027,0.01447989750760824,0.16018722963455145,FN,0.8062134604533836
0.14285714285714285,0.14285714285714285,0.14285714285714285,0.14285714285714285,0.14285714285714285,0.14285714285714285,0.14285714285714285,0.0,FN,0.9999999999964029
0.14285714285714285,0.14285714285714285,0.14285714285714285,0.14285714285714285,0.14285714285714285,0.14285714285714285,0.14285714285714285,0.0,FN,0.9999999999964029
0.42141773285536754,0.02593338443852987,0.005039141588814227,0.04742801634642061,0.3892483682662512,0.06347934019468675,0.04745401630992977,0.0,FN,0.6768276040514881
0.14285714285714285,0.14285714285714285,0.14285714285714285,0.14285714285714285,0.14285714285714285,0.14285714285714285,0.14285714285714285,0.0,FN,0.9999999999964029
0.32716437408081195,0.06420882098591942,0.14836292733564263,0.19859214895379607,0.05554262838268017,0.03667445137454264,0.05469861615524857,0.11475603273135863,FN,0.8825071025530368
0.14285714285714285,0.14285714285714285,0.14285714285714285,0.14285714285714285,0.14285714285714285,0.14285714285714285,0.14285714285714285,0.0,FN,0.9999999999964029
0.14285714285714285,0.14285714285714285,0.14285714285714285,0.14285714285714285,0.14285714285714285,0.14285714285714285,0.14285714285714285,0.0,FN,0.9999999999964029
0.14285714285714285,0.14285714285714285,0.14285714285714285,0.14285714285714285,0.14285714285714285,0.14285714285714285,0.14285714285714285,0.0,FN,0.9999999999964029
0.0006935282191291765,0.00032975265738299363,0.0651348912831451,0.08638279368733884,0.5604114606921009,0.04423899810151093,0.054647050175971434,0.1881615251834207,FN,0.6409293333348379
0.002774593704032266,0.07215827455156021,0.27606568629309214,0.16553272731258867,0.3888121624858599,0.04853737383371504,0.004457449216019512,0.04166173260313219,FN,0.7356603704811425
0.37758338081743714,0.0674464732346704,0.07531390854927708,0.31493409863982247,0.06851174081112953,0.05495896822112197,0.008527793586367174,0.032723636140174116,FN,0.7713125094726245
0.14196882197141894,0.24921756170846562,0.0864856994675927,0.1331186345120409,0.09869064217341411,0.126941463044448,0.08411630402642649,0.07946087309619326,FN,0.963514084459748
0.14285714285714285,0.14285714285714285,0.14285714285714285,0.14285714285714285,0.14285714285714285,0.14285714285714285,0.14285714285714285,0.0,FN,0.9999999999964029
0.14285714285714285,0.14285714285714285,0.14285714285714285,0.14285714285714285,0.14285714285714285,0.14285714285714285,0.14285714285714285,0.0,FN,0.9999999999964029
0.14285714285714285,0.14285714285714285,0.14285714285714285,0.14285714285714285,0.14285714285714285,0.14285714285714285,0.14285714285714285,0.0,FN,0.9999999999964029
0.14285714285714285,0.14285714285714285,0.14285714285714285,0.14285714285714285,0.14285714285714285,0.14285714285714285,0.14285714285714285,0.0,FN,0.9999999999964029
0.0474870999893816,0.23075482808310818,0.010149776941841026,0.14148700571984327,0.10426697524134336,0.1988139424713305,0.17201610031799966,0.09502427123515243,FN,0.9087428541675048
0.14285714285714285,0.14285714285714285,0.14285714285714285,0.14285714285714285,0.14285714285714285,0.14285714285714285,0.14285714285714285,0.0,FN,0.9999999999964029
0.14285714285714285,0.14285714285714285,0.14285714285714285,0.14285714285714285,0.14285714285714285,0.14285714285714285,0.14285714285714285,0.0,FN,0.9999999999964029
0.14285714285714285,0.14285714285714285,0.14285714285714285,0.14285714285714285,0.14285714285714285,0.14285714285714285,0.14285714285714285,0.0,FN,0.9999999999964029
0.14285714285714285,0.14285714285714285,0.14285714285714285,0.14285714285714285,0.14285714285714285,0.14285714285714285,0.14285714285714285,0.0,FN,0.9999999999964029
0.14285714285714285,0.14285714285714285,0.14285714285714285,0.14285714285714285,0.14285714285714285,0.14285714285714285,0.14285714285714285,0.0,FN,0.9999999999964029
0.38621381176683733,0.021158157565963245,0.0008635832260078314,0.435930385034581,0.047081589104042344,0.09340740321394374,0.015345070088624489,0.0,FN,0.6405554044494682
0.14285714285714285,0.14285714285714285,0.14285714285714285,0.14285714285714285,0.14285714285714285,0.14285714285714285,0.14285714285714285,0.0,FN,0.9999999999964029
0.41460218489507816,0.1130855063319608,0.026436969628089006,0.2405337595962791,0.045016309688656296,0.010565022660146913,0.06877297669543309,0.08098727050435656,FN,0.7817531986001804
0.14285714285714285,0.14285714285714285,0.14285714285714285,0.14285714285714285,0.14285714285714285,0.14285714285714285,0.14285714285714285,0.0,FN,0.9999999999964029
0.06532332693031048,0.3529918904663703,0.014452726111843856,0.18932478536333439,0.16758111438869136,0.17793603969373822,0.032390117045711306,0.0,FN,0.8426638345953789
0.14285714285714285,0.14285714285714285,0.14285714285714285,0.14285714285714285,0.14285714285714285,0.14285714285714285,0.14285714285714285,0.0,FN,0.9999999999964029
0.2674451738454639,0.01190567711872459,0.042067338578388486,0.003167405487043035,0.3969900439755527,0.016510112274806994,0.2619142487200202,0.0,FN,0.6898537640588298
0.0702597932576357,0.02340248647275197,0.052602232686428066,0.22701883120669636,0.5981851542291005,0.0027383606438873905,0.025793141503500056,0.0,FN,0.6083797790407875
0.27519090955488973,0.0007466969269266838,0.12252188904064698,0.058764336264534804,0.331636882992931,0.1907204408136047,0.02041884440646613,0.0,FN,0.7943509877111187
0.14285714285714285,0.14285714285714285,0.14285714285714285,0.14285714285714285,0.14285714285714285,0.14285714285714285,0.14285714285714285,0.0,FN,0.9999999999964029
0.14285714285714285,0.14285714285714285,0.14285714285714285,0.14285714285714285,0.14285714285714285,0.14285714285714285,0.14285714285714285,0.0,FN,0.9999999999964029
0.0013328882634263083,0.10751765290729819,0.040221587989972336,0.00920760061810087,0.6034212749422735,0.008367262911617376,0.2299317323673116,0.0,FN,0.5672604424290753
0.14285714285714285,0.14285714285714285,0.14285714285714285,0.14285714285714285,0.14285714285714285,0.14285714285714285,0.14285714285714285,0.0,FN,0.9999999999964029
0.14285714285714285,0.14285714285714285,0.14285714285714285,0.14285714285714285,0.14285714285714285,0.14285714285714285,0.14285714285714285,0.0,FN,0.9999999999964029
0.14285714285714285,0.14285714285714285,0.14285714285714285,0.14285714285714285,0.14285714285714285,0.14285714285714285,0.14285714285714285,0.0,FN,0.9999999999964029
0.3470437173251573,0.02441806739139567,0.017234177678605432,0.237939307577054,0.005855386751863023,0.36505893650042215,0.002450406775502368,0.0,FN,0.658936414987355
0.14285714285714285,0.14285714285714285,0.14285714285714285,0.14285714285714285,0.14285714285714285,0.14285714285714285,0.14285714285714285,0.0,FN,0.9999999999964029
0.010808297950487666,0.2453688164584536,0.3963582146410583,0.015602913706643011,0.0672442856236047,0.10935869161004053,0.08968347757607496,0.06557530243363711,FN,0.7905343908027962
0.14285714285714285,0.14285714285714285,0.14285714285714285,0.14285714285714285,0.14285714285714285,0.14285714285714285,0.14285714285714285,0.0,FN,0.9999999999964029
0.14285714285714285,0.14285714285714285,0.14285714285714285,0.14285714285714285,0.14285714285714285,0.14285714285714285,0.14285714285714285,0.0,FN,0.9999999999964029
0.14285714285714285,0.14285714285714285,0.14285714285714285,0.14285714285714285,0.14285714285714285,0.14285714285714285,0.14285714285714285,0.0,FN,0.9999999999964029
0.14285714285714285,0.14285714285714285,0.14285714285714285,0.14285714285714285,0.14285714285714285,0.14285714285714285,0.14285714285714285,0.0,FN,0.9999999999964029
0.14285714285714285,0.14285714285714285,0.14285714285714285,0.14285714285714285,0.14285714285714285,0.14285714285714285,0.14285714285714285,0.0,FN,0.9999999999964029
0.12700311984899637,0.013539326818504865,0.4398961711095621,0.03669195424021282,0.13431626821642473,0.24485250578762624,0.0037006539786728953,0.0,FN,0.7388569954026036
0.18523111270299814,0.15634967214757145,0.18904593485568819,0.23312717842065195,0.016745092551370213,0.08103239054365013,0.06905607011120973,0.06941254866686007,FN,0.9130786494627308
0.20304199968888928,0.0434882257100624,0.4451904628293288,0.0011275450963552046,0.02093775019015808,0.0654886185602404,0.2207253979249658,0.0,FN,0.7302157580010469
0.14285714285714285,0.14285714285714285,0.14285714285714285,0.14285714285714285,0.14285714285714285,0.14285714285714285,0.14285714285714285,0.0,FN,0.9999999999964029
0.14285714285714285,0.14285714285714285,0.14285714285714285,0.14285714285714285,0.14285714285714285,0.14285714285714285,0.14285714285714285,0.0,FN,0.9999999999964029
0.14285714285714285,0.14285714285714285,0.14285714285714285,0.14285714285714285,0.14285714285714285,0.14285714285714285,0.14285714285714285,0.0,FN,0.9999999999964029
0.14285714285714285,0.14285714285714285,0.14285714285714285,0.14285714285714285,0.14285714285714285,0.14285714285714285,0.14285714285714285,0.0,FN,0.9999999999964029
0.11012087538187429,0.0902585221779664,0.06744721906756528,0.1174716178452193,0.02468861123844497,0.00014265878616548762,0.5320764398905369,0.05779405561222729,FN,0.7149011227216353
0.004138097804178196,0.06609052236337837,0.23678639758796888,0.0750906510904425,0.051284114454434086,0.19029938295563886,0.37631083374395913,0.0,FN,0.8086904393103395
0.14285714285714285,0.14285714285714285,0.14285714285714285,0.14285714285714285,0.14285714285714285,0.14285714285714285,0.14285714285714285,0.0,FN,0.9999999999964029
0.14424199364726625,0.1758495819798237,0.03154522162153252,0.21322618913053937,0.10133727347537821,0.26277967088262066,0.020001448103696622,0.05101862115914266,FN,0.8832778313989188
0.14285714285714285,0.14285714285714285,0.14285714285714285,0.14285714285714285,0.14285714285714285,0.14285714285714285,0.14285714285714285,0.0,FN,0.9999999999964029
0.14285714285714285,0.14285714285714285,0.14285714285714285,0.14285714285714285,0.14285714285714285,0.14285714285714285,0.14285714285714285,0.0,FN,0.9999999999964029
0.14285714285714285,0.14285714285714285,0.14285714285714285,0.14285714285714285,0.14285714285714285,0.14285714285714285,0.14285714285714285,0.0,FN,0.9999999999964029
0.14285714285714285,0.14285714285714285,0.14285714285714285,0.14285714285714285,0.14285714285714285,0.14285714285714285,0.14285714285714285,0.0,FN,0.9999999999964029
0.007614861115348753,0.20208630473004402,0.010521946581753535,0.2877714301336755,0.09923145282115022,0.21784509391853146,0.0825270125093547,0.09240189819014177,FN,0.8434183794821762
0.14285714285714285,0.14285714285714285,0.14285714285714285,0.14285714285714285,0.14285714285714285,0.14285714285714285,0.14285714285714285,0.0,FN,0.9999999999964029
0.16827589767147966,0.09038732826377902,0.06724359646395205,0.2121438781373261,0.390582137460893,0.04788925747036041,0.02347790453220979,0.0,FN,0.8368336346741003
0.07633826294261112,2.4112961781262304e-05,0.44550853518238875,0.12328114591126772,0.10893989294902252,0.10537398750566786,0.12360084005282444,0.0169332224944363,FN,0.7795469982104718
0.14285714285714285,0.14285714285714285,0.14285714285714285,0.14285714285714285,0.14285714285714285,0.14285714285714285,0.14285714285714285,0.0,FN,0.9999999999964029
0.14285714285714285,0.14285714285714285,0.14285714285714285,0.14285714285714285,0.14285714285714285,0.14285714285714285,0.14285714285714285,0.0,FN,0.9999999999964029
0.2380397444995164,0.08970971219673712,0.37985215006939027,0.22246532544581163,0.040594079482122264,0.0038382423571594283,0.025500745949262913,0.0,FN,0.773417273371286
0.11405606802028505,0.0573083342049262,0.06687543530130738,0.35298591571363824,0.30350737171356196,0.03465145963367092,0.07061541541261014,0.0,FN,0.8353511170944738
0.14285714285714285,0.14285714285714285,0.14285714285714285,0.14285714285714285,0.14285714285714285,0.14285714285714285,0.14285714285714285,0.0,FN,0.9999999999964029
0.14285714285714285,0.14285714285714285,0.14285714285714285,0.14285714285714285,0.14285714285714285,0.14285714285714285,0.14285714285714285,0.0,FN,0.9999999999964029
0.14285714285714285,0.14285714285714285,0.14285714285714285,0.14285714285714285,0.14285714285714285,0.14285714285714285,0.14285714285714285,0.0,FN,0.9999999999964029
0.015289692447833224,0.11634001862347089,0.31497499973159077,0.25322013457100045,0.08918013548342102,0.06187751151628741,0.14911750762639625,0.0,FN,0.8722814500034961
0.14285714285714285,0.14285714285714285,0.14285714285714285,0.14285714285714285,0.14285714285714285,0.14285714285714285,0.14285714285714285,0.0,FN,0.9999999999964029
0.37165669631241466,0.08151819810253927,0.18591392278969654,0.21353719013811145,0.005466549391449854,0.11787797914636063,0.024029464119427576,0.0,FN,0.8144309560767405
0.14285714285714285,0.14285714285714285,0.14285714285714285,0.14285714285714285,0.14285714285714285,0.14285714285714285,0.14285714285714285,0.0,FN,0.9999999999964029
0.14285714285714285,0.14285714285714285,0.14285714285714285,0.14285714285714285,0.14285714285714285,0.14285714285714285,0.14285714285714285,0.0,FN,0.9999999999964029
0.14285714285714285,0.14285714285714285,0.14285714285714285,0.14285714285714285,0.14285714285714285,0.14285714285714285,0.14285714285714285,0.0,FN,0.9999999999964029
0.14285714285714285,0.14285714285714285,0.14285714285714285,0.14285714285714285,0.14285714285714285,0.14285714285714285,0.14285714285714285,0.0,FN,0.9999999999964029
0.3146233516104888,0.012065377528624816,0.11435191608332967,0.19028665576285375,0.09392644037148778,0.1748104197481569,0.0022875559963523072,0.09764828289870592,FN,0.8410589069372497
0.021388617391276746,0.04316907371625737,0.0014689488747026429,0.20605588122132268,0.20284059188894618,0.048000831921959565,0.2891156614491392,0.18796039353639563,FN,0.8152565649108614
0.14285714285714285,0.14285714285714285,0.14285714285714285,0.14285714285714285,0.14285714285714285,0.14285714285714285,0.14285714285714285,0.0,FN,0.9999999999964029
0.14285714285714285,0.14285714285714285,0.14285714285714285,0.14285714285714285,0.14285714285714285,0.14285714285714285,0.14285714285714285,0.0,FN,0.9999999999964029
0.14285714285714285,0.14285714285714285,0.14285714285714285,0.14285714285714285,0.14285714285714285,0.14285714285714285,0.14285714285714285,0.0,FN,0.9999999999964029
0.14285714285714285,0.14285714285714285,0.14285714285714285,0.14285714285714285,0.14285714285714285,0.14285714285714285,0.14285714285714285,0.0,FN,0.9999999999964029
0.09361976615204998,0.10354768161019516,0.06632163686180745,0.33038804284597373,0.07302322401650443,0.22070557126856083,0.11239407724490852,0.0,FN,0.9109561371726446
0.14285714285714285,0.14285714285714285,0.14285714285714285,0.14285714285714285,0.14285714285714285,0.14285714285714285,0.14285714285714285,0.0,FN,0.9999999999964029
0.14285714285714285,0.14285714285714285,0.14285714285714285,0.14285714285714285,0.14285714285714285,0.14285714285714285,0.14285714285714285,0.0,FN,0.9999999999964029
0.14285714285714285,0.14285714285714285,0.14285714285714285,0.14285714285714285,0.14285714285714285,0.14285714285714285,0.14285714285714285,0.0,FN,0.9999999999964029
0.14285714285714285,0.14285714285714285,0.14285714285714285,0.14285714285714285,0.14285714285714285,0.14285714285714285,0.14285714285714285,0.0,FN,0.9999999999964029
0.14285714285714285,0.14285714285714285,0.14285714285714285,0.14285714285714285,0.14285714285714285,0.14285714285714285,0.14285714285714285,0.0,FN,0.9999999999964029
0.14285714285714285,0.14285714285714285,0.14285714285714285,0.14285714285714285,0.14285714285714285,0.14285714285714285,0.14285714285714285,0.0,FN,0.9999999999964029
0.14285714285714285,0.14285714285714285,0.14285714285714285,0.14285714285714285,0.14285714285714285,0.14285714285714285,0.14285714285714285,0.0,FN,0.9999999999964029
0.009728218561053431,0.48777927963776174,0.10353401573754013,0.0007045532488506214,0.012323418421996064,0.09370867979136775,0.29222183460143036,0.0,FN,0.6530089228370172
0.14285714285714285,0.14285714285714285,0.14285714285714285,0.14285714285714285,0.14285714285714285,0.14285714285714285,0.14285714285714285,0.0,FN,0.9999999999964029
0.08750994556547516,0.0009790605784948845,0.24095173006650622,0.04199722336760128,0.4793976509534406,0.05561704631037723,0.09354734315810459,0.0,FN,0.7352890700947792
0.14285714285714285,0.14285714285714285,0.14285714285714285,0.14285714285714285,0.14285714285714285,0.14285714285714285,0.14285714285714285,0.0,FN,0.9999999999964029
0.2029143096752171,0.2614956978415071,0.07266725469665263,0.15951764618049719,0.08398209068345201,0.07685453319843288,0.1425684677242411,0.0,FN,0.9459211679246373
0.14285714285714285,0.14285714285714285,0.14285714285714285,0.14285714285714285,0.14285714285714285,0.14285714285714285,0.14285714285714285,0.0,FN,0.9999999999964029
0.14285714285714285,0.14285714285714285,0.14285714285714285,0.14285714285714285,0.14285714285714285,0.14285714285714285,0.14285714285714285,0.0,FN,0.9999999999964029
0.14285714285714285,0.14285714285714285,0.14285714285714285,0.14285714285714285,0.14285714285714285,0.14285714285714285,0.14285714285714285,0.0,FN,0.9999999999964029
0.14285714285714285,0.14285714285714285,0.14285714285714285,0.14285714285714285,0.14285714285714285,0.14285714285714285,0.14285714285714285,0.0,FN,0.9999999999964029
0.14285714285714285,0.14285714285714285,0.14285714285714285,0.14285714285714285,0.14285714285714285,0.14285714285714285,0.14285714285714285,0.0,FN,0.9999999999964029
0.08093204219969657,0.15637459704444495,0.02728094828146971,0.48281858898193153,0.04815576365353034,0.14530998305566628,0.05912807678326067,0.0,FN,0.7898640574060899
0.14285714285714285,0.14285714285714285,0.14285714285714285,0.14285714285714285,0.14285714285714285,0.14285714285714285,0.14285714285714285,0.0,FN,0.9999999999964029
0.14285714285714285,0.14285714285714285,0.14285714285714285,0.14285714285714285,0.14285714285714285,0.14285714285714285,0.14285714285714285,0.0,FN,0.9999999999964029
0.14285714285714285,0.14285714285714285,0.14285714285714285,0.14285714285714285,0.14285714285714285,0.14285714285714285,0.14285714285714285,0.0,FN,0.9999999999964029
0.14285714285714285,0.14285714285714285,0.14285714285714285,0.14285714285714285,0.14285714285714285,0.14285714285714285,0.14285714285714285,0.0,FN,0.9999999999964029
0.024543172979319964,0.3522532391493434,0.023791252765743287,0.06844441637994358,0.30094580860355635,0.000199006992051025,0.2298231031300425,0.0,FN,0.7359258304325907
0.14285714285714285,0.14285714285714285,0.14285714285714285,0.14285714285714285,0.14285714285714285,0.14285714285714285,0.14285714285714285,0.0,FN,0.9999999999964029
0.14285714285714285,0.14285714285714285,0.14285714285714285,0.14285714285714285,0.14285714285714285,0.14285714285714285,0.14285714285714285,0.0,FN,0.9999999999964029
0.14285714285714285,0.14285714285714285,0.14285714285714285,0.14285714285714285,0.14285714285714285,0.14285714285714285,0.14285714285714285,0.0,FN,0.9999999999964029
0.14285714285714285,0.14285714285714285,0.14285714285714285,0.14285714285714285,0.14285714285714285,0.14285714285714285,0.14285714285714285,0.0,FN,0.9999999999964029
0.14285714285714285,0.14285714285714285,0.14285714285714285,0.14285714285714285,0.14285714285714285,0.14285714285714285,0.14285714285714285,0.0,FN,0.9999999999964029
0.14285714285714285,0.14285714285714285,0.14285714285714285,0.14285714285714285,0.14285714285714285,0.14285714285714285,0.14285714285714285,0.0,FN,0.9999999999964029
0.14285714285714285,0.14285714285714285,0.14285714285714285,0.14285714285714285,0.14285714285714285,0.14285714285714285,0.14285714285714285,0.0,FN,0.9999999999964029
0.21078707261971966,0.025331726876618093,0.20235963213468686,0.018599500082342138,0.3547977215520037,0.12217032886670155,0.065954017867928,0.0,FN,0.8338074739802604
0.14285714285714285,0.14285714285714285,0.14285714285714285,0.14285714285714285,0.14285714285714285,0.14285714285714285,0.14285714285714285,0.0,FN,0.9999999999964029
0.14285714285714285,0.14285714285714285,0.14285714285714285,0.14285714285714285,0.14285714285714285,0.14285714285714285,0.14285714285714285,0.0,FN,0.9999999999964029
0.14285714285714285,0.14285714285714285,0.14285714285714285,0.14285714285714285,0.14285714285714285,0.14285714285714285,0.14285714285714285,0.0,FN,0.9999999999964029
0.14285714285714285,0.14285714285714285,0.14285714285714285,0.14285714285714285,0.14285714285714285,0.14285714285714285,0.14285714285714285,0.0,FN,0.9999999999964029
0.14285714285714285,0.14285714285714285,0.14285714285714285,0.14285714285714285,0.14285714285714285,0.14285714285714285,0.14285714285714285,0.0,FN,0.9999999999964029
0.4373416236379588,0.04864529926867886,0.15467627032133358,0.04735692690240295,0.11883883419827287,0.14125152138667624,0.02287352162229929,0.029016002662377513,FN,0.7985821664002503
0.04364801634147835,0.04519860502975131,0.08390353121717073,0.19411071265169197,0.3966146905316061,0.019379088437995576,0.21355116050893078,0.003594195281375236,FN,0.7674752560203729
0.14285714285714285,0.14285714285714285,0.14285714285714285,0.14285714285714285,0.14285714285714285,0.14285714285714285,0.14285714285714285,0.0,FN,0.9999999999964029
0.14285714285714285,0.14285714285714285,0.14285714285714285,0.14285714285714285,0.14285714285714285,0.14285714285714285,0.14285714285714285,0.0,FN,0.9999999999964029
0.14285714285714285,0.14285714285714285,0.14285714285714285,0.14285714285714285,0.14285714285714285,0.14285714285714285,0.14285714285714285,0.0,FN,0.9999999999964029
0.14285714285714285,0.14285714285714285,0.14285714285714285,0.14285714285714285,0.14285714285714285,0.14285714285714285,0.14285714285714285,0.0,FN,0.9999999999964029
0.14285714285714285,0.14285714285714285,0.14285714285714285,0.14285714285714285,0.14285714285714285,0.14285714285714285,0.14285714285714285,0.0,FN,0.9999999999964029
0.21578402117389642,0.1447428287960787,0.030773217254087885,0.18387770408902585,0.17416667990509066,0.09643444553280038,0.04798464158913676,0.10623646165988326,FN,0.9344049181294446
0.14285714285714285,0.14285714285714285,0.14285714285714285,0.14285714285714285,0.14285714285714285,0.14285714285714285,0.14285714285714285,0.0,FN,0.9999999999964029
0.02858866874089514,0.07818848382093023,0.10576889408973214,0.09864556694432901,0.05379548115710097,0.26629835568049515,0.23775521811911637,0.130959331447401,FN,0.9061692070249271
0.14285714285714285,0.14285714285714285,0.14285714285714285,0.14285714285714285,0.14285714285714285,0.14285714285714285,0.14285714285714285,0.0,FN,0.9999999999964029
0.1192003702413309,0.450587823795579,0.1613519100338514,0.0404182970279581,0.08874997632606246,0.013934693732322213,0.09870181219343503,0.027055116649460937,FN,0.7874595159388187
0.14285714285714285,0.14285714285714285,0.14285714285714285,0.14285714285714285,0.14285714285714285,0.14285714285714285,0.14285714285714285,0.0,FN,0.9999999999964029
0.14285714285714285,0.14285714285714285,0.14285714285714285,0.14285714285714285,0.14285714285714285,0.14285714285714285,0.14285714285714285,0.0,FN,0.9999999999964029
0.2846260790666902,0.10999307701420677,0.045854708851205454,0.10907626582888326,0.002831584977032108,0.40723209229504254,0.040386191966939634,0.0,FN,0.7685523326545689
0.14285714285714285,0.14285714285714285,0.14285714285714285,0.14285714285714285,0.14285714285714285,0.14285714285714285,0.14285714285714285,0.0,FN,0.9999999999964029
0.14285714285714285,0.14285714285714285,0.14285714285714285,0.14285714285714285,0.14285714285714285,0.14285714285714285,0.14285714285714285,0.0,FN,0.9999999999964029
0.14285714285714285,0.14285714285714285,0.14285714285714285,0.14285714285714285,0.14285714285714285,0.14285714285714285,0.14285714285714285,0.0,FN,0.9999999999964029
0.14285714285714285,0.14285714285714285,0.14285714285714285,0.14285714285714285,0.14285714285714285,0.14285714285714285,0.14285714285714285,0.0,FN,0.9999999999964029
0.14285714285714285,0.14285714285714285,0.14285714285714285,0.14285714285714285,0.14285714285714285,0.14285714285714285,0.14285714285714285,0.0,FN,0.9999999999964029
0.03707034008315361,0.24114527046261663,0.13696004326053898,0.0014275045461097369,0.24695512641392978,0.09630152002739314,0.2401401952062581,0.0,FN,0.8531202753650402
0.14285714285714285,0.14285714285714285,0.14285714285714285,0.14285714285714285,0.14285714285714285,0.14285714285714285,0.14285714285714285,0.0,FN,0.9999999999964029
0.04501536176420317,0.036875140704167905,0.2610036248437075,0.007402957545969583,0.16914563031070845,0.03731120495260531,0.4432460798786382,0.0,FN,0.735947033807612
0.14285714285714285,0.14285714285714285,0.14285714285714285,0.14285714285714285,0.14285714285714285,0.14285714285714285,0.14285714285714285,0.0,FN,0.9999999999964029
0.14285714285714285,0.14285714285714285,0.14285714285714285,0.14285714285714285,0.14285714285714285,0.14285714285714285,0.14285714285714285,0.0,FN,0.9999999999964029
0.1997107380562255,0.25039568828084297,0.42307645060422816,0.046610714251473076,0.03169842342624237,0.034945698576513584,0.0053816351765485345,0.008180651627925835,FN,0.706593841863351
0.14285714285714285,0.14285714285714285,0.14285714285714285,0.14285714285714285,0.14285714285714285,0.14285714285714285,0.14285714285714285,0.0,FN,0.9999999999964029
0.14285714285714285,0.14285714285714285,0.14285714285714285,0.14285714285714285,0.14285714285714285,0.14285714285714285,0.14285714285714285,0.0,FN,0.9999999999964029
0.14285714285714285,0.14285714285714285,0.14285714285714285,0.14285714285714285,0.14285714285714285,0.14285714285714285,0.14285714285714285,0.0,FN,0.9999999999964029
0.14285714285714285,0.14285714285714285,0.14285714285714285,0.14285714285714285,0.14285714285714285,0.14285714285714285,0.14285714285714285,0.0,FN,0.9999999999964029
0.14285714285714285,0.14285714285714285,0.14285714285714285,0.14285714285714285,0.14285714285714285,0.14285714285714285,0.14285714285714285,0.0,FN,0.9999999999964029
0.00025375012549407196,0.01093777789751777,0.11125367563937368,0.014857236334553664,0.38952208072407485,0.297164181113854,0.17601129816513192,0.0,FN,0.715325147104481
0.03936554581044829,0.04057570403857916,0.18549964920292325,0.5398364601978842,0.022143757295368775,0.03196059461336988,0.1406182888414264,0.0,FN,0.7055607091941585
0.14285714285714285,0.14285714285714285,0.14285714285714285,0.14285714285714285,0.14285714285714285,0.14285714285714285,0.14285714285714285,0.0,FN,0.9999999999964029
0.14285714285714285,0.14285714285714285,0.14285714285714285,0.14285714285714285,0.14285714285714285,0.14285714285714285,0.14285714285714285,0.0,FN,0.9999999999964029
0.292974981060992,0.15063405409475308,0.010723535751815517,0.16138907376363706,0.03472265078300253,0.007943599352386284,0.26034272182041057,0.0812693833730029,FN,0.8162016600069838
0.009902606723621896,0.03142402817040684,0.04808507622831287,0.3000855335239652,0.22854315483484516,0.2758629976999844,0.1025753610718819,0.0035212417469815105,FN,0.7731155585186751
0.14285714285714285,0.14285714285714285,0.14285714285714285,0.14285714285714285,0.14285714285714285,0.14285714285714285,0.14285714285714285,0.0,FN,0.9999999999964029
0.007145658300093197,0.19068647754179116,0.15161204069754514,0.0009558953803420648,0.31658057544870033,0.09644570701140738,0.022164201408239142,0.21440944421188174,FN,0.7926320277845561
0.11969888293039982,0.05151668636768055,0.05895717215130885,0.23827184652816671,0.032316210109601645,0.21921418519398467,0.06670015170281637,0.2133248650160413,FN,0.8989617476214544
0.2359091264015237,0.0009435392098433582,0.0021523003774671125,0.13963491570147019,0.16833802741131396,0.06413916280238086,0.3888829280960007,0.0,FN,0.7599642040383326
0.1168190033957893,0.04380158514972069,0.28587638494605694,0.0032007162331913483,0.1785805927276208,0.05032958532230759,0.3213921322253133,0.0,FN,0.8156064288486123
0.14285714285714285,0.14285714285714285,0.14285714285714285,0.14285714285714285,0.14285714285714285,0.14285714285714285,0.14285714285714285,0.0,FN,0.9999999999964029
0.14285714285714285,0.14285714285714285,0.14285714285714285,0.14285714285714285,0.14285714285714285,0.14285714285714285,0.14285714285714285,0.0,FN,0.9999999999964029
0.24936747548000004,0.09587628469780271,0.0182512952284886,0.026344382664813037,0.28333485094355915,0.19148855872230422,0.13533715226303222,0.0,FN,0.8656669008473266
0.14285714285714285,0.14285714285714285,0.14285714285714285,0.14285714285714285,0.14285714285714285,0.14285714285714285,0.14285714285714285,0.0,FN,0.9999999999964029
0.14285714285714285,0.14285714285714285,0.14285714285714285,0.14285714285714285,0.14285714285714285,0.14285714285714285,0.14285714285714285,0.0,FN,0.9999999999964029
0.04198133916967062,0.4820552960051342,0.06414973169084115,0.07949766126153131,0.023363736126928245,0.05410228021266066,0.22470896059372286,0.030140994939510966,FN,0.7448841881311049
0.04710391070732733,0.22692512601303436,0.04766948262666249,0.016508091663621847,0.3213373532120885,0.17382374887735055,0.01202753027746871,0.15460475662244633,FN,0.8194756466481742
0.0021117017566738543,0.12070480652367196,0.2225106840770596,0.08065182894998547,0.2874557176729477,0.12370638656337193,0.0046799147247968565,0.15817895973149265,FN,0.8364498477137274
0.14285714285714285,0.14285714285714285,0.14285714285714285,0.14285714285714285,0.14285714285714285,0.14285714285714285,0.14285714285714285,0.0,FN,0.9999999999964029
0.14285714285714285,0.14285714285714285,0.14285714285714285,0.14285714285714285,0.14285714285714285,0.14285714285714285,0.14285714285714285,0.0,FN,0.9999999999964029
0.04965466392924778,0.1671455790040179,0.11630131708803214,0.009277052957035067,0.031797309256762385,0.12863334893274875,0.07747905146472579,0.41971167736743015,FN,0.8068317604842781
0.14285714285714285,0.14285714285714285,0.14285714285714285,0.14285714285714285,0.14285714285714285,0.14285714285714285,0.14285714285714285,0.0,FN,0.9999999999964029
0.12219383863837288,0.1011479434330909,0.014514832474750489,0.33013010094929046,0.07062230350743359,0.0898840208046899,0.05353587584531466,0.21797108434705725,FN,0.8696715148225804
0.14285714285714285,0.14285714285714285,0.14285714285714285,0.14285714285714285,0.14285714285714285,0.14285714285714285,0.14285714285714285,0.0,FN,0.9999999999964029
0.14285714285714285,0.14285714285714285,0.14285714285714285,0.14285714285714285,0.14285714285714285,0.14285714285714285,0.14285714285714285,0.0,FN,0.9999999999964029
0.14285714285714285,0.14285714285714285,0.14285714285714285,0.14285714285714285,0.14285714285714285,0.14285714285714285,0.14285714285714285,0.0,FN,0.9999999999964029
0.14285714285714285,0.14285714285714285,0.14285714285714285,0.14285714285714285,0.14285714285714285,0.14285714285714285,0.14285714285714285,0.0,FN,0.9999999999964029
0.14285714285714285,0.14285714285714285,0.14285714285714285,0.14285714285714285,0.14285714285714285,0.14285714285714285,0.14285714285714285,0.0,FN,0.9999999999964029
0.14285714285714285,0.14285714285714285,0.14285714285714285,0.14285714285714285,0.14285714285714285,0.14285714285714285,0.14285714285714285,0.0,FN,0.9999999999964029
0.2359960916319766,0.19895199913597802,0.05386771688885099,0.1108276631864574,0.13102246241100596,0.1016635836050431,0.16767048314068786,0.0,FN,0.9565111187608977
0.14285714285714285,0.14285714285714285,0.14285714285714285,0.14285714285714285,0.14285714285714285,0.14285714285714285,0.14285714285714285,0.0,FN,0.9999999999964029
0.14285714285714285,0.14285714285714285,0.14285714285714285,0.14285714285714285,0.14285714285714285,0.14285714285714285,0.14285714285714285,0.0,FN,0.9999999999964029
0.07954613501747752,0.12160375408696518,0.360822595381282,0.00112978146048042,0.047141992073130565,0.3755148570413157,0.014240884939348643,0.0,FN,0.7222364151317643
0.14285714285714285,0.14285714285714285,0.14285714285714285,0.14285714285714285,0.14285714285714285,0.14285714285714285,0.14285714285714285,0.0,FN,0.9999999999964029
0.14285714285714285,0.14285714285714285,0.14285714285714285,0.14285714285714285,0.14285714285714285,0.14285714285714285,0.14285714285714285,0.0,FN,0.9999999999964029
0.14285714285714285,0.14285714285714285,0.14285714285714285,0.14285714285714285,0.14285714285714285,0.14285714285714285,0.14285714285714285,0.0,FN,0.9999999999964029
0.14285714285714285,0.14285714285714285,0.14285714285714285,0.14285714285714285,0.14285714285714285,0.14285714285714285,0.14285714285714285,0.0,FN,0.9999999999964029
0.007080128598678561,0.18605710459398228,0.4640441870464423,0.01738696788530833,0.04647272469303585,0.015186261351138567,0.07298590670563454,0.19078671912577969,FN,0.7155689444882551
0.09782161451821585,0.011323862291613501,0.18965065312042506,0.06732743372561771,0.5261890342328405,0.0005429354697592154,0.0939661571348236,0.013178309506704533,FN,0.6714865629225173
0.01939763150763005,0.11710771616362563,0.10309485771543464,0.01343445179887592,0.4052123427364771,0.33896523254962413,0.0027877675283325756,0.0,FN,0.7034934040621282
0.14285714285714285,0.14285714285714285,0.14285714285714285,0.14285714285714285,0.14285714285714285,0.14285714285714285,0.14285714285714285,0.0,FN,0.9999999999964029
0.14285714285714285,0.14285714285714285,0.14285714285714285,0.14285714285714285,0.14285714285714285,0.14285714285714285,0.14285714285714285,0.0,FN,0.9999999999964029
0.14285714285714285,0.14285714285714285,0.14285714285714285,0.14285714285714285,0.14285714285714285,0.14285714285714285,0.14285714285714285,0.0,FN,0.9999999999964029
0.14285714285714285,0.14285714285714285,0.14285714285714285,0.14285714285714285,0.14285714285714285,0.14285714285714285,0.14285714285714285,0.0,FN,0.9999999999964029
0.14285714285714285,0.14285714285714285,0.14285714285714285,0.14285714285714285,0.14285714285714285,0.14285714285714285,0.14285714285714285,0.0,FN,0.9999999999964029
0.14285714285714285,0.14285714285714285,0.14285714285714285,0.14285714285714285,0.14285714285714285,0.14285714285714285,0.14285714285714285,0.0,FN,0.9999999999964029
0.32183150160646085,0.10551902224117594,0.13854377776506654,0.24994897459846557,0.1224688424291201,0.044514387051384496,0.01717349430832644,0.0,FN,0.8674914287018207
0.14285714285714285,0.14285714285714285,0.14285714285714285,0.14285714285714285,0.14285714285714285,0.14285714285714285,0.14285714285714285,0.0,FN,0.9999999999964029
0.09137142091265038,0.18714861330106802,0.2314577617861781,0.21707063452601053,0.025590748279694205,6.991350819915757e-05,0.24478202088185377,0.002508886804345849,FN,0.7966348231772375
0.14285714285714285,0.14285714285714285,0.14285714285714285,0.14285714285714285,0.14285714285714285,0.14285714285714285,0.14285714285714285,0.0,FN,0.9999999999964029
0.14285714285714285,0.14285714285714285,0.14285714285714285,0.14285714285714285,0.14285714285714285,0.14285714285714285,0.14285714285714285,0.0,FN,0.9999999999964029
0.5200903108416605,0.2634017135150964,0.008298061638365552,0.0487024392033667,0.07847726387684731,0.008362216373979683,0.07266799455068375,0.0,FN,0.6724877327300349
0.14285714285714285,0.14285714285714285,0.14285714285714285,0.14285714285714285,0.14285714285714285,0.14285714285714285,0.14285714285714285,0.0,FN,0.9999999999964029
0.14285714285714285,0.14285714285714285,0.14285714285714285,0.14285714285714285,0.14285714285714285,0.14285714285714285,0.14285714285714285,0.0,FN,0.9999999999964029
0.14285714285714285,0.14285714285714285,0.14285714285714285,0.14285714285714285,0.14285714285714285,0.14285714285714285,0.14285714285714285,0.0,FN,0.9999999999964029
0.3711198462611304,0.03534080919676147,0.09174330753724758,0.003855667617100208,0.24900603151748935,0.022845811757334803,0.22608852611293614,0.0,FN,0.7684113985430052
0.14285714285714285,0.14285714285714285,0.14285714285714285,0.14285714285714285,0.14285714285714285,0.14285714285714285,0.14285714285714285,0.0,FN,0.9999999999964029
0.14285714285714285,0.14285714285714285,0.14285714285714285,0.14285714285714285,0.14285714285714285,0.14285714285714285,0.14285714285714285,0.0,FN,0.9999999999964029
0.14285714285714285,0.14285714285714285,0.14285714285714285,0.14285714285714285,0.14285714285714285,0.14285714285714285,0.14285714285714285,0.0,FN,0.9999999999964029
0.027152818595268483,0.09497863528123225,0.21941257031164974,0.012991495379572891,0.44752348382748935,0.11574354372844736,0.009640883875010386,0.07255656900132954,FN,0.7479149795590739
0.14285714285714285,0.14285714285714285,0.14285714285714285,0.14285714285714285,0.14285714285714285,0.14285714285714285,0.14285714285714285,0.0,FN,0.9999999999964029
0.3996269256042428,0.15014530320649122,0.006155285836578538,0.07941772033704408,0.1836353486937233,0.16196193838927847,0.012725585184944398,0.006331892747697015,FN,0.7585671913389306
0.14285714285714285,0.14285714285714285,0.14285714285714285,0.14285714285714285,0.14285714285714285,0.14285714285714285,0.14285714285714285,0.0,FN,0.9999999999964029
0.14285714285714285,0.14285714285714285,0.14285714285714285,0.14285714285714285,0.14285714285714285,0.14285714285714285,0.14285714285714285,0.0,FN,0.9999999999964029
0.14311757744730225,0.0032944833036558847,0.15696835711160984,0.24008222481358196,0.006822316445205456,0.22783427854895505,0.057738617355357104,0.16414214497433258,FN,0.847612162504582
0.14285714285714285,0.14285714285714285,0.14285714285714285,0.14285714285714285,0.14285714285714285,0.14285714285714285,0.14285714285714285,0.0,FN,0.9999999999964029
0.14285714285714285,0.14285714285714285,0.14285714285714285,0.14285714285714285,0.14285714285714285,0.14285714285714285,0.14285714285714285,0.0,FN,0.9999999999964029
0.14285714285714285,0.14285714285714285,0.14285714285714285,0.14285714285714285,0.14285714285714285,0.14285714285714285,0.14285714285714285,0.0,FN,0.9999999999964029
0.14285714285714285,0.14285714285714285,0.14285714285714285,0.14285714285714285,0.14285714285714285,0.14285714285714285,0.14285714285714285,0.0,FN,0.9999999999964029
0.14285714285714285,0.14285714285714285,0.14285714285714285,0.14285714285714285,0.14285714285714285,0.14285714285714285,0.14285714285714285,0.0,FN,0.9999999999964029
0.14285714285714285,0.14285714285714285,0.14285714285714285,0.14285714285714285,0.14285714285714285,0.14285714285714285,0.14285714285714285,0.0,FN,0.9999999999964029
0.14285714285714285,0.14285714285714285,0.14285714285714285,0.14285714285714285,0.14285714285714285,0.14285714285714285,0.14285714285714285,0.0,FN,0.9999999999964029
0.0030961308642559666,0.06488089355188928,0.08391073131235008,0.002280558984553742,0.15963126164991662,0.13009772267189917,0.4488742725728042,0.10722842839233081,FN,0.75710890002606
0.4852166185137795,0.17186637433346402,0.06674841279159922,0.036545342193297414,0.03218640497811253,0.19383418256814006,0.007662749791789876,0.005939914829817218,FN,0.6980596630555808
0.17220823944789423,0.13302525152485886,0.04942311404697931,0.07524256375606933,0.08663584387402,0.21308516852884765,0.2703798188213306,0.0,FN,0.9299228822783896
0.14285714285714285,0.14285714285714285,0.14285714285714285,0.14285714285714285,0.14285714285714285,0.14285714285714285,0.14285714285714285,0.0,FN,0.9999999999964029
0.14285714285714285,0.14285714285714285,0.14285714285714285,0.14285714285714285,0.14285714285714285,0.14285714285714285,0.14285714285714285,0.0,FN,0.9999999999964029
0.14285714285714285,0.14285714285714285,0.14285714285714285,0.14285714285714285,0.14285714285714285,0.14285714285714285,0.14285714285714285,0.0,FN,0.9999999999964029
0.14285714285714285,0.14285714285714285,0.14285714285714285,0.14285714285714285,0.14285714285714285,0.14285714285714285,0.14285714285714285,0.0,FN,0.9999999999964029
0.2791251826333801,0.02027076466126696,0.0030440417334649974,0.10059523552156457,0.20586397972476084,0.39099094827195835,0.00010984745360414691,0.0,FN,0.7078611173816762
0.14285714285714285,0.14285714285714285,0.14285714285714285,0.14285714285714285,0.14285714285714285,0.14285714285714285,0.14285714285714285,0.0,FN,0.9999999999964029
0.14285714285714285,0.14285714285714285,0.14285714285714285,0.14285714285714285,0.14285714285714285,0.14285714285714285,0.14285714285714285,0.0,FN,0.9999999999964029
0.14285714285714285,0.14285714285714285,0.14285714285714285,0.14285714285714285,0.14285714285714285,0.14285714285714285,0.14285714285714285,0.0,FN,0.9999999999964029
0.035849781013247733,0.231966881068876,0.06268570027967432,0.052524063341457795,0.1177629205937391,0.07666482447344491,0.2780111725081526,0.1445346567214075,FN,0.8997075334473006
0.14285714285714285,0.14285714285714285,0.14285714285714285,0.14285714285714285,0.14285714285714285,0.14285714285714285,0.14285714285714285,0.0,FN,0.9999999999964029
0.14285714285714285,0.14285714285714285,0.14285714285714285,0.14285714285714285,0.14285714285714285,0.14285714285714285,0.14285714285714285,0.0,FN,0.9999999999964029
0.14285714285714285,0.14285714285714285,0.14285714285714285,0.14285714285714285,0.14285714285714285,0.14285714285714285,0.14285714285714285,0.0,FN,0.9999999999964029
0.1746049156122244,0.09624016958675037,0.11579579291345772,0.15513293971590114,0.004633150445991218,0.016107058272332678,0.24231112393784787,0.19517484951549455,FN,0.8764466178205464
0.24419232598136964,0.03461130755798518,0.09792484959377522,0.02850924338978306,0.26723169882024855,0.05760032419981722,0.2699302504570212,0.0,FN,0.8531679992135738
0.14285714285714285,0.14285714285714285,0.14285714285714285,0.14285714285714285,0.14285714285714285,0.14285714285714285,0.14285714285714285,0.0,FN,0.9999999999964029
0.14285714285714285,0.14285714285714285,0.14285714285714285,0.14285714285714285,0.14285714285714285,0.14285714285714285,0.14285714285714285,0.0,FN,0.9999999999964029
0.14285714285714285,0.14285714285714285,0.14285714285714285,0.14285714285714285,0.14285714285714285,0.14285714285714285,0.14285714285714285,0.0,FN,0.9999999999964029
0.14285714285714285,0.14285714285714285,0.14285714285714285,0.14285714285714285,0.14285714285714285,0.14285714285714285,0.14285714285714285,0.0,FN,0.9999999999964029
0.20310738815204749,0.1621792108700902,0.3804020604056641,0.09824184046453571,0.11288803753021764,0.0015516669609025367,0.020115140429534474,0.021514655187007767,FN,0.7847531200066284
0.09144105810591002,0.2179886549171858,0.17627462984212144,0.2337686163583802,0.05742685591817379,0.06769521337447497,0.08628348610081223,0.06912148538294172,FN,0.9324531743171981
0.14285714285714285,0.14285714285714285,0.14285714285714285,0.14285714285714285,0.14285714285714285,0.14285714285714285,0.14285714285714285,0.0,FN,0.9999999999964029
0.049730121724573285,0.2673007282113762,0.00943091752374879,0.0013623662379732282,0.15647904227818557,0.13569543672667145,0.3800013872974714,0.0,FN,0.7625462988514791
0.0074933494654414,0.08866605622198924,0.00044024511909783313,0.31204575469222373,0.13052924071274907,0.22814172069826666,0.04663082129520069,0.18605281179503125,FN,0.8064999207613065
0.026175146842960965,0.323868705736834,0.27834413944555453,0.012683310156197733,0.002519236951417339,0.33339717181520334,0.02301228905183222,0.0,FN,0.6885920379959379
0.4036350655198868,0.12528709855445289,0.006050005407147844,0.015400008180372404,0.16927564218965138,0.01294191434869145,0.2674102657997971,0.0,FN,0.7355158005570328
0.14285714285714285,0.14285714285714285,0.14285714285714285,0.14285714285714285,0.14285714285714285,0.14285714285714285,0.14285714285714285,0.0,FN,0.9999999999964029
0.14285714285714285,0.14285714285714285,0.14285714285714285,0.14285714285714285,0.14285714285714285,0.14285714285714285,0.14285714285714285,0.0,FN,0.9999999999964029
0.14285714285714285,0.14285714285714285,0.14285714285714285,0.14285714285714285,0.14285714285714285,0.14285714285714285,0.14285714285714285,0.0,FN,0.9999999999964029
0.14285714285714285,0.14285714285714285,0.14285714285714285,0.14285714285714285,0.14285714285714285,0.14285714285714285,0.14285714285714285,0.0,FN,0.9999999999964029
0.28739081476224,0.14384621778923884,0.042778322776751344,0.17067983305997425,0.045812611814836555,0.076451324503473,0.23304087529348594,0.0,FN,0.8998868936761623
0.14285714285714285,0.14285714285714285,0.14285714285714285,0.14285714285714285,0.14285714285714285,0.14285714285714285,0.14285714285714285,0.0,FN,0.9999999999964029
0.14285714285714285,0.14285714285714285,0.14285714285714285,0.14285714285714285,0.14285714285714285,0.14285714285714285,0.14285714285714285,0.0,FN,0.9999999999964029
0.14285714285714285,0.14285714285714285,0.14285714285714285,0.14285714285714285,0.14285714285714285,0.14285714285714285,0.14285714285714285,0.0,FN,0.9999999999964029
0.14285714285714285,0.14285714285714285,0.14285714285714285,0.14285714285714285,0.14285714285714285,0.14285714285714285,0.14285714285714285,0.0,FN,0.9999999999964029
0.14285714285714285,0.14285714285714285,0.14285714285714285,0.14285714285714285,0.14285714285714285,0.14285714285714285,0.14285714285714285,0.0,FN,0.9999999999964029
0.14285714285714285,0.14285714285714285,0.14285714285714285,0.14285714285714285,0.14285714285714285,0.14285714285714285,0.14285714285714285,0.0,FN,0.9999999999964029
0.14285714285714285,0.14285714285714285,0.14285714285714285,0.14285714285714285,0.14285714285714285,0.14285714285714285,0.14285714285714285,0.0,FN,0.9999999999964029
0.14285714285714285,0.14285714285714285,0.14285714285714285,0.14285714285714285,0.14285714285714285,0.14285714285714285,0.14285714285714285,0.0,FN,0.9999999999964029
0.14285714285714285,0.14285714285714285,0.14285714285714285,0.14285714285714285,0.14285714285714285,0.14285714285714285,0.14285714285714285,0.0,FN,0.9999999999964029
0.14285714285714285,0.14285714285714285,0.14285714285714285,0.14285714285714285,0.14285714285714285,0.14285714285714285,0.14285714285714285,0.0,FN,0.9999999999964029
0.09261550551071311,0.03614639507987229,0.0004622017270278293,0.20747522206416905,0.1441694506003437,0.5168123965662172,0.002318828451656843,0.0,FN,0.6704587053007439
0.14285714285714285,0.14285714285714285,0.14285714285714285,0.14285714285714285,0.14285714285714285,0.14285714285714285,0.14285714285714285,0.0,FN,0.9999999999964029
0.14285714285714285,0.14285714285714285,0.14285714285714285,0.14285714285714285,0.14285714285714285,0.14285714285714285,0.14285714285714285,0.0,FN,0.9999999999964029
0.14285714285714285,0.14285714285714285,0.14285714285714285,0.14285714285714285,0.14285714285714285,0.14285714285714285,0.14285714285714285,0.0,FN,0.9999999999964029
0.14285714285714285,0.14285714285714285,0.14285714285714285,0.14285714285714285,0.14285714285714285,0.14285714285714285,0.14285714285714285,0.0,FN,0.9999999999964029
0.14285714285714285,0.14285714285714285,0.14285714285714285,0.14285714285714285,0.14285714285714285,0.14285714285714285,0.14285714285714285,0.0,FN,0.9999999999964029
0.05357651113542519,0.04920309905167308,0.11546376798785622,0.2262326526421572,0.18985502741048252,0.06269802150466693,0.30297092026773886,0.0,FN,0.8948722540251596
0.14285714285714285,0.14285714285714285,0.14285714285714285,0.14285714285714285,0.14285714285714285,0.14285714285714285,0.14285714285714285,0.0,FN,0.9999999999964029
0.14285714285714285,0.14285714285714285,0.14285714285714285,0.14285714285714285,0.14285714285714285,0.14285714285714285,0.14285714285714285,0.0,FN,0.9999999999964029
0.14285714285714285,0.14285714285714285,0.14285714285714285,0.14285714285714285,0.14285714285714285,0.14285714285714285,0.14285714285714285,0.0,FN,0.9999999999964029
0.14285714285714285,0.14285714285714285,0.14285714285714285,0.14285714285714285,0.14285714285714285,0.14285714285714285,0.14285714285714285,0.0,FN,0.9999999999964029
0.14285714285714285,0.14285714285714285,0.14285714285714285,0.14285714285714285,0.14285714285714285,0.14285714285714285,0.14285714285714285,0.0,FN,0.9999999999964029
0.14285714285714285,0.14285714285714285,0.14285714285714285,0.14285714285714285,0.14285714285714285,0.14285714285714285,0.14285714285714285,0.0,FN,0.9999999999964029
0.14285714285714285,0.14285714285714285,0.14285714285714285,0.14285714285714285,0.14285714285714285,0.14285714285714285,0.14285714285714285,0.0,FN,0.9999999999964029
0.14285714285714285,0.14285714285714285,0.14285714285714285,0.14285714285714285,0.14285714285714285,0.14285714285714285,0.14285714285714285,0.0,FN,0.9999999999964029
0.14285714285714285,0.14285714285714285,0.14285714285714285,0.14285714285714285,0.14285714285714285,0.14285714285714285,0.14285714285714285,0.0,FN,0.9999999999964029
0.14285714285714285,0.14285714285714285,0.14285714285714285,0.14285714285714285,0.14285714285714285,0.14285714285714285,0.14285714285714285,0.0,FN,0.9999999999964029
0.14285714285714285,0.14285714285714285,0.14285714285714285,0.14285714285714285,0.14285714285714285,0.14285714285714285,0.14285714285714285,0.0,FN,0.9999999999964029
0.14285714285714285,0.14285714285714285,0.14285714285714285,0.14285714285714285,0.14285714285714285,0.14285714285714285,0.14285714285714285,0.0,FN,0.9999999999964029
0.14285714285714285,0.14285714285714285,0.14285714285714285,0.14285714285714285,0.14285714285714285,0.14285714285714285,0.14285714285714285,0.0,FN,0.9999999999964029
0.14285714285714285,0.14285714285714285,0.14285714285714285,0.14285714285714285,0.14285714285714285,0.14285714285714285,0.14285714285714285,0.0,FN,0.9999999999964029
0.14285714285714285,0.14285714285714285,0.14285714285714285,0.14285714285714285,0.14285714285714285,0.14285714285714285,0.14285714285714285,0.0,FN,0.9999999999964029
0.14285714285714285,0.14285714285714285,0.14285714285714285,0.14285714285714285,0.14285714285714285,0.14285714285714285,0.14285714285714285,0.0,FN,0.9999999999964029
0.14285714285714285,0.14285714285714285,0.14285714285714285,0.14285714285714285,0.14285714285714285,0.14285714285714285,0.14285714285714285,0.0,FN,0.9999999999964029
0.14285714285714285,0.14285714285714285,0.14285714285714285,0.14285714285714285,0.14285714285714285,0.14285714285714285,0.14285714285714285,0.0,FN,0.9999999999964029
0.14285714285714285,0.14285714285714285,0.14285714285714285,0.14285714285714285,0.14285714285714285,0.14285714285714285,0.14285714285714285,0.0,FN,0.9999999999964029
0.1599069397541898,0.03648887624457892,0.11501013450666485,0.02477184630617562,0.2556288658169035,0.39347436223312704,0.014718975138360214,0.0,FN,0.7873296489562833
0.004666320825007347,0.06944955829012668,0.05725059151803415,0.10701403138713614,0.13745668677103676,0.24952615395528654,0.04183124847177674,0.3328054087815957,FN,0.832570726768158
0.14285714285714285,0.14285714285714285,0.14285714285714285,0.14285714285714285,0.14285714285714285,0.14285714285714285,0.14285714285714285,0.0,FN,0.9999999999964029
0.292297674115687,0.18069865201273186,0.025301088027125156,0.20004524282142516,0.04418190579140061,0.11568334969640542,0.041854293227562164,0.09993779430766266,FN,0.8819542877835875
0.05498566526316354,0.05500442204834069,0.3374178522673716,0.037009205283784756,0.061705087592635294,0.06491972309094456,0.29161048759880975,0.09734755685494961,FN,0.8382761432165778
0.14285714285714285,0.14285714285714285,0.14285714285714285,0.14285714285714285,0.14285714285714285,0.14285714285714285,0.14285714285714285,0.0,FN,0.9999999999964029
0.3335422553692133,0.011456360762118983,0.4116491004745019,0.06071915334702394,0.07651645175507707,0.04584749177695983,0.04202531125190416,0.018243875263200784,FN,0.7199707356563999
0.14285714285714285,0.14285714285714285,0.14285714285714285,0.14285714285714285,0.14285714285714285,0.14285714285714285,0.14285714285714285,0.0,FN,0.9999999999964029
0.00221234859840569,0.06751442198035455,0.1059906561288743,0.21969102988915212,0.4490217258333681,0.04058448113724254,0.04844753482027965,0.06653780161232324,FN,0.7612103724650304
0.14285714285714285,0.14285714285714285,0.14285714285714285,0.14285714285714285,0.14285714285714285,0.14285714285714285,0.14285714285714285,0.0,FN,0.9999999999964029
0.14285714285714285,0.14285714285714285,0.14285714285714285,0.14285714285714285,0.14285714285714285,0.14285714285714285,0.14285714285714285,0.0,FN,0.9999999999964029
0.24868241732432256,0.15392833343526938,0.026365399204860734,0.2734721423145587,0.0897449946711961,0.14032062090505845,0.06748609214473412,0.0,FN,0.9036301493182869
0.14285714285714285,0.14285714285714285,0.14285714285714285,0.14285714285714285,0.14285714285714285,0.14285714285714285,0.14285714285714285,0.0,FN,0.9999999999964029
0.14285714285714285,0.14285714285714285,0.14285714285714285,0.14285714285714285,0.14285714285714285,0.14285714285714285,0.14285714285714285,0.0,FN,0.9999999999964029
0.14285714285714285,0.14285714285714285,0.14285714285714285,0.14285714285714285,0.14285714285714285,0.14285714285714285,0.14285714285714285,0.0,FN,0.9999999999964029
0.14285714285714285,0.14285714285714285,0.14285714285714285,0.14285714285714285,0.14285714285714285,0.14285714285714285,0.14285714285714285,0.0,FN,0.9999999999964029
0.14285714285714285,0.14285714285714285,0.14285714285714285,0.14285714285714285,0.14285714285714285,0.14285714285714285,0.14285714285714285,0.0,FN,0.9999999999964029
0.14285714285714285,0.14285714285714285,0.14285714285714285,0.14285714285714285,0.14285714285714285,0.14285714285714285,0.14285714285714285,0.0,FN,0.9999999999964029
0.013395861102574645,0.0005946183009071309,0.07223169992139168,0.10515256102214476,0.0019514925109963518,0.4521955219107398,0.16130812421770804,0.19317012101353753,FN,0.7077892861546189
0.08706359810119872,0.15140983075063036,0.19747572935374685,0.10308974233573383,0.004961896223709996,0.06821791944625263,0.21537085073744583,0.17241043305128187,FN,0.9118694441271226
0.14285714285714285,0.14285714285714285,0.14285714285714285,0.14285714285714285,0.14285714285714285,0.14285714285714285,0.14285714285714285,0.0,FN,0.9999999999964029
0.14285714285714285,0.14285714285714285,0.14285714285714285,0.14285714285714285,0.14285714285714285,0.14285714285714285,0.14285714285714285,0.0,FN,0.9999999999964029
0.20363817960895703,0.14496794002851074,0.09936751742181384,0.19864739686358707,0.035468360484231014,0.3124054330139285,0.005505172578971833,0.0,FN,0.8556776836111186
0.14285714285714285,0.14285714285714285,0.14285714285714285,0.14285714285714285,0.14285714285714285,0.14285714285714285,0.14285714285714285,0.0,FN,0.9999999999964029
0.14285714285714285,0.14285714285714285,0.14285714285714285,0.14285714285714285,0.14285714285714285,0.14285714285714285,0.14285714285714285,0.0,FN,0.9999999999964029
0.14285714285714285,0.14285714285714285,0.14285714285714285,0.14285714285714285,0.14285714285714285,0.14285714285714285,0.14285714285714285,0.0,FN,0.9999999999964029
0.0004948269833920415,0.014303652573126538,0.19162563005340758,0.2453676488243304,0.3649377635612887,0.08910902193493615,0.09416145606951874,0.0,FN,0.7871214970985746
0.08425714096427431,0.04358050639643314,0.17689206071541802,0.036244311225404995,0.03540469976513132,0.21934375854846588,0.40427752238487236,0.0,FN,0.8164971457879447
0.14285714285714285,0.14285714285714285,0.14285714285714285,0.14285714285714285,0.14285714285714285,0.14285714285714285,0.14285714285714285,0.0,FN,0.9999999999964029
0.14285714285714285,0.14285714285714285,0.14285714285714285,0.14285714285714285,0.14285714285714285,0.14285714285714285,0.14285714285714285,0.0,FN,0.9999999999964029
0.14285714285714285,0.14285714285714285,0.14285714285714285,0.14285714285714285,0.14285714285714285,0.14285714285714285,0.14285714285714285,0.0,FN,0.9999999999964029
0.17927553432033627,0.009948268317729271,0.1165506168155181,0.0404891085563854,0.18495299557483436,0.14610163828463513,0.08277168195535618,0.23991015617520528,FN,0.9022756758220358
0.2752696674254563,0.061504513336867926,0.004543949488536795,0.07389193873320055,0.15730089289441637,0.3445735445090652,0.08291549361245691,0.0,FN,0.8264229787539272
0.0006311040292796869,0.09560962985340878,0.04132124146665459,0.4671351628876224,0.05819601971069816,0.010654649034336402,0.048355676476244974,0.278096516541755,FN,0.6889298579546743
0.12772016526466298,0.004065288871683362,0.033864017175551986,0.3515735365688954,0.15667285015247728,0.29770426598411726,0.028399875982611768,0.0,FN,0.7809398780048797
0.14285714285714285,0.14285714285714285,0.14285714285714285,0.14285714285714285,0.14285714285714285,0.14285714285714285,0.14285714285714285,0.0,FN,0.9999999999964029
0.14285714285714285,0.14285714285714285,0.14285714285714285,0.14285714285714285,0.14285714285714285,0.14285714285714285,0.14285714285714285,0.0,FN,0.9999999999964029
0.14285714285714285,0.14285714285714285,0.14285714285714285,0.14285714285714285,0.14285714285714285,0.14285714285714285,0.14285714285714285,0.0,FN,0.9999999999964029
0.18592866462565394,0.04157898142193858,0.0009413235436528392,0.030280905253414238,0.22132917426840445,0.2984748058070028,0.22146614507993317,0.0,FN,0.8150494440212384
0.14285714285714285,0.14285714285714285,0.14285714285714285,0.14285714285714285,0.14285714285714285,0.14285714285714285,0.14285714285714285,0.0,FN,0.9999999999964029
0.14285714285714285,0.14285714285714285,0.14285714285714285,0.14285714285714285,0.14285714285714285,0.14285714285714285,0.14285714285714285,0.0,FN,0.9999999999964029
0.14285714285714285,0.14285714285714285,0.14285714285714285,0.14285714285714285,0.14285714285714285,0.14285714285714285,0.14285714285714285,0.0,FN,0.9999999999964029
0.14285714285714285,0.14285714285714285,0.14285714285714285,0.14285714285714285,0.14285714285714285,0.14285714285714285,0.14285714285714285,0.0,FN,0.9999999999964029
0.3217588120466795,0.05986715597599018,0.15663727360361399,0.07227330206522477,0.09281014870497008,0.2620485814607624,0.03460472614275918,0.0,FN,0.8744786386567251
0.0028541420635397013,0.0955855698276147,0.0393308149983125,0.41943093459000863,0.1161638864849904,0.14380397353860586,0.010684300629345387,0.1721463778675828,FN,0.7757589422106889
0.0023676656790331744,0.06629725046331772,0.05558950661026682,0.2890401817132407,0.04817229078467212,0.32532723025196414,0.02592985782470314,0.18727601667280191,FN,0.7855285868763283
0.09188282603901197,0.05920318343171324,0.05389317571407647,0.025903416774730226,0.2917193332414726,0.3029528178714021,0.1744452469275933,0.0,FN,0.855393111383078
0.14285714285714285,0.14285714285714285,0.14285714285714285,0.14285714285714285,0.14285714285714285,0.14285714285714285,0.14285714285714285,0.0,FN,0.9999999999964029
0.14285714285714285,0.14285714285714285,0.14285714285714285,0.14285714285714285,0.14285714285714285,0.14285714285714285,0.14285714285714285,0.0,FN,0.9999999999964029
0.14285714285714285,0.14285714285714285,0.14285714285714285,0.14285714285714285,0.14285714285714285,0.14285714285714285,0.14285714285714285,0.0,FN,0.9999999999964029
0.23553612374461005,0.25131468692255954,0.030798492435312665,0.15580038666899332,0.02510056107682,0.1257604957152351,0.03348162447893371,0.14220762895753555,FN,0.8794800771193276
0.14285714285714285,0.14285714285714285,0.14285714285714285,0.14285714285714285,0.14285714285714285,0.14285714285714285,0.14285714285714285,0.0,FN,0.9999999999964029
0.3172058792550322,0.011454286259002156,0.18692181178828923,0.0750743722365125,0.07092664642623028,0.18631687145362308,0.0027405679625219738,0.14935956461878874,FN,0.8291593972336841
0.01979060536167097,0.15098742948368546,0.001703314814652487,0.38153696481218435,0.3890073025204935,0.05656845862894063,0.000405924378372741,0.0,FN,0.6549654746069988
0.14285714285714285,0.14285714285714285,0.14285714285714285,0.14285714285714285,0.14285714285714285,0.14285714285714285,0.14285714285714285,0.0,FN,0.9999999999964029
0.14285714285714285,0.14285714285714285,0.14285714285714285,0.14285714285714285,0.14285714285714285,0.14285714285714285,0.14285714285714285,0.0,FN,0.9999999999964029
0.14285714285714285,0.14285714285714285,0.14285714285714285,0.14285714285714285,0.14285714285714285,0.14285714285714285,0.14285714285714285,0.0,FN,0.9999999999964029
0.14285714285714285,0.14285714285714285,0.14285714285714285,0.14285714285714285,0.14285714285714285,0.14285714285714285,0.14285714285714285,0.0,FN,0.9999999999964029
0.23958299053806234,0.013073062391847105,0.31757035014032015,0.01687898872959756,0.16053189936414913,0.0676581155371666,0.04132443842146311,0.14338015487739394,FN,0.8262922637498666
0.14004853062446507,0.3340790343699826,0.08335096837013765,0.06940901553153034,0.14822780369773522,0.1864443619391495,0.038440285466999596,0.0,FN,0.9020115705580046
0.12570100333691003,0.14852120049251602,0.07540160990054814,0.027109815871237477,0.074565892618393,0.028239078561370753,0.010632035301403137,0.5098293639176216,FN,0.7322714824773184
0.03592403450919453,0.3459442183051726,0.024130789150370327,0.17012279633553043,0.3895020267539723,0.02041509343691944,0.013961041508840574,0.0,FN,0.7113587778803977
0.14285714285714285,0.14285714285714285,0.14285714285714285,0.14285714285714285,0.14285714285714285,0.14285714285714285,0.14285714285714285,0.0,FN,0.9999999999964029
0.14285714285714285,0.14285714285714285,0.14285714285714285,0.14285714285714285,0.14285714285714285,0.14285714285714285,0.14285714285714285,0.0,FN,0.9999999999964029
0.05605499165248699,0.03094155937160849,0.2705820868884387,0.41844909866861846,0.13304706754152196,0.030321869859140125,0.032849385201207566,0.02775394081697756,FN,0.7566288819680103
0.076034719746167,0.3247808353708119,0.14505978704461692,0.09443778583567286,0.040333188252623046,0.003918115179983184,0.17504265879118394,0.140392909778941,FN,0.8636750215231302
0.14285714285714285,0.14285714285714285,0.14285714285714285,0.14285714285714285,0.14285714285714285,0.14285714285714285,0.14285714285714285,0.0,FN,0.9999999999964029
0.08143051315511904,0.2510129295652032,0.16057536015146315,0.009533485485451241,0.011491896600814826,0.34104546778664824,0.14491034725530033,0.0,FN,0.8157394161115058
0.12480196473648733,0.00274179921516477,0.026355670950352978,0.009714296229673378,0.49237455335323377,0.0842066424528058,0.226669313719218,0.03313575934306408,FN,0.6844612532314562
0.14285714285714285,0.14285714285714285,0.14285714285714285,0.14285714285714285,0.14285714285714285,0.14285714285714285,0.14285714285714285,0.0,FN,0.9999999999964029
0.14285714285714285,0.14285714285714285,0.14285714285714285,0.14285714285714285,0.14285714285714285,0.14285714285714285,0.14285714285714285,0.0,FN,0.9999999999964029
0.14285714285714285,0.14285714285714285,0.14285714285714285,0.14285714285714285,0.14285714285714285,0.14285714285714285,0.14285714285714285,0.0,FN,0.9999999999964029
0.14285714285714285,0.14285714285714285,0.14285714285714285,0.14285714285714285,0.14285714285714285,0.14285714285714285,0.14285714285714285,0.0,FN,0.9999999999964029
0.5526283256362753,0.07743379863707975,0.015214751987784518,0.0028939650880455904,0.24269065178362614,0.022221912117215945,0.055719001557952695,0.03119759319202006,FN,0.626965873214624
0.14285714285714285,0.14285714285714285,0.14285714285714285,0.14285714285714285,0.14285714285714285,0.14285714285714285,0.14285714285714285,0.0,FN,0.9999999999964029
0.14285714285714285,0.14285714285714285,0.14285714285714285,0.14285714285714285,0.14285714285714285,0.14285714285714285,0.14285714285714285,0.0,FN,0.9999999999964029
0.038756735972962,0.28387825436971575,0.2098289695911877,0.019041699919421735,0.144060251041469,0.19428957486738183,0.11014451423786203,0.0,FN,0.8874642182960385
0.14285714285714285,0.14285714285714285,0.14285714285714285,0.14285714285714285,0.14285714285714285,0.14285714285714285,0.14285714285714285,0.0,FN,0.9999999999964029
0.460396641227892,0.10510959752227542,0.26374527190158664,0.08514476729870336,0.07501076572385104,0.00786400716742886,0.0027289491582626665,0.0,FN,0.7213392765885553
0.14285714285714285,0.14285714285714285,0.14285714285714285,0.14285714285714285,0.14285714285714285,0.14285714285714285,0.14285714285714285,0.0,FN,0.9999999999964029
0.005717789476919039,0.2673752117539712,0.3243806969320448,0.12678728814304013,0.18394043641208685,0.013035868978939878,0.04714050462451086,0.03162220367848723,FN,0.7841046109363283
0.14285714285714285,0.14285714285714285,0.14285714285714285,0.14285714285714285,0.14285714285714285,0.14285714285714285,0.14285714285714285,0.0,FN,0.9999999999964029
0.14285714285714285,0.14285714285714285,0.14285714285714285,0.14285714285714285,0.14285714285714285,0.14285714285714285,0.14285714285714285,0.0,FN,0.9999999999964029
0.14285714285714285,0.14285714285714285,0.14285714285714285,0.14285714285714285,0.14285714285714285,0.14285714285714285,0.14285714285714285,0.0,FN,0.9999999999964029
0.14285714285714285,0.14285714285714285,0.14285714285714285,0.14285714285714285,0.14285714285714285,0.14285714285714285,0.14285714285714285,0.0,FN,0.9999999999964029
1.0707467994742673e-06,0.23455643108947422,0.09561930052259342,0.009271775122738952,0.4110322847621877,0.1863855779175911,0.016481323794906043,0.04665223604370883,FN,0.7200023846697252
0.14285714285714285,0.14285714285714285,0.14285714285714285,0.14285714285714285,0.14285714285714285,0.14285714285714285,0.14285714285714285,0.0,FN,0.9999999999964029
0.026444488897403723,0.14981864038751885,0.25548784903106775,0.21905241478745854,0.15000130965816297,0.11511351339302722,0.012375756275577958,0.07170602756978282,FN,0.884113092507504
0.14285714285714285,0.14285714285714285,0.14285714285714285,0.14285714285714285,0.14285714285714285,0.14285714285714285,0.14285714285714285,0.0,FN,0.9999999999964029
0.03745352021970661,0.009083025768711174,0.33855658378601694,0.34267685418869637,0.14768771603460645,0.03495737873209499,0.007545348397113363,0.08203957287305416,FN,0.7411246213969607
0.22712861170689588,0.11555914509210902,0.06184337898359476,0.08884885795457163,0.19581744395705974,0.1528752962461419,0.025106474343895117,0.132820791715732,FN,0.9330841691686392
0.14285714285714285,0.14285714285714285,0.14285714285714285,0.14285714285714285,0.14285714285714285,0.14285714285714285,0.14285714285714285,0.0,FN,0.9999999999964029
0.04364431865555353,0.05371045750979102,0.10000626553706032,0.5011014808009248,0.11204919972955048,0.019423800604474555,0.0015644178805013502,0.168500059282144,FN,0.7224163355915907
0.23115621030368466,0.07299724222350154,0.30091371172728937,0.09561658632874391,0.028833299747005672,0.18847837710135174,0.08200457256842317,0.0,FN,0.8928060797525211
0.14285714285714285,0.14285714285714285,0.14285714285714285,0.14285714285714285,0.14285714285714285,0.14285714285714285,0.14285714285714285,0.0,FN,0.9999999999964029
0.14285714285714285,0.14285714285714285,0.14285714285714285,0.14285714285714285,0.14285714285714285,0.14285714285714285,0.14285714285714285,0.0,FN,0.9999999999964029
0.012930771307281645,0.0640657959971103,0.03332918387157714,0.43439279225320776,0.014608400903192327,0.14673369771065256,0.2647920712773599,0.02914728667961835,FN,0.7242691145596454
0.13152458774368891,0.23928858346575535,0.06472769940514836,0.07778859198106959,0.15769254598637084,0.2121915684964101,0.11678642292155691,0.0,FN,0.9537311687993786
0.05006505540901413,0.05904137958423116,0.3056657681201241,0.07108093431140478,0.06108741368869918,0.14032741251721706,0.31273203636930963,0.0,FN,0.8618402410032966
0.060617992511898526,0.06039068958482069,0.3329853032223407,0.11449260260070487,0.003413610863266987,0.23002073323942177,0.1980790679775465,0.0,FN,0.8386148915752071
0.14285714285714285,0.14285714285714285,0.14285714285714285,0.14285714285714285,0.14285714285714285,0.14285714285714285,0.14285714285714285,0.0,FN,0.9999999999964029
0.14285714285714285,0.14285714285714285,0.14285714285714285,0.14285714285714285,0.14285714285714285,0.14285714285714285,0.14285714285714285,0.0,FN,0.9999999999964029
0.14285714285714285,0.14285714285714285,0.14285714285714285,0.14285714285714285,0.14285714285714285,0.14285714285714285,0.14285714285714285,0.0,FN,0.9999999999964029
0.14285714285714285,0.14285714285714285,0.14285714285714285,0.14285714285714285,0.14285714285714285,0.14285714285714285,0.14285714285714285,0.0,FN,0.9999999999964029
0.14285714285714285,0.14285714285714285,0.14285714285714285,0.14285714285714285,0.14285714285714285,0.14285714285714285,0.14285714285714285,0.0,FN,0.9999999999964029
0.11653908359447401,0.20619807570021065,0.15631767293092458,0.010775844396062186,0.01055855933911777,0.07322105882783528,0.4263897052113754,0.0,FN,0.7800580950803471
0.14285714285714285,0.14285714285714285,0.14285714285714285,0.14285714285714285,0.14285714285714285,0.14285714285714285,0.14285714285714285,0.0,FN,0.9999999999964029
